{"type":"FeatureCollection","name":"cv","crs":{"type":"name","properties":{"name":"urn:ogc:def:crs:EPSG::31985"}},"features":[{"type":"Feature","properties":{"fid":1,"ID":0,"ELEV":50.5},"geometry":{"type":"LineString","coordinates":[[239563.4741532809,9208002.9338784],[239563.334873,9208002.791295962]]}},{"type":"Feature","properties":{"fid":2,"ID":1,"ELEV":51.0},"geometry":{"type":"LineString","coordinates":[[239604.83816715112,9208002.796989901],[239604.83816715112,9208002.796989901]]}},{"type":"Feature","properties":{"fid":3,"ID":2,"ELEV":53.5},"geometry":{"type":"LineString","coordinates":[[239651.5016366751,9207998.1427809],[239651.3541785,9207998.002092227],[239650.54054868146,9207998.1427809],[239651.5016366751,9207998.1427809]]}},{"type":"Feature","properties":{"fid":4,"ID":3,"ELEV":54.0},"geometry":{"type":"LineString","coordinates":[[239676.67855100002,9207998.02121922],[239664.76925150002,9207998.91742994],[239663.34244479376,9207999.2378889],[239664.2216975,9207999.796865372],[239664.64468152256,9207999.7854429],[239665.8643595,9207999.22153238],[239667.78079850003,9207999.5458736],[239668.6021295,9207999.942615885],[239671.8874535,9208000.08573153],[239673.2563385,9208000.711374091],[239676.67855100002,9208000.739411425]]}},{"type":"Feature","properties":{"fid":5,"ID":4,"ELEV":51.0},"geometry":{"type":"LineString","coordinates":[[239558.89852399795,9208002.3863244],[239556.19244590498,9207998.1427809],[239555.0682700575,9207994.8574569],[239553.8895665,9207994.478809271],[239553.205124,9207994.541145299]]}},{"type":"Feature","properties":{"fid":6,"ID":5,"ELEV":53.5},"geometry":{"type":"LineString","coordinates":[[239676.67855100002,9207993.745733583],[239672.70878450002,9207994.391772987],[239667.5070215,9207994.691474311],[239665.3168055,9207994.640832115],[239661.48392750003,9207994.968410058],[239654.9132795,9207996.629249616],[239652.0516560901,9207997.8690039],[239651.94428517987,9207998.1427809],[239653.2706175,9207998.842554804],[239657.6510495,9207999.37441519],[239659.84126550003,9208000.539979972],[239660.9363735,9208000.820282502],[239673.5301155,9208001.545180103],[239676.97464159728,9208001.5649934]]}},{"type":"Feature","properties":{"fid":7,"ID":6,"ELEV":55.5},"geometry":{"type":"LineString","coordinates":[[239713.364669,9207989.876471642],[239713.0069333652,9207990.3401364]]}},{"type":"Feature","properties":{"fid":8,"ID":7,"ELEV":55.0},"geometry":{"type":"LineString","coordinates":[[239714.733554,9207979.420775548],[239714.59666550002,9207979.420775548],[239711.9152869157,9207986.3703699],[239710.4900105,9207988.859012019],[239709.140241617,9207990.6139134]]}},{"type":"Feature","properties":{"fid":9,"ID":8,"ELEV":51.0},"geometry":{"type":"LineString","coordinates":[[239553.75267800002,9207982.215578284],[239554.16334350003,9207982.379736576],[239554.3188758503,9207982.2637149],[239553.8895665,9207979.127479162],[239553.75267800002,9207979.127479162]]}},{"type":"Feature","properties":{"fid":10,"ID":9,"ELEV":55.0},"geometry":{"type":"LineString","coordinates":[[239715.00733100003,9207978.51156243],[239714.87044250002,9207978.51156243],[239714.74698444945,9207979.1152794]]}},{"type":"Feature","properties":{"fid":11,"ID":10,"ELEV":56.0},"geometry":{"type":"LineString","coordinates":[[239727.55213392,9207977.4726174],[239728.0117385,9207976.399072368],[239728.83306950002,9207975.778742997],[239732.3921705,9207975.569317326],[239734.3086095,9207976.130128698],[239736.94640114656,9207977.7463944]]}},{"type":"Feature","properties":{"fid":12,"ID":11,"ELEV":57.0},"geometry":{"type":"LineString","coordinates":[[239776.05960200002,9207970.198285889],[239770.1733965,9207971.162287414],[239765.11175558664,9207971.5864119],[239765.1102426655,9207971.8601889],[239766.34051850002,9207972.345009603],[239770.02771541374,9207972.9552969],[239771.14871146446,9207973.5028509],[239773.45872050003,9207975.113013115],[239776.33337900002,9207975.763081351]]}},{"type":"Feature","properties":{"fid":13,"ID":12,"ELEV":56.5},"geometry":{"type":"LineString","coordinates":[[239776.33337900002,9207966.331167031],[239774.8276055,9207966.672146766],[239763.05519450002,9207967.603832176],[239756.75832350002,9207968.450232733],[239755.11566150002,9207968.859956136],[239754.2943305,9207969.444773344],[239752.0644868567,9207970.4913039],[239751.56558038594,9207971.5864119],[239751.6285677719,9207971.8601889],[239753.63506137635,9207974.3241819],[239755.11566150002,9207975.328763101],[239759.60219846174,9207977.6095059],[239760.56538919162,9207978.2939484]]}},{"type":"Feature","properties":{"fid":14,"ID":13,"ELEV":49.0},"geometry":{"type":"LineString","coordinates":[[239585.10014450003,9207965.834477184],[239585.9214755,9207965.946873646],[239587.99612945088,9207966.9322029],[239589.72984681028,9207968.5748649],[239591.10526960512,9207970.4913039],[239593.20848355995,9207974.8717359],[239594.21165810231,9207979.2521679],[239594.22449716716,9207982.8112689],[239593.27133999977,9207986.6441469],[239591.0978125131,9207993.4885719],[239591.2140562089,9207995.9525649],[239590.8313557144,9207997.3214499],[239589.4805765,9207998.207015408],[239587.8379145,9207998.341529528],[239585.37392150002,9207997.382374726],[239584.57583286936,9207996.5001189],[239583.83407233204,9207995.1312339],[239582.84631333634,9207992.3934639],[239578.82171257184,9207985.5490389],[239576.8328850912,9207980.6210529],[239576.2631032931,9207978.1570599],[239576.27650091427,9207975.4192899],[239576.77996918562,9207973.5028509],[239577.72925037626,9207971.5864119],[239579.00440353292,9207969.6699729],[239580.71971250002,9207967.722195236],[239582.36237450002,9207966.572074948],[239584.00503650002,9207965.909954907],[239585.10014450003,9207965.834477184]]}},{"type":"Feature","properties":{"fid":15,"ID":14,"ELEV":56.5},"geometry":{"type":"LineString","coordinates":[[239783.45158100003,9207961.166398007],[239780.80304364982,9207964.0575444]]}},{"type":"Feature","properties":{"fid":16,"ID":15,"ELEV":49.5},"geometry":{"type":"LineString","coordinates":[[239576.24357570277,9208003.7552094],[239573.47948056698,9208000.8805509],[239572.04512348684,9207998.4165579],[239571.4845318676,9207995.9525649],[239570.98895387116,9207989.9294709],[239570.53698463674,9207986.9179239],[239568.4671317093,9207979.5259449],[239568.19010049835,9207977.0619519],[239568.2636847775,9207975.1455129],[239568.78656958308,9207972.9552969],[239569.97168671884,9207970.2175269],[239572.78017950003,9207966.314085247],[239575.5179495,9207961.742838766],[239576.89120674567,9207960.0877779],[239580.71971250002,9207956.124822538],[239583.1837055,9207954.194893705],[239587.01658350002,9207952.704460647],[239588.93302250002,9207952.965702191],[239590.30190750002,9207953.981762243],[239591.94456950002,9207955.801845632],[239593.4090189174,9207957.8975619],[239594.64203198758,9207960.0877779],[239595.7774475,9207962.699162576],[239596.53522714216,9207965.0157639],[239599.65214940175,9207975.9668439],[239600.27658607208,9207978.9783909],[239600.5142313962,9207984.1801539],[239599.25735618896,9207992.3934639],[239597.4201095,9207997.369646903],[239595.8119947486,9208000.8805509],[239595.2298935,9208001.888120977],[239593.8610085,9208003.341240557],[239592.85941280867,9208004.0289864]]}},{"type":"Feature","properties":{"fid":17,"ID":16,"ELEV":56.5},"geometry":{"type":"LineString","coordinates":[[239789.74845200003,9207951.112161087],[239789.61156350002,9207951.112161087],[239788.6132135845,9207953.2433529],[239785.36802000002,9207957.83016551]]}},{"type":"Feature","properties":{"fid":18,"ID":17,"ELEV":51.5},"geometry":{"type":"LineString","coordinates":[[239546.908253,9207949.932918064],[239547.1850782315,9207949.6842519],[239547.12131404624,9207948.1784784]]}},{"type":"Feature","properties":{"fid":19,"ID":18,"ELEV":57.0},"geometry":{"type":"LineString","coordinates":[[239795.1229316078,9207948.3153669],[239795.1229316078,9207948.3153669]]}},{"type":"Feature","properties":{"fid":20,"ID":19,"ELEV":57.0},"geometry":{"type":"LineString","coordinates":[[239796.2203099175,9207946.9464819],[239796.1822115,9207946.775611069],[239795.62854346947,9207947.4940359],[239796.2203099175,9207946.9464819]]}},{"type":"Feature","properties":{"fid":21,"ID":20,"ELEV":56.5},"geometry":{"type":"LineString","coordinates":[[239814.66215900003,9207940.810440242],[239813.7039395,9207941.858266626],[239811.62580900535,9207943.1136039],[239809.32350750003,9207943.757392079],[239807.1332915,9207943.893608628],[239805.4906295,9207943.73492968],[239804.1217445,9207943.3723913],[239803.02663650003,9207942.59341192],[239802.2053055,9207941.591485059],[239800.01508950003,9207940.619978782],[239797.8248735,9207940.58154752],[239795.90843450002,9207941.193564601],[239794.8133265,9207941.916248687],[239792.8968875,9207944.057319071],[239791.5280025,9207946.42245495],[239790.02644631107,9207950.3686944]]}},{"type":"Feature","properties":{"fid":22,"ID":21,"ELEV":50.0},"geometry":{"type":"LineString","coordinates":[[239568.24382306388,9208003.2076554],[239564.8406465,9207998.423487308],[239564.27721881343,9207996.5001189],[239563.91254852255,9207994.5836799],[239563.53986180905,9207986.0965929],[239562.08751113212,9207976.7881749],[239562.01130958268,9207974.5979589],[239562.5004975673,9207968.8486419],[239563.81738412406,9207964.1944329],[239564.72034938968,9207956.8024539],[239565.6619775,9207952.721223682],[239566.26724967305,9207950.7793599],[239566.7295151037,9207950.2318059],[239573.8752875,9207945.33857819],[239576.5492332369,9207942.5660499],[239578.8032735,9207940.570172114],[239580.71971250002,9207939.188927226],[239583.4574825,9207937.860892331],[239585.9214755,9207937.18823308],[239587.01658350002,9207937.102637742],[239589.7543535,9207937.320994768],[239591.94456950002,9207938.36663493],[239593.31345450002,9207939.474248104],[239594.68233950002,9207941.165867897],[239596.51496220392,9207944.4824889],[239601.7609014144,9207958.1713389],[239603.425463134,9207963.0993249],[239606.32409759524,9207978.4308369],[239606.50622290027,9207981.1686069],[239606.33440946456,9207984.1801539],[239605.9501840116,9207986.0965929],[239602.03025428383,9207995.9525649],[239599.94863509398,9208000.3329969],[239597.97658140483,9208003.7552094]]}},{"type":"Feature","properties":{"fid":23,"ID":22,"ELEV":56.0},"geometry":{"type":"LineString","coordinates":[[239817.399929,9207928.867015773],[239814.1187145715,9207933.2576319],[239812.88260850002,9207934.114642063],[239811.23994650002,9207934.719089357],[239808.22839950002,9207934.988881407],[239804.3955215,9207934.088190593],[239803.02663650003,9207933.571612865],[239799.1937585,9207933.051852737],[239795.90843450002,9207933.582877142],[239792.34933350002,9207935.849665642],[239790.62358226784,9207937.6380639],[239788.5164555,9207940.719897525],[239786.58786572304,9207945.8513739],[239784.39731489943,9207950.2318059],[239781.87610067104,9207954.3384609],[239781.13560326578,9207955.9811229],[239778.58384831526,9207959.8140009],[239776.47685791928,9207961.4566629],[239774.8276055,9207962.157194795],[239773.73249750002,9207962.335997501],[239767.70940350002,9207962.52975441],[239758.40098550002,9207963.372459935],[239754.5681075,9207963.897382427],[239746.3547975,9207965.729886562],[239741.42681150002,9207966.39059442],[239739.51037250002,9207966.211246716],[239735.12994050002,9207967.048279407],[239731.86117636028,9207968.8486419],[239727.79179177165,9207971.5864119],[239724.7264145,9207974.991032304],[239723.43341159695,9207977.1988404]]}},{"type":"Feature","properties":{"fid":24,"ID":23,"ELEV":53.5},"geometry":{"type":"LineString","coordinates":[[239519.94278450994,9207920.2532244],[239520.49462987453,9207916.8310119],[239520.38086672503,9207913.8194649],[239519.6674415,9207908.606687883],[239518.19076243226,9207909.4390329],[239517.58748223324,9207910.8079179],[239517.24028573622,9207914.6407959],[239516.89268836332,9207916.2834579],[239517.01761118812,9207919.4318934]]}},{"type":"Feature","properties":{"fid":25,"ID":24,"ELEV":55.5},"geometry":{"type":"LineString","coordinates":[[239821.780361,9207907.62601884],[239819.65264737353,9207911.3554719],[239817.7284493817,9207913.8194649],[239816.1636673735,9207917.3785659],[239814.52527050002,9207920.503882453],[239812.60883150002,9207922.931389814],[239811.51372350001,9207923.946614118],[239809.87106150002,9207923.478756968],[239809.0497305,9207923.43371038],[239804.94307550002,9207921.026109807],[239803.30041350002,9207920.471101288],[239801.65775150002,9207920.642705379],[239799.1937585,9207921.446675045],[239796.72976550003,9207922.349513829],[239794.26577250002,9207923.646080201],[239789.8853405,9207926.552562749],[239787.69512450002,9207928.481793022],[239785.69317681168,9207930.5198619],[239781.94580750001,9207935.390804311],[239778.38670650002,9207938.881728651],[239771.2685045,9207943.083252134],[239767.70940350002,9207945.625013456],[239761.41253250002,9207952.854846355],[239760.2000915,9207954.0646839],[239757.85343150003,9207955.920253772],[239754.84188450003,9207957.201957164],[239752.10411450002,9207957.881604392],[239749.6401215,9207958.818268567],[239736.49882550002,9207961.63835461],[239732.3921705,9207962.8028381],[239728.83306950002,9207964.506509468],[239725.27396850003,9207967.204574605],[239722.53619850002,9207970.511738693],[239719.98386767547,9207974.8717359],[239719.0334765203,9207977.4726174]]}},{"type":"Feature","properties":{"fid":26,"ID":25,"ELEV":53.0},"geometry":{"type":"LineString","coordinates":[[239502.830156,9207902.439431742],[239504.18854725917,9207905.3323779],[239505.7048145,9207907.281070082],[239507.34747650003,9207908.522920808],[239511.4541315,9207910.585529946],[239513.0967935,9207912.020259948],[239514.19190150002,9207914.678365842],[239515.25112552274,9207919.1581164]]}},{"type":"Feature","properties":{"fid":27,"ID":26,"ELEV":55.0},"geometry":{"type":"LineString","coordinates":[[239824.791908,9207893.857906617],[239819.4532565,9207899.790056782],[239816.25256723442,9207902.8683849],[239814.52527050002,9207904.081119416],[239812.0612775,9207905.443488345],[239809.32350750003,9207906.556049388],[239803.30041350002,9207908.321264932],[239797.00354250002,9207910.510641852],[239789.3143681852,9207913.5456879],[239783.31469250002,9207916.189492065],[239775.64893650002,9207920.15581921],[239769.6258425,9207923.565795107],[239761.41253250002,9207929.221172465],[239754.0205535,9207935.341543358],[239749.19197101166,9207940.1020569],[239745.9362274833,9207944.4824889],[239745.2596895,9207945.837238675],[239744.1376938701,9207949.1366979],[239743.10175528377,9207951.0531369],[239740.87925750003,9207953.296081217],[239739.23659550003,9207954.366530398],[239731.2970625,9207956.093414247],[239726.6428535,9207958.12558677],[239724.7264145,9207959.318556402],[239721.2502186942,9207962.2779939],[239718.97231453354,9207965.2895409],[239717.33443550003,9207968.857252024],[239715.12627590157,9207977.7463944]]}},{"type":"Feature","properties":{"fid":28,"ID":27,"ELEV":53.0},"geometry":{"type":"LineString","coordinates":[[239524.6695612682,9207922.1696634],[239523.92899749576,9207909.4390329],[239523.4887737776,9207906.4274859],[239522.07075159694,9207902.3208309],[239519.6674415,9207897.941260375],[239515.28700950003,9207894.32550815],[239508.424928065,9207890.2746429],[239504.199041,9207887.44768981]]}},{"type":"Feature","properties":{"fid":29,"ID":28,"ELEV":54.5},"geometry":{"type":"LineString","coordinates":[[239827.25590100003,9207882.719106387],[239821.91724950002,9207887.399624545],[239819.7270335,9207888.83092102],[239816.16793250002,9207890.572058287],[239813.4301625,9207891.731381714],[239795.14122220932,9207898.4879529],[239778.38670650002,9207903.525198529],[239771.3985367539,9207906.7012629],[239766.90161324808,9207909.1652559],[239761.13875550003,9207912.899373068],[239749.79810108955,9207920.9376669],[239743.89080450003,9207925.821520893],[239733.7610555,9207935.1257328],[239731.2970625,9207937.000565872],[239726.91663050003,9207939.694040855],[239722.80997550001,9207942.910591295],[239721.16731350002,9207944.446443025],[239718.7033205,9207947.272029856],[239714.87044250002,9207953.767541887],[239712.49858078445,9207958.9926699],[239711.40188691966,9207962.2779939],[239710.8574891201,9207964.7419869],[239710.4683682988,9207969.9437499],[239710.83585756604,9207974.8717359],[239708.72760790712,9207985.5490389],[239708.24657989814,9207986.9179239],[239706.63724998495,9207989.1081399],[239704.3610642241,9207990.6139134]]}},{"type":"Feature","properties":{"fid":30,"ID":29,"ELEV":52.5},"geometry":{"type":"LineString","coordinates":[[239533.1400713391,9207924.9074334],[239531.16607550002,9207921.692082182],[239530.1080476389,9207919.5687819],[239529.56877130072,9207917.6523429],[239529.28704056834,9207915.4621269],[239529.31539642785,9207909.9865869],[239528.4982165901,9207904.7848239],[239526.57105892574,9207899.8568379],[239524.29661560964,9207895.7501829],[239521.85765750002,9207893.075934682],[239519.6674415,9207891.300190635],[239517.4772255,9207889.888330877],[239511.96737895932,9207886.9893189],[239509.8114695,9207885.656367637],[239505.56792600002,9207882.364682863]]}},{"type":"Feature","properties":{"fid":31,"ID":30,"ELEV":52.0},"geometry":{"type":"LineString","coordinates":[[239542.14714060002,9207927.918980401],[239540.74827050001,9207923.585630573],[239538.5749263089,9207918.4736739],[239537.83862384097,9207916.2834579],[239537.3916592905,9207913.5456879],[239536.997215727,9207906.9750399],[239536.20396174098,9207903.4159389],[239534.2537973678,9207898.7617299],[239532.12876743643,9207894.6550749],[239530.7369093367,9207892.4648589],[239528.4283055,9207889.493932864],[239526.2425037748,9207887.2630959],[239523.50031950002,9207885.12141965],[239520.3009681555,9207883.4302179],[239512.27546250002,9207880.465584876],[239510.3590235,9207879.434280662],[239508.4425845,9207877.859150968],[239506.93681100002,9207876.257206233]]}},{"type":"Feature","properties":{"fid":32,"ID":31,"ELEV":54.0},"geometry":{"type":"LineString","coordinates":[[239830.81500200002,9207872.30027817],[239827.6665665,9207875.002020866],[239826.0239045,9207876.075265072],[239822.19102650002,9207877.78537869],[239818.0843715,9207879.149378678],[239803.8479675,9207883.217095459],[239778.9342605,9207891.018881459],[239772.6373895,9207892.575450025],[239767.70940350002,9207894.444544159],[239762.78141750002,9207896.978991313],[239758.12720850002,9207899.88287058],[239753.19922250003,9207903.285428718],[239745.80724350002,9207909.054140976],[239742.79569650002,9207910.916706529],[239740.6054805,9207911.897624858],[239737.86771050002,9207912.65373076],[239735.12994050002,9207912.838842256],[239729.3806235,9207914.10005495],[239723.3575295,9207917.666417265],[239719.52465150002,9207922.771686804],[239715.96555050003,9207926.013308933],[239709.4891202518,9207932.9838549],[239708.35088913023,9207935.1740709],[239707.55945623666,9207937.9118409],[239706.97033017655,9207941.4709419],[239704.70309736268,9207950.5055829],[239700.40667578258,9207964.7419869],[239699.97438614702,9207966.9322029],[239699.7843704257,9207969.122418901],[239699.84122017038,9207971.8601889],[239700.62489721063,9207980.894829901],[239700.2580051813,9207983.6325999],[239699.32289660285,9207985.5490389],[239698.40045188615,9207986.3703699],[239697.1139330974,9207988.0130319],[239693.55897363237,9207990.8876904]]}},{"type":"Feature","properties":{"fid":33,"ID":32,"ELEV":51.5},"geometry":{"type":"LineString","coordinates":[[239547.18203000003,9207943.606528567],[239547.3189185,9207943.606528567],[239547.8107731759,9207942.2922729],[239548.41255522202,9207938.4593949],[239548.87925838245,9207929.4247539],[239548.44074086368,9207923.1278829],[239547.74135726583,9207918.7474509],[239547.58472317175,9207915.7359039],[239547.931118324,9207913.5456879],[239549.323736172,9207909.4390329],[239549.60791465573,9207907.2488169],[239549.58629174504,9207903.9634929],[239549.32855584525,9207902.5946079],[239548.51277322305,9207900.4043919],[239547.45232780062,9207898.4879529],[239544.827894656,9207894.9288519],[239534.58657463934,9207882.8826639],[239532.53496050002,9207880.744159233],[239530.29907796308,9207878.7760089],[239526.7856435,9207876.263383362],[239523.7740965,9207874.69105667],[239520.21499550002,9207873.657238018],[239515.83456350002,9207872.853787338],[239513.64434750003,9207872.215044979],[239511.29499786926,9207871.1102529],[239508.85325000001,9207869.170248628]]}},{"type":"Feature","properties":{"fid":34,"ID":33,"ELEV":53.5},"geometry":{"type":"LineString","coordinates":[[239833.55277200002,9207863.543064415],[239831.22566750002,9207864.958017917],[239828.7616745,9207866.072160933],[239823.55991150002,9207867.428585816],[239818.0843715,9207868.356658114],[239808.22839950002,9207871.140883084],[239798.91998150002,9207873.21403135],[239784.40980050003,9207876.945181536],[239771.2685045,9207879.079367736],[239768.80451150003,9207880.039719248],[239753.19922250003,9207888.571699725],[239749.09256750002,9207891.304905565],[239742.24814250003,9207896.670752117],[239740.6054805,9207896.744814398],[239737.86771050002,9207895.636900682],[239735.6774945,9207895.326936986],[239732.6659475,9207896.148551207],[239729.1068465,9207898.755817031],[239726.91663050003,9207900.693469048],[239720.89353650002,9207908.379990323],[239716.25931084572,9207915.4621269],[239714.99514186085,9207917.1047889],[239714.27372098123,9207917.9261199],[239708.8473485,9207922.310850738],[239706.65713250003,9207923.562716046],[239703.37180850003,9207924.87530968],[239695.70605250003,9207926.983385844],[239692.96828250002,9207927.978289083],[239690.2305125,9207929.359367296],[239686.39763450003,9207932.335857874],[239682.4593467481,9207936.5429559],[239681.1958715,9207938.12299374],[239679.8269865,9207940.460269798],[239678.02713196413,9207945.3038199],[239677.61685215382,9207950.5055829],[239678.0671931031,9207952.6957989],[239678.4803193879,9207953.7909069],[239680.72603066382,9207957.350007901],[239682.40621863998,9207960.9091089],[239683.0177829112,9207963.0993249],[239684.13160537343,9207969.6699729],[239684.83331794347,9207972.4077429],[239688.7696403697,9207981.9899379],[239688.8882400881,9207984.7277079],[239688.64615949543,9207986.3703699],[239687.7665195,9207987.700899668],[239684.70672198434,9207990.2032479],[239682.01720250002,9207992.04052811],[239679.68815063222,9207992.9410179],[239679.68815063222,9207993.0779064]]}},{"type":"Feature","properties":{"fid":35,"ID":34,"ELEV":51.0},"geometry":{"type":"LineString","coordinates":[[239552.0212731111,9207954.2015724],[239552.0254353978,9207949.9580289],[239552.27466815212,9207946.1251509],[239553.7276757819,9207939.2807259],[239553.4941916293,9207935.1740709],[239553.84207613213,9207933.2576319],[239554.9846745,9207929.768915664],[239559.35472690815,9207920.1163359],[239560.40878108036,9207916.8310119],[239562.47632305397,9207906.9750399],[239562.72080948937,9207902.8683849],[239562.16281450988,9207895.7501829],[239562.156231904,9207890.8221969],[239561.7117424465,9207888.9057579],[239559.36510650002,9207886.100538217],[239555.98427889537,9207883.7039949],[239552.52068150003,9207881.65003005],[239545.40247950002,9207878.351849118],[239541.0220475,9207875.86694638],[239533.3562915,9207869.899168812],[239530.9907683189,9207868.3724829],[239527.88075150002,9207866.825649604],[239524.59542750003,9207865.656337412],[239521.85765750002,9207865.019897237],[239516.3821175,9207864.258411663],[239514.19190150002,9207863.725843113],[239512.37400091442,9207862.8969429],[239510.3590235,9207861.476852283],[239509.400804,9207860.45466822]]}},{"type":"Feature","properties":{"fid":36,"ID":35,"ELEV":53.0},"geometry":{"type":"LineString","coordinates":[[239835.742988,9207856.588339178],[239832.0469985,9207858.327210844],[239829.58300550003,9207858.933432825],[239826.57145850002,9207859.133414946],[239820.82214150002,9207858.910017496],[239817.53681750002,9207859.144614274],[239814.52527050002,9207859.649591036],[239806.8595145,9207861.395008113],[239794.8133265,9207863.262354672],[239785.5049085,9207865.284057273],[239774.00627450002,9207866.980106015],[239769.07828850002,9207868.093008807],[239761.68630950002,9207870.387220249],[239755.38943850002,9207871.819831524],[239750.73522950002,9207873.461203974],[239749.3663445,9207874.11797714],[239744.9859125,9207877.503998838],[239741.57930946114,9207879.8711169],[239728.8073617635,9207887.536872901],[239725.55201123125,9207891.0959739],[239716.51310450002,9207902.396426043],[239714.85619343017,9207903.6897159],[239713.7753345,9207904.805066805],[239711.58511850002,9207906.433713347],[239708.02601750003,9207908.528995324],[239705.01447050003,9207909.887795532],[239700.0864845,9207911.710526448],[239692.1469515,9207914.111112671],[239686.39763450003,9207916.44439438],[239676.2678855,9207921.360052882],[239672.858231578,9207923.9492139],[239670.79234550003,9207926.40184492],[239669.93263353058,9207927.7820919],[239668.7361630258,9207930.5198619],[239667.82630467703,9207933.2576319],[239663.45922265464,9207952.4220219],[239663.14318857796,9207954.6122379],[239662.94676760296,9207958.7188929],[239663.46199647666,9207966.3846489],[239664.63612290795,9207970.4913039],[239665.6143262483,9207972.9552969],[239670.45317951567,9207983.3588229],[239670.8990555123,9207985.5490389],[239670.812332262,9207986.9179239],[239669.9710145,9207987.601799965],[239669.42346050002,9207988.38040278],[239667.44640201973,9207989.3819169],[239666.41191350002,9207989.456232734],[239663.67414350001,9207988.957599951],[239660.9363735,9207989.202130482],[239653.5443945,9207992.37623851],[239638.76043650002,9207997.98448981],[239638.18380456915,9207998.4165579],[239638.48665950002,9207998.658283355],[239639.58176750003,9207998.869958108],[239640.6768755,9207998.67042511],[239643.14086850002,9207998.928224],[239648.0529508848,9208000.0592199],[239660.38881950002,9208002.004801689],[239670.2447915,9208002.829398697],[239677.499882,9208003.754578814]]}},{"type":"Feature","properties":{"fid":37,"ID":36,"ELEV":50.5},"geometry":{"type":"LineString","coordinates":[[239563.2651013464,9208002.6601014],[239560.86069971317,9207998.9641119],[239559.7578023325,9207996.5001189],[239559.2131724734,9207994.3099029],[239558.80409400433,9207990.7508019],[239558.520362755,9207984.1801539],[239557.39805063006,9207973.2290739],[239557.2045285149,9207966.3846489],[239557.51518484112,9207957.6237849],[239557.2056804158,9207954.6122379],[239557.24066864492,9207951.8744679],[239557.96055022965,9207947.7678129],[239558.69274786487,9207945.3038199],[239562.44627825634,9207936.5429559],[239563.6422419103,9207934.626516901],[239565.21624350423,9207932.7100779],[239574.93048712998,9207921.7589979],[239576.9161250524,9207919.2950049],[239578.052804391,9207917.6523429],[239578.73623684383,9207916.0096809],[239578.98572503316,9207914.0932419],[239578.63583613787,9207912.1768029],[239577.49135317645,9207908.0701479],[239577.35098770796,9207906.1537089],[239578.0667124955,9207900.9519459],[239578.36311187508,9207895.7501829],[239578.10198599135,9207893.2861899],[239577.41255492714,9207890.5484199],[239575.5179495,9207886.600834817],[239573.88600512675,9207884.2515489],[239571.60068075027,9207881.5137789],[239566.2095315,9207877.024929386],[239559.36510650002,9207872.56872962],[239554.71089750002,9207870.041720985],[239548.9615805,9207867.440081477],[239542.6647095,9207865.237289954],[239540.47449350002,9207864.243087953],[239533.5242536895,9207860.4329499],[239528.7020825,9207858.172531063],[239523.7740965,9207856.436696032],[239518.29855650003,9207855.213713486],[239515.56078650002,9207854.295173854],[239513.4659425817,9207853.040970901],[239512.11208751204,9207851.8089744]]}},{"type":"Feature","properties":{"fid":38,"ID":37,"ELEV":52.5},"geometry":{"type":"LineString","coordinates":[[239838.75453500001,9207848.997542312],[239836.7012075,9207850.51498576],[239834.23721450003,9207851.355163528],[239832.59455250003,9207851.503841743],[239829.3092285,9207851.506199637],[239821.3696955,9207850.510837713],[239816.16793250002,9207850.252645686],[239810.96616950002,9207850.654525198],[239804.1217445,9207851.513801115],[239799.7413125,9207852.237318072],[239783.8622465,9207855.461833669],[239773.1849435,9207856.87245089],[239763.6027485,9207857.817722188],[239760.8649785,9207858.646334723],[239755.38943850002,9207860.68669268],[239750.18767550003,9207862.037999438],[239748.8684103209,9207862.8969429],[239742.85730987065,9207868.3724829],[239726.91663050003,9207881.412685703],[239718.97709750003,9207888.639338931],[239715.6917735,9207891.209010324],[239712.1326725,9207893.499930754],[239708.29979450002,9207895.515375823],[239685.8500805,9207905.8887269],[239672.43500750003,9207911.375934184],[239667.23843313882,9207914.0932419],[239664.49547450003,9207915.944561876],[239663.12658950003,9207917.362420077],[239661.93697613242,9207919.0212279],[239660.5630183865,9207921.7589979],[239655.90505432058,9207935.4478479],[239655.1768617486,9207938.1856179],[239654.44576027888,9207943.3873809],[239653.99208062055,9207954.6122379],[239652.60137453556,9207973.5028509],[239652.44375978675,9207976.5143979],[239652.7258580934,9207981.1686069],[239652.64731790195,9207982.5374919],[239652.47153145107,9207983.9063769],[239651.7729406842,9207986.0965929],[239651.3541785,9207986.928018922],[239650.30063990573,9207987.7392549],[239643.91684812892,9207991.0245789],[239632.18978850002,9207995.592698773],[239627.86297695307,9207996.7738959],[239628.3569105,9207997.497465057],[239630.11950985398,9207998.4165579],[239635.47511250002,9208000.126944011],[239656.37458357206,9208003.618320901],[239656.37458357206,9208003.7552094]]}},{"type":"Feature","properties":{"fid":39,"ID":38,"ELEV":50.0},"geometry":{"type":"LineString","coordinates":[[239512.89853198832,9207841.4054484],[239512.686128,9207841.206211006]]}},{"type":"Feature","properties":{"fid":40,"ID":39,"ELEV":50.0},"geometry":{"type":"LineString","coordinates":[[239510.10944435385,9207839.2152324],[239509.38383870365,9207838.3939014]]}},{"type":"Feature","properties":{"fid":41,"ID":40,"ELEV":52.0},"geometry":{"type":"LineString","coordinates":[[239843.956298,9207836.172627626],[239837.79631550002,9207841.21128983],[239835.0585455,9207842.36349285],[239832.86832950002,9207842.462010324],[239823.83368850002,9207841.155264743],[239816.98926350003,9207840.495407535],[239811.7875005,9207840.378239203],[239806.8595145,9207840.63520104],[239801.1101975,9207841.638426641],[239789.33778650002,9207845.059270268],[239782.4933615,9207846.661739465],[239776.47026750003,9207847.529305812],[239765.5191875,9207847.9401543],[239764.70570271905,9207848.1129849],[239753.47299950002,9207853.093768118],[239751.2827835,9207854.212321976],[239746.74452981312,9207857.1476259],[239739.4056347393,9207862.8969429],[239734.85616350002,9207867.016418556],[239731.60738696496,9207870.2889219],[239729.34017511003,9207872.2053609],[239718.97709750003,9207879.913040707],[239715.6917735,9207882.159496577],[239712.1326725,9207884.295082115],[239706.3833555,9207887.291054474],[239699.5389305,9207890.159292571],[239682.29097950002,9207895.713272048],[239673.32292453508,9207898.2141759],[239668.32835250002,9207900.054595899],[239664.93517695455,9207901.7732769],[239660.72852326036,9207904.7848239],[239657.25396835498,9207908.0701479],[239654.4802289799,9207911.3554719],[239652.6109736413,9207914.0932419],[239651.08040150002,9207916.886354264],[239649.92013524807,9207919.8425589],[239647.31100954255,9207927.7820919],[239645.28352842113,9207932.7100779],[239644.143387806,9207936.5429559],[239643.27255071438,9207942.2922729],[239642.4084742034,9207952.1482449],[239642.65945716406,9207964.4682099],[239641.92691325818,9207974.8717359],[239642.07454789188,9207981.4423839],[239641.85182881213,9207983.3588229],[239641.27521947917,9207985.0014849],[239640.6768755,9207985.942989733],[239634.56307488008,9207989.3819169],[239630.6692336127,9207991.2983559],[239623.9764785,9207994.082429174],[239620.61849890676,9207995.9525649],[239621.72952464223,9207997.0476729],[239622.28483831303,9207998.4165579],[239622.8734972806,9207999.2378889],[239623.7027015,9207999.910989245],[239624.7978095,9208000.460670806],[239626.4404715,9208000.9335909],[239639.05687251795,9208003.3445439],[239640.3387845065,9208003.618320901],[239640.3387845065,9208003.7552094]]}},{"type":"Feature","properties":{"fid":42,"ID":41,"ELEV":51.5},"geometry":{"type":"LineString","coordinates":[[239845.3271162125,9207828.5379294],[239844.09318650002,9207829.371808307],[239839.43897750002,9207831.320970608],[239836.15365350002,9207831.882953363],[239826.57145850002,9207830.92204041],[239821.91724950002,9207830.714643965],[239808.22839950002,9207830.952301588],[239803.8479675,9207831.366807094],[239797.00354250002,9207833.166240577],[239786.8737935,9207836.746146822],[239781.12447650003,9207838.48944476],[239775.10138250003,9207839.624526033],[239767.9831805,9207840.246362628],[239763.05519450002,9207841.430962889],[239760.04364750002,9207842.673645925],[239757.5796545,9207843.973031329],[239742.96079685815,9207852.7671939],[239735.93734819014,9207857.9689569],[239728.0117385,9207865.314184276],[239722.53619850002,9207869.685966827],[239715.1442195,9207874.684513453],[239708.02601750003,9207878.571403353],[239703.0980315,9207880.79375113],[239699.5389305,9207882.10830193],[239695.97982950002,9207883.103208123],[239692.69450550003,9207883.753327897],[239683.38608750002,9207884.742154848],[239665.8643595,9207888.52217729],[239660.0843899555,9207890.2746429],[239657.37727250002,9207891.287507918],[239654.9132795,9207892.555980772],[239652.7139776845,9207894.1075209],[239649.87305855076,9207896.5715139],[239648.3058027009,9207898.2141759],[239640.12388058403,9207909.1652559],[239637.892938209,9207912.4505799],[239636.35965140857,9207915.7359039],[239632.73008273254,9207926.1394299],[239629.7257955,9207932.34971227],[239628.15160859466,9207936.5429559],[239627.76729800436,9207938.7331719],[239627.60794768733,9207941.1971649],[239627.88903440864,9207944.4824889],[239630.15616525456,9207953.5171299],[239631.1675386428,9207960.3615549],[239631.83512284092,9207980.3472759],[239631.3877232889,9207981.9899379],[239630.50363588284,9207983.9063769],[239629.17824150002,9207985.673712505],[239622.60759350003,9207989.691281958],[239617.95338450003,9207992.910542063],[239614.45115734194,9207996.2263419],[239614.87550572687,9207996.5001189],[239616.0369455,9207996.616533712],[239616.97905681215,9207997.0476729],[239620.4173775,9208001.167126333],[239622.3338165,9208002.538791433],[239624.92050955695,9208003.618320901],[239624.92050955695,9208003.7552094]]}},{"type":"Feature","properties":{"fid":43,"ID":42,"ELEV":51.0},"geometry":{"type":"LineString","coordinates":[[239849.979392,9207818.16439089],[239846.2834025,9207821.007231914],[239844.6407405,9207821.852539528],[239842.9980785,9207822.26505196],[239840.26030850003,9207822.409335801],[239837.79631550002,9207822.100242771],[239830.95189050003,9207820.771963159],[239827.1190125,9207820.618078986],[239815.34660150003,9207821.93965108],[239806.8595145,9207822.532855364],[239800.8364205,9207823.448686676],[239792.8968875,9207825.693429453],[239787.1475705,9207828.104469797],[239780.5769225,9207830.54604712],[239774.00627450002,9207832.16038796],[239767.9831805,9207833.281766575],[239765.79296450003,9207833.97792486],[239760.04364750002,9207836.468402771],[239752.9254455,9207840.689505408],[239744.43835850002,9207844.974276586],[239740.3317035,9207847.365475914],[239735.12994050002,9207851.116655888],[239724.7264145,9207860.236405484],[239718.58602061687,9207865.0871589],[239713.7753345,9207868.312955286],[239710.21623350002,9207870.353979893],[239705.28824750002,9207872.753334561],[239701.4553695,9207874.278453892],[239698.71759950003,9207875.133052183],[239694.33716750002,9207876.058647634],[239690.7780665,9207876.378555195],[239683.9336415,9207876.170624657],[239681.4696485,9207876.272086805],[239664.2216975,9207879.009346485],[239658.1986035,9207880.271979742],[239653.2706175,9207881.816476006],[239649.44875897677,9207883.4302179],[239645.6048172125,9207885.6204339],[239642.5933145,9207887.759930257],[239636.57022050003,9207893.110268936],[239629.86933474935,9207900.130614901],[239623.7027015,9207906.092686316],[239620.55851490083,9207909.7128099],[239619.41276482638,9207911.903025901],[239618.9046270674,9207914.0932419],[239618.1511258292,9207922.5803289],[239615.93437625497,9207929.6985309],[239615.2615110623,9207932.9838549],[239614.72333089873,9207939.5545029],[239615.08659214497,9207944.2087119],[239616.0369455,9207948.717889762],[239616.58449950002,9207950.382606264],[239619.68342827423,9207957.6237849],[239620.4090628553,9207960.0877779],[239620.80016429134,9207965.0157639],[239620.4652481346,9207970.4913039],[239620.4037762867,9207980.894829901],[239619.2388179555,9207984.7277079],[239617.58660931315,9207987.4654779],[239610.8351825,9207994.751732377],[239608.1358183622,9207998.1427809],[239605.62280245818,9208001.7018819],[239607.00230450003,9208000.930906493],[239608.64496650003,9208001.130366866],[239609.4662975,9208001.78339169],[239610.55574824204,9208003.4814324]]}},{"type":"Feature","properties":{"fid":44,"ID":43,"ELEV":50.5},"geometry":{"type":"LineString","coordinates":[[239851.42259603995,9207809.6473164],[239850.39005750002,9207810.661286358],[239848.47361850002,9207812.0901383],[239847.10473350002,9207812.6408992],[239845.46207150002,9207812.972835585],[239843.54563250003,9207812.93012597],[239836.15365350002,9207811.459850298],[239830.13055950002,9207811.295270123],[239827.6665665,9207811.506422011],[239813.97771650003,9207814.278648458],[239801.1101975,9207816.033155106],[239793.71821850003,9207817.798700025],[239783.04091550002,9207822.036513012],[239778.66048350002,9207823.553840628],[239769.6258425,9207826.024562392],[239765.5191875,9207827.609241752],[239761.13875550003,9207829.886746122],[239751.0090065,9207835.664156858],[239744.9859125,9207837.795795662],[239742.24814250003,9207839.015381835],[239738.4152645,9207841.419575684],[239733.56975727805,9207845.1014379],[239721.4410905,9207855.68313961],[239715.4179965,9207860.421888709],[239711.0375645,9207863.311800968],[239703.91936250002,9207866.76482413],[239701.1815925,9207867.811247151],[239698.1700455,9207868.67952657],[239692.96828250002,9207869.591964709],[239688.31407350002,9207869.812528284],[239676.5416625,9207869.64640756],[239663.9479205,9207869.940868348],[239656.82971850003,9207870.537092786],[239651.6279555,9207871.302093197],[239645.6048615,9207872.888681363],[239642.86709150003,9207873.89703766],[239637.47921928938,9207876.3120159],[239630.82090350002,9207880.491394812],[239626.1789343659,9207883.9777719],[239621.0044135721,9207888.358203901],[239618.1931519348,9207891.0959739],[239615.77594265726,9207893.8337439],[239612.04510020968,9207899.0355069],[239605.7145261466,9207907.2488169],[239601.91000659435,9207912.7243569],[239600.21103410496,9207916.0096809],[239599.63240429034,9207919.8425589],[239599.6607832378,9207922.032774901],[239600.3780498147,9207925.0443219],[239601.91837325878,9207929.4247539],[239603.62888242627,9207935.1740709],[239604.32978009025,9207939.0069489],[239605.04019567347,9207944.7562659],[239606.23020095055,9207949.6842519],[239610.18516070602,9207959.5402239],[239611.07217406767,9207962.5517709],[239611.5817126566,9207965.5633179],[239613.10533868824,9207980.073498901],[239613.0794606627,9207981.9899379],[239612.728224874,9207984.1801539],[239611.7696019518,9207986.3703699],[239608.38291258828,9207991.5721329],[239606.99313793718,9207994.0361259],[239606.1343818098,9207995.1312339],[239601.30177919602,9208003.7552094]]}},{"type":"Feature","properties":{"fid":45,"ID":44,"ELEV":50.0},"geometry":{"type":"LineString","coordinates":[[239856.002486,9207799.322104437],[239852.5802735,9207801.702983072],[239848.19984150003,9207803.631079523],[239846.55717950003,9207803.871864144],[239844.3669635,9207803.868288409],[239835.3323225,9207802.956603851],[239830.6781135,9207803.319256365],[239825.47635050002,9207804.28318614],[239813.1563855,9207807.319003752],[239794.5395495,9207811.21959036],[239789.33778650002,9207812.769897828],[239780.02936850002,9207816.032753022],[239770.99472750002,9207818.24178433],[239768.5307345,9207819.153598228],[239765.5191875,9207820.61972402],[239759.76987050002,9207824.637271212],[239754.2943305,9207827.803204117],[239751.2827835,9207829.151170185],[239743.6170275,9207831.298873842],[239741.42681150002,9207832.22234338],[239739.78414950002,9207833.209681287],[239735.4037175,9207836.39364765],[239730.86533487248,9207840.1734519],[239718.97709750003,9207851.16256893],[239714.00221929688,9207855.2311869],[239710.98665136175,9207857.4214029],[239707.20468650002,9207859.574160958],[239704.4669165,9207860.807431694],[239700.36026150003,9207862.284956073],[239693.7896135,9207863.585258594],[239688.31407350002,9207863.768742558],[239682.01720250002,9207863.447881442],[239662.5790355,9207861.592654834],[239653.81817150002,9207861.398876624],[239649.7115165,9207861.733971301],[239641.22442950003,9207863.183268342],[239638.48665950002,9207863.85563579],[239633.40198505626,9207865.634712901],[239627.53557950002,9207868.090773009],[239617.78099087262,9207872.7529149],[239603.7169805,9207880.762084056],[239600.70543350003,9207882.065476706],[239596.05122450003,9207883.3192986],[239594.1347855,9207883.314897966],[239591.39701550003,9207882.880169049],[239588.1116915,9207881.293785442],[239576.06550350002,9207873.442853391],[239568.39974750002,9207867.976800425],[239564.2856031596,9207865.634712901],[239558.5437755,9207862.861536648],[239550.3304655,9207859.618287181],[239545.9500335,9207857.68673656],[239527.60697450003,9207848.090826003],[239523.22654250002,9207846.025822021],[239516.3821175,9207843.533305405],[239514.60256700002,9207842.515378721]]}},{"type":"Feature","properties":{"fid":46,"ID":45,"ELEV":49.5},"geometry":{"type":"LineString","coordinates":[[239857.35801273337,9207790.756703401],[239855.5918205,9207792.255072832],[239853.9491585,9207793.258354938],[239851.48516550002,9207794.466505876],[239849.0211725,9207795.30433787],[239844.6407405,9207795.863720171],[239834.23721450003,9207796.32246867],[239828.21412050002,9207797.212117853],[239824.29852689576,9207798.0117939],[239816.7154865,9207799.757183451],[239795.63465750002,9207805.081846617],[239782.4933615,9207808.794654036],[239778.9342605,9207809.652746215],[239772.08983550002,9207810.866043486],[239769.35206550002,9207811.72422969],[239766.06674150002,9207813.455855852],[239759.2223165,9207818.947425745],[239755.6632155,9207821.196901344],[239751.0090065,9207823.125552777],[239743.6170275,9207824.691367526],[239740.19238412764,9207826.2108249],[239734.85616350002,9207829.964729747],[239729.92817750003,9207834.0862091],[239725.27396850003,9207838.472728284],[239719.7984285,9207844.195860693],[239715.1442195,9207848.689253086],[239709.94245650002,9207852.939160915],[239706.1095785,9207855.175592873],[239702.55047750002,9207856.622464428],[239696.8011605,9207858.046470748],[239693.5158365,9207858.34247192],[239690.2305125,9207858.35705414],[239687.2189655,9207858.132699933],[239679.8269865,9207857.076434568],[239663.9479205,9207854.026009487],[239657.37727250002,9207852.998860538],[239652.44928650002,9207852.770126333],[239648.06885450002,9207853.049824858],[239641.22442950003,9207853.954805639],[239637.9391055,9207854.625889868],[239633.55867350003,9207855.672329986],[239623.71937957406,9207858.5165109],[239613.29917550003,9207861.683608955],[239605.63341950002,9207864.572646951],[239596.8725555,9207868.303680303],[239594.95611650002,9207868.820661115],[239591.1232385,9207869.230694886],[239588.1116915,9207868.957779067],[239585.10014450003,9207868.134486377],[239582.08859750003,9207866.853687525],[239579.62460450002,9207865.561228316],[239571.7635012822,9207860.7067269],[239565.96070001254,9207857.6951799],[239555.2584515,9207853.461743783],[239552.52068150003,9207852.192525633],[239538.12843882933,9207844.5538839],[239527.3331975,9207837.956850195],[239522.6789885,9207836.042201627],[239516.1083405,9207834.11759826],[239514.19190150002,9207833.213799385],[239512.138574,9207831.779888337]]}},{"type":"Feature","properties":{"fid":47,"ID":46,"ELEV":49.0},"geometry":{"type":"LineString","coordinates":[[239862.573134,9207780.010140454],[239858.3295905,9207783.283039765],[239856.6869285,9207784.318418661],[239854.2229355,9207785.530341469],[239849.84250350003,9207787.059792506],[239844.09318650002,9207788.262757774],[239832.86832950002,9207790.116735328],[239818.0843715,9207793.122762239],[239809.59728450002,9207795.29770423],[239786.32623950002,9207802.056454623],[239781.39825350003,9207803.154138032],[239774.00627450002,9207804.082174337],[239772.36361250002,9207804.434147744],[239770.72095050002,9207805.044521214],[239767.70940350002,9207806.653353393],[239761.41253250002,9207811.651477594],[239756.48454650003,9207814.8797006],[239753.74677650002,9207816.233347636],[239751.2827835,9207817.049732842],[239743.89080450003,9207818.359053168],[239739.78414950002,9207820.391287515],[239735.75172004866,9207822.9255009],[239732.1335418337,9207825.6632709],[239726.3690765,9207830.85640194],[239723.3575295,9207834.032024864],[239715.3295833145,9207843.1849989],[239710.30315845096,9207848.1129849],[239706.1095785,9207850.918589244],[239702.8242545,9207852.421650114],[239699.5389305,9207853.400977576],[239697.62249150002,9207853.684032546],[239694.61094450002,9207853.849594291],[239691.8731745,9207853.693359798],[239686.67141150002,9207852.833065633],[239667.78079850003,9207847.882655568],[239655.46083350002,9207845.156228125],[239652.44928650002,9207844.991904352],[239647.79507750002,9207845.083050758],[239643.9621995,9207845.370272862],[239637.3915515,9207846.279361008],[239627.53557950002,9207848.343374312],[239612.4778445,9207851.861059673],[239608.0974125,9207853.062101858],[239595.7774475,9207857.619966438],[239592.4921235,9207858.673040906],[239589.2067995,9207859.280007768],[239585.9214755,9207859.231963847],[239583.1837055,9207858.656145014],[239580.71971250002,9207857.720998505],[239574.60409851896,9207854.4098559],[239570.8637405,9207852.62030418],[239559.13712426985,9207848.1129849],[239554.9846745,9207845.734017458],[239550.3304655,9207842.525799707],[239541.56960150003,9207837.951709678],[239536.58356593802,9207834.6979119],[239530.3447445,9207830.1971945],[239527.3331975,9207828.50937383],[239524.86920450002,9207827.59841111],[239517.20344850002,9207825.94508539],[239514.87634400002,9207825.011241222]]}},{"type":"Feature","properties":{"fid":48,"ID":47,"ELEV":48.5},"geometry":{"type":"LineString","coordinates":[[239863.668242,9207772.040803354],[239860.79358350002,9207774.524146914],[239858.8771445,9207775.800298428],[239856.41315150002,9207777.068475217],[239853.05222634022,9207778.2998499],[239831.7732215,9207783.81631404],[239812.60883150002,9207788.149214327],[239804.66929850003,9207790.554161627],[239790.98044850002,9207795.29943027],[239785.77868550003,9207796.792335857],[239782.4933615,9207797.508576093],[239773.45872050003,9207798.853147347],[239770.72095050002,9207799.872810276],[239769.07828850002,9207800.749228206],[239761.13875550003,9207806.695526028],[239754.84188450003,9207810.045849036],[239751.5565605,9207811.274053305],[239745.80724350002,9207812.495749136],[239742.79569650002,9207813.462835498],[239738.4152645,9207815.370277062],[239733.48425084847,9207818.2712919],[239729.3806235,9207821.571809128],[239725.21622806194,9207825.6632709],[239720.0722055,9207831.797528625],[239713.6827368307,9207840.1734519],[239709.1211255,9207845.02480908],[239705.56202450002,9207847.493327089],[239702.27670050002,9207849.042177116],[239699.26515350002,9207849.855610844],[239696.5273835,9207849.994023733],[239692.96828250002,9207849.607779397],[239691.05184350003,9207849.158415753],[239681.74342550003,9207846.3093166],[239672.43500750003,9207842.98991029],[239664.76925150002,9207840.6205355],[239658.47238050002,9207838.956982452],[239654.6395025,9207838.16264203],[239650.80662450002,9207837.687375765],[239648.3426315,9207837.610512776],[239641.77198350002,9207837.860532736],[239637.11777450002,9207838.350809092],[239628.90446450002,9207839.56772109],[239622.88137050002,9207840.68520829],[239618.22716150002,9207841.671378288],[239605.35964250003,9207845.075908855],[239599.33654850002,9207846.887547504],[239592.2183465,9207849.483969316],[239588.93302250002,9207850.424830627],[239586.74280650003,9207850.76392795],[239584.5525905,9207850.726381239],[239582.08859750003,9207850.291941673],[239579.07705050003,9207849.424868673],[239574.42284150003,9207847.718152447],[239566.2095315,9207845.333501067],[239562.37665350002,9207843.837700304],[239560.18296260966,9207842.6374449],[239543.04907345484,9207830.8650339],[239540.8906222285,9207828.9485949],[239534.89851209288,9207822.6517239],[239531.9874065,9207820.492880022],[239529.79719050002,9207819.384468859],[239527.0594205,9207818.462737963],[239524.59542750003,9207817.971495664],[239522.6789885,9207817.79754763],[239518.0247795,9207817.89663383],[239513.3705705,9207817.450810364],[239510.0852465,9207816.534273779],[239506.66303400003,9207814.97426579]]}},{"type":"Feature","properties":{"fid":49,"ID":48,"ELEV":48.0},"geometry":{"type":"LineString","coordinates":[[239867.227343,9207763.577962799],[239860.51980650003,9207767.450880492],[239857.78203650002,9207768.729039248],[239852.5802735,9207770.580455957],[239831.7732215,9207777.093966877],[239814.7990475,9207781.032979611],[239808.7759535,9207782.735391213],[239803.30041350002,9207784.614549866],[239791.8017795,9207789.272494527],[239787.1475705,9207790.95440304],[239782.4933615,9207792.129150242],[239776.74404450002,9207793.168486932],[239772.9111665,9207794.28949477],[239769.35206550002,9207795.989814112],[239757.85343150003,9207803.066259125],[239754.5681075,9207804.711607846],[239751.0090065,9207806.064361678],[239740.6054805,9207809.108643575],[239734.58238650003,9207811.787767963],[239731.57083950003,9207813.642340746],[239728.83306950002,9207815.77778091],[239724.38716522977,9207820.187730901],[239722.26242150003,9207822.720364641],[239719.06148082193,9207827.0321559],[239713.0618193779,9207836.0667969],[239710.85454071674,9207839.0783439],[239708.02601750003,9207842.231369913],[239705.01447050003,9207844.452602522],[239702.00292350003,9207845.894908527],[239699.26515350002,9207846.63560564],[239697.62249150002,9207846.65149541],[239695.4322755,9207846.224859018],[239691.8731745,9207845.147502692],[239683.65986450002,9207842.078549119],[239669.69723750002,9207836.257716892],[239663.40036650002,9207833.95697498],[239657.6510495,9207832.10037761],[239652.44928650002,9207830.936770005],[239645.0573075,9207830.200785246],[239640.12932150002,9207830.256326962],[239634.92755850003,9207830.653000528],[239629.9995725,9207831.241416812],[239622.0600395,9207832.584736582],[239600.97921050002,9207838.074516727],[239597.69388650003,9207839.080867488],[239588.65924550002,9207842.364829613],[239585.64769850002,9207842.943133801],[239581.2672665,9207842.876061086],[239573.6015105,9207841.667172749],[239568.67352450002,9207840.640696827],[239565.9357545,9207839.728058746],[239563.74553850002,9207838.668926623],[239560.65603820153,9207836.6143509],[239551.76554265022,9207829.496148901],[239547.52442387107,9207825.6632709],[239546.18969720512,9207824.0206089],[239542.6647095,9207817.30413991],[239540.20071650003,9207813.797231117],[239538.0105005,9207811.5415925],[239535.82028450002,9207809.958207939],[239533.6300685,9207808.94554363],[239530.0709675,9207808.135988276],[239525.9643125,9207807.961572072],[239523.7740965,9207808.107545568],[239520.7625495,9207808.644802514],[239514.4656785,9207810.32418127],[239512.00168550003,9207810.390778359],[239509.26391550002,9207809.99455366],[239506.66303400003,9207808.54687075]]}},{"type":"Feature","properties":{"fid":50,"ID":49,"ELEV":47.5},"geometry":{"type":"LineString","coordinates":[[239872.15532900003,9207754.649338126],[239867.5676124807,9207758.0403519],[239863.2575765,9207760.110436892],[239849.84250350003,9207764.115234205],[239832.0469985,9207770.251991237],[239815.0728245,9207774.24351178],[239810.1448385,9207775.639975673],[239800.56264350002,9207779.117494859],[239786.05246250003,9207785.354673676],[239776.1964905,9207787.93962124],[239773.1849435,9207789.254029404],[239763.05519450002,9207794.581545597],[239755.11566150002,9207799.059178924],[239751.5565605,9207800.785173083],[239747.44990550002,9207802.217442326],[239737.59393350003,9207804.968806118],[239732.6659475,9207807.02320615],[239730.47573150002,9207808.341939712],[239727.46418450002,9207810.684977071],[239724.4526375,9207813.55937248],[239721.9886445,9207816.430968802],[239718.4295435,9207821.40918943],[239710.3917849703,9207834.9716889],[239707.20468650002,9207839.27184817],[239705.6171137744,9207840.7210059],[239703.91936250002,9207841.819812248],[239702.00012726325,9207842.911221901],[239700.63403850002,9207843.327875009],[239696.8011605,9207842.697246742],[239692.1469515,9207841.04127641],[239686.39763450003,9207838.602141693],[239669.9710145,9207830.587875852],[239664.49547450003,9207828.237185974],[239657.6510495,9207825.600641849],[239654.09194850002,9207824.49698616],[239649.16396250002,9207823.314848173],[239642.5933145,9207822.358654905],[239636.2964435,9207822.386456445],[239631.0946805,9207823.073561465],[239623.7027015,9207824.479675973],[239611.3827365,9207827.440565493],[239601.8005415,9207829.123814926],[239595.7774475,9207830.712470584],[239588.1116915,9207833.986850204],[239585.64769850002,9207834.775155228],[239581.2672665,9207835.192763664],[239571.9588485,9207834.672196439],[239568.9473015,9207833.960797593],[239565.9357545,9207832.800861334],[239562.10287650002,9207829.996830825],[239560.02809632465,9207827.8534869],[239556.78683784956,9207823.4730549],[239553.67824162156,9207816.9024069],[239551.76674051394,9207813.3433059],[239546.38957641085,9207804.5824419],[239543.48604050002,9207800.672841132],[239540.6939219873,9207798.2855709],[239538.2842775,9207797.049012898],[239535.82028450002,9207796.096720371],[239533.90384550003,9207795.528494393],[239531.16607550002,9207795.267852869],[239527.3331975,9207795.923778517],[239520.21499550002,9207797.620141838],[239514.19190150002,9207800.047507983],[239512.00168550003,9207800.597322494],[239509.53769250002,9207800.526493624],[239506.389257,9207798.673796333]]}},{"type":"Feature","properties":{"fid":51,"ID":50,"ELEV":47.5},"geometry":{"type":"LineString","coordinates":[[239872.42910600003,9207754.435337987],[239872.21304845833,9207754.618139401]]}},{"type":"Feature","properties":{"fid":52,"ID":51,"ELEV":47.5},"geometry":{"type":"LineString","coordinates":[[239872.70288300002,9207754.207058331],[239872.5651652078,9207754.3443624]]}},{"type":"Feature","properties":{"fid":53,"ID":52,"ELEV":47.0},"geometry":{"type":"LineString","coordinates":[[239869.14378200003,9207751.234223342],[239865.9953465,9207752.717532657],[239864.07890750002,9207753.381847791],[239854.49671250003,9207755.771551762],[239849.84250350003,9207757.164000588],[239836.9749845,9207761.77865239],[239831.7732215,9207763.456905065],[239812.88260850002,9207768.267697781],[239802.4790825,9207771.764899116],[239785.5049085,9207778.776597632],[239778.11292950003,9207780.97539529],[239775.64893650002,9207782.001634918],[239770.99472750002,9207785.178281443],[239760.5912015,9207790.366406625],[239752.6516685,9207795.195366537],[239749.9138985,9207796.585130332],[239746.08102050002,9207797.840715988],[239734.85616350002,9207800.42647303],[239730.7495085,9207802.224175967],[239728.0117385,9207804.008400833],[239725.9317530893,9207805.6775499],[239723.63130650003,9207807.928765845],[239720.0722055,9207812.058564467],[239715.9705741916,9207818.8188459],[239709.9586489084,9207830.317479901],[239707.7820202183,9207833.8765809],[239706.82280421822,9207835.2454659],[239705.01447050003,9207837.184063165],[239702.55047750002,9207838.863306368],[239701.7291465,9207839.20977251],[239699.5389305,9207839.367325272],[239697.0749375,9207838.804287188],[239689.05629074984,9207835.5192429],[239683.65986450002,9207832.822056234],[239673.2563385,9207826.498544445],[239665.04302850002,9207822.437668206],[239655.18705650003,9207817.89705361],[239648.3426315,9207815.278178146],[239645.0573075,9207814.406794218],[239641.49820650002,9207813.880818529],[239637.9391055,9207813.817218207],[239634.92755850003,9207814.144653177],[239628.90446450002,9207815.309063863],[239611.3827365,9207819.246225862],[239597.1463325,9207821.179118061],[239593.03967750003,9207822.372349743],[239585.64769850002,9207825.643557949],[239581.5410435,9207826.737359665],[239578.2557195,9207827.073868945],[239574.42284150003,9207827.168273278],[239572.78017950003,9207827.016789395],[239570.04240950002,9207826.307421582],[239567.32699212513,9207824.8419399],[239565.24384212084,9207822.6517239],[239559.77631592783,9207812.7957519],[239552.89509848217,9207802.3922259],[239550.37698818633,9207798.0117939],[239548.63351771954,9207795.5478009],[239546.49758750002,9207793.121494327],[239544.85492550003,9207791.71599208],[239538.55805450003,9207787.21609723],[239536.6416155,9207786.08160623],[239533.3562915,9207784.585424451],[239530.89229850002,9207784.054892855],[239529.24963650003,9207784.063977093],[239527.3331975,9207784.320099955],[239525.6905355,9207784.769785007],[239519.3936645,9207787.496469125],[239513.91812450002,9207788.892848197],[239509.8114695,9207789.139185619],[239506.389257,9207788.333090592]]}},{"type":"Feature","properties":{"fid":54,"ID":53,"ELEV":46.5},"geometry":{"type":"LineString","coordinates":[[239873.250437,9207744.237931648],[239868.45933950003,9207746.08069528],[239864.6264615,9207747.213672403],[239853.40160450002,9207749.593314834],[239833.4158835,9207756.315144312],[239809.0497305,9207763.20202917],[239800.81026259853,9207765.9798849],[239785.5049085,9207771.518496584],[239779.2080375,9207772.989004329],[239777.1528414923,9207773.6456409],[239774.5538285,9207774.76695553],[239772.88345739545,9207775.8358569],[239766.8880725,9207780.397083912],[239760.8649785,9207784.270658595],[239753.19922250003,9207789.744160263],[239750.46145250002,9207791.452426288],[239748.54501350003,9207792.277827803],[239745.80724350002,9207793.026451452],[239734.3086095,9207795.273558887],[239732.11839350002,9207796.009644201],[239729.1068465,9207797.459150774],[239727.46418450002,9207798.434105953],[239724.2042217711,9207801.0233409],[239720.0722055,9207805.574831437],[239717.15013561153,9207809.7842049],[239714.59666550002,9207814.294942599],[239708.58630702595,9207826.7583789],[239706.3833555,9207830.711934352],[239703.48038915108,9207834.4241349],[239701.4553695,9207835.672994863],[239699.26515350002,9207835.494958691],[239695.70605250003,9207834.389949298],[239691.8731745,9207832.826326719],[239687.77986559796,9207830.8650339],[239683.11231050003,9207827.97554045],[239676.8154395,9207823.293769471],[239670.5185685,9207819.43789798],[239649.16396250002,9207807.865978844],[239645.3310845,9207806.22332805],[239642.38670782995,9207805.4037729],[239639.85554450002,9207805.179104142],[239637.11777450002,9207805.428695202],[239631.91601150003,9207806.272331575],[239620.6911545,9207808.620825576],[239610.28762850002,9207810.119169226],[239597.1463325,9207812.429633869],[239593.31345450002,9207813.49597529],[239590.8494615,9207814.626553],[239586.1952525,9207817.266612194],[239582.63615150002,9207818.76317791],[239578.8032735,9207819.454120044],[239574.42284150003,9207818.984636612],[239571.13751750003,9207817.493172247],[239569.76863250002,9207816.340991743],[239568.12597050003,9207814.487170953],[239559.6388835,9207803.47602572],[239557.10833062275,9207799.6544559],[239552.24777996386,9207791.1673689],[239549.48601962774,9207787.6082679],[239544.80519817313,9207783.5016129],[239536.3365578994,9207777.2047419],[239530.0709675,9207774.624355173],[239527.88075150002,9207774.13081013],[239525.6905355,9207774.054912556],[239523.50031950002,9207774.35983371],[239520.21499550002,9207775.549364569],[239518.29855650003,9207776.471903019],[239514.4656785,9207778.966127602],[239511.4541315,9207780.16314593],[239508.7163615,9207780.479294945],[239506.11548,9207780.1989423]]}},{"type":"Feature","properties":{"fid":55,"ID":54,"ELEV":43.0},"geometry":{"type":"LineString","coordinates":[[239509.5466670225,9207740.9292894],[239509.26391550002,9207741.213461926],[239507.89503050002,9207741.767501026],[239505.7048145,9207741.858719222],[239504.746595,9207741.387011975]]}},{"type":"Feature","properties":{"fid":56,"ID":55,"ELEV":46.0},"geometry":{"type":"LineString","coordinates":[[239877.63086900002,9207737.018013926],[239875.00081890126,9207738.602184901],[239870.9233325,9207740.114275113],[239867.6380085,9207740.958190843],[239856.9607055,9207742.993761878],[239853.6753815,9207743.790414082],[239837.52253850002,9207749.091345752],[239824.92879650003,9207752.617123105],[239808.5021765,9207757.774862427],[239790.70667150003,9207762.946433708],[239776.74404450002,9207766.510347884],[239773.45872050003,9207767.622593248],[239769.8996195,9207770.220888315],[239762.2338635,9207776.593386887],[239759.49609350003,9207778.916217055],[239754.0205535,9207784.06906113],[239750.46145250002,9207786.500192704],[239749.09256750002,9207787.146168688],[239746.3547975,9207788.049315138],[239743.0694735,9207788.797460472],[239735.3968980243,9207790.0722609],[239730.20195450002,9207791.553993465],[239726.6428535,9207793.232519705],[239723.90508350002,9207795.01228558],[239721.37165175015,9207797.1904629],[239718.96960344218,9207799.6544559],[239717.1802296659,9207802.1184489],[239715.54510479022,9207804.8562189],[239711.26238932455,9207813.3433059],[239706.2386448,9207824.8419399],[239705.01447050003,9207827.016982963],[239702.55047750002,9207830.329345176],[239700.63403850002,9207831.479710354],[239698.4438225,9207831.372892583],[239695.4322755,9207830.546569519],[239689.40918150003,9207827.637626085],[239686.2939310909,9207825.6632709],[239676.4622433054,9207817.7237379],[239671.8874535,9207814.70880635],[239648.6164085,9207800.84112715],[239646.15241550002,9207799.555466188],[239642.86709150003,9207798.500646075],[239637.11777450002,9207798.07190023],[239631.6422345,9207798.241545053],[239627.26180250003,9207798.745700803],[239619.59604650002,9207800.086647848],[239610.28762850002,9207800.874745859],[239603.1694265,9207802.073095525],[239597.4201095,9207803.320599053],[239593.31345450002,9207804.559857292],[239585.10014450003,9207809.6561986],[239581.8148205,9207811.170008335],[239578.5294965,9207811.47747053],[239575.79172650003,9207810.928856565],[239573.32773350002,9207809.727851748],[239570.8637405,9207807.863998944],[239567.4489471013,9207804.5824419],[239562.37665350002,9207798.925602397],[239560.59057443906,9207796.0953549],[239556.2010535145,9207786.7869369],[239555.02716365384,9207784.870497901],[239553.3420125,9207782.783031298],[239550.3304655,9207779.956875121],[239542.9384865,9207774.127795503],[239536.91539250003,9207770.430197043],[239532.80873750002,9207768.49726903],[239530.3447445,9207767.65017805],[239528.4283055,9207767.234925443],[239525.14298150002,9207767.170958482],[239522.95276550003,9207767.50888636],[239520.48877250002,9207768.29453606],[239518.29855650003,9207769.307866959],[239512.27546250002,9207772.944591798],[239510.3590235,9207773.749601994],[239508.1688075,9207774.087023942],[239506.11548,9207773.993345045]]}},{"type":"Feature","properties":{"fid":57,"ID":56,"ELEV":45.5},"geometry":{"type":"LineString","coordinates":[[239876.8000919669,9207731.894648401],[239876.39887250002,9207732.292267254],[239873.9348795,9207733.562744975],[239870.37577850002,9207734.799011147],[239859.42469850002,9207737.133697066],[239853.40160450002,9207738.645716418],[239836.9749845,9207744.035382828],[239823.83368850002,9207747.378755158],[239812.0612775,9207751.496290248],[239806.8595145,9207753.029080097],[239797.8248735,9207755.043188037],[239781.94580750001,9207758.216020992],[239779.2080375,9207759.146416957],[239774.5538285,9207761.291284302],[239770.99472750002,9207763.398987599],[239768.03528078913,9207765.4323309],[239760.46926943434,9207771.4554249],[239757.99010557568,9207773.919417901],[239752.9254455,9207780.13634311],[239752.10411450002,9207780.90377978],[239750.18767550003,9207782.134144861],[239747.66465894735,9207783.227835901],[239744.43835850002,9207784.097367305],[239733.7610555,9207785.633915246],[239728.55929250002,9207787.192162873],[239724.4526375,9207789.14133094],[239720.0840163663,9207792.2624769],[239716.23932750002,9207796.516412077],[239713.39723392538,9207800.7495639],[239711.0375645,9207805.542688893],[239705.07390544677,9207819.366399901],[239703.37180850003,9207822.7415285],[239700.90781550002,9207826.002377903],[239699.8127075,9207826.809024293],[239698.71759950003,9207827.10453599],[239697.34871450003,9207827.07129315],[239695.70605250003,9207826.51000014],[239692.69450550003,9207825.295824125],[239689.68295850002,9207823.671388473],[239687.2189655,9207821.76828433],[239681.4696485,9207816.295660175],[239678.45810150003,9207813.725762917],[239674.8990005,9207811.181904005],[239661.48794141962,9207802.9397799],[239650.2590705,9207795.664280236],[239646.42619250002,9207793.67003759],[239643.9621995,9207792.764129257],[239640.6768755,9207791.99284213],[239635.7488895,9207791.456037536],[239631.6422345,9207791.293319218],[239627.26180250003,9207791.497351775],[239617.6796075,9207792.502655864],[239608.64496650003,9207792.716067601],[239602.89564950002,9207793.218298454],[239600.4316565,9207793.786655866],[239597.1463325,9207794.91957464],[239592.7659005,9207796.934213765],[239585.9214755,9207801.076448541],[239582.63615150002,9207802.696732353],[239580.1721585,9207803.34612004],[239577.43438850003,9207803.16127024],[239574.1490645,9207801.797515308],[239571.9588485,9207800.31737727],[239569.82714666895,9207798.5593479],[239566.98853435917,9207795.5478009],[239565.81765015997,9207793.9051389],[239564.68183060712,9207791.7149229],[239562.10287650002,9207785.429587768],[239561.1195937035,9207783.5016129],[239559.29423733597,9207781.0376199],[239556.3535595,9207777.863765182],[239544.5811485,9207768.105566574],[239540.74827050001,9207765.534963371],[239537.7367235,9207763.896046268],[239532.80873750002,9207761.765721202],[239529.79719050002,9207760.921680493],[239527.3331975,9207760.584916646],[239524.59542750003,9207760.661087118],[239522.11841538342,9207761.325675901],[239518.84611050002,9207762.810253913],[239510.90657750002,9207767.985240743],[239508.7163615,9207768.502602959],[239505.841703,9207768.518844847]]}},{"type":"Feature","properties":{"fid":58,"ID":57,"ELEV":45.0},"geometry":{"type":"LineString","coordinates":[[239878.72597700002,9207725.935007103],[239874.48243350003,9207727.958301248],[239872.2922175,9207728.73892919],[239856.9607055,9207732.499953762],[239853.40160450002,9207733.629897814],[239843.2718555,9207737.439000146],[239838.0700925,9207739.107897965],[239824.1074655,9207742.151664097],[239813.97771650003,9207745.775954382],[239807.95462250002,9207747.702256404],[239803.8479675,9207748.67675701],[239797.5510965,9207749.715145575],[239786.60001650002,9207750.805531653],[239783.04091550002,9207751.341317197],[239780.5769225,9207752.019138169],[239778.11292950003,9207753.068448437],[239775.9227135,9207754.324589087],[239767.70940350002,9207759.815232871],[239764.42407950002,9207762.211946545],[239760.8649785,9207765.20890526],[239756.48454650003,9207769.49605419],[239752.6516685,9207775.060419155],[239751.0090065,9207776.774903093],[239748.98496327965,9207778.2998499],[239747.17612850002,9207779.222861994],[239743.89080450003,9207780.114138285],[239733.48727850002,9207781.325727543],[239726.6428535,9207782.889771642],[239723.90508350002,9207784.061229791],[239721.34413269162,9207785.4180519],[239718.6203442361,9207787.3344909],[239715.4179965,9207790.875084704],[239710.7637875,9207798.087865582],[239708.02601750003,9207803.607412659],[239703.64558550002,9207813.821930468],[239701.4553695,9207817.96890337],[239700.63403850002,9207819.233137365],[239699.19375482196,9207820.7352849],[239698.1700455,9207821.420665141],[239694.8847215,9207821.567053251],[239691.32562050002,9207820.347230602],[239688.20057695408,9207817.4499609],[239682.5647565,9207811.343110194],[239680.37454050002,9207809.493649092],[239661.8243041532,9207797.464239901],[239650.53284750003,9207789.5559957],[239646.15241550002,9207787.11749005],[239642.3195375,9207785.691398349],[239639.58176750003,9207785.085368408],[239634.6537815,9207784.6464203],[239620.4173775,9207784.973792639],[239617.4058305,9207784.887944197],[239608.3711895,9207784.125185464],[239603.99075750003,9207784.316775614],[239600.97921050002,9207784.878137894],[239598.5152175,9207785.686639704],[239596.32500150002,9207786.68846825],[239594.1347855,9207787.87122659],[239585.37392150002,9207793.919438912],[239582.63615150002,9207795.327987904],[239579.35082750002,9207796.106175447],[239577.43438850003,9207795.87940149],[239575.2441725,9207794.879581394],[239573.32773350002,9207793.589583281],[239571.68507150002,9207792.033736534],[239570.38489143483,9207790.3460379],[239568.45769295923,9207786.5131599],[239566.1252620612,9207780.4900659],[239565.11442350002,9207778.887495345],[239562.9242075,9207776.460984161],[239560.73399150002,9207774.466804076],[239553.3420125,9207768.531004863],[239545.9500335,9207762.009179736],[239542.3909325,9207759.607255189],[239539.9269395,9207758.235480234],[239534.9989535,9207756.111848151],[239532.26118350003,9207755.147884523],[239529.24963650003,9207754.587009119],[239524.86920450002,9207754.722020732],[239522.1314345,9207755.403411966],[239519.3936645,9207756.476753833],[239517.4772255,9207757.460857984],[239512.54923950002,9207760.542054985],[239509.53769250002,9207762.050849104],[239507.89503050002,9207762.463025767],[239505.56792600002,9207762.381387515]]}},{"type":"Feature","properties":{"fid":59,"ID":58,"ELEV":44.5},"geometry":{"type":"LineString","coordinates":[[239882.558855,9207719.634361787],[239878.8628655,9207721.433452006],[239875.02998750002,9207722.862654176],[239869.82822450003,9207724.274729695],[239861.3411375,9207726.087329771],[239857.50825950003,9207727.154257827],[239853.9491585,9207728.482683046],[239842.7243015,9207733.472427817],[239839.9865315,9207734.453385545],[239836.15365350002,9207735.429699343],[239824.92879650003,9207737.103383143],[239822.19102650002,9207737.917456992],[239811.51372350001,9207741.768355822],[239807.68084550003,9207742.893370606],[239801.38397450003,9207744.191946857],[239797.8248735,9207744.614376957],[239792.34933350002,9207744.920929149],[239783.8622465,9207745.058837168],[239780.02936850002,9207745.858444588],[239777.8391525,9207746.771833228],[239764.15030250003,9207756.299567323],[239760.70454485138,9207759.1354599],[239758.3700251943,9207761.5994529],[239752.37789150001,9207769.822227007],[239750.73522950002,9207771.768968826],[239747.44990550002,9207774.382864531],[239743.3432505,9207776.063457873],[239739.23659550003,9207776.745991679],[239731.0232855,9207777.715390377],[239723.90508350002,9207779.386226617],[239720.89353650002,9207780.687853333],[239717.33443550003,9207782.88665838],[239714.82227661868,9207785.1442749],[239712.36917750823,9207788.1558219],[239710.06492542848,9207791.7149229],[239707.20468650002,9207797.015424144],[239703.5923387577,9207805.4037729],[239700.36026150003,9207811.872702591],[239697.62249150002,9207815.481445927],[239695.1584985,9207816.474316305],[239692.4207285,9207815.448287737],[239689.75600240548,9207813.0695289],[239685.5922439367,9207808.415319901],[239683.38608750002,9207806.47480675],[239671.6136765,9207798.287588602],[239663.29581340906,9207792.8100309],[239649.43773950002,9207781.49823366],[239646.6999695,9207779.751945863],[239643.9621995,9207778.664129771],[239640.4030985,9207777.815782122],[239636.84399750002,9207777.451536484],[239620.6911545,9207777.908895042],[239616.58449950002,9207777.640353875],[239609.19252050002,9207776.654542452],[239605.35964250003,9207776.741159232],[239601.5267645,9207777.158156417],[239599.09831115993,9207777.7522959],[239594.4085625,9207779.885712508],[239586.4690295,9207785.778076569],[239583.94271986024,9207787.3344909],[239581.5410435,9207788.345652707],[239580.44593550003,9207788.630744746],[239578.8032735,9207788.748062786],[239576.8868345,9207787.950538449],[239574.1490645,9207785.477650683],[239572.36004401627,9207782.6802819],[239570.26033630935,9207778.0260729],[239568.76066894914,9207775.2883029],[239566.258824559,9207772.0029789],[239564.5668695,9207770.30272685],[239555.2584515,9207763.383246189],[239547.23841792907,9207756.3976899],[239544.04926875574,9207754.4812509],[239540.47449350002,9207752.683553282],[239536.0940615,9207751.145566331],[239530.6185215,9207749.903361063],[239527.0594205,9207749.618952518],[239524.0478735,9207749.791403215],[239521.58388050002,9207750.321932863],[239518.84611050002,9207751.195968231],[239511.18035450001,9207756.00876889],[239509.26391550002,9207756.943469329],[239507.34747650003,9207757.438626833],[239505.56792600002,9207757.453927465]]}},{"type":"Feature","properties":{"fid":60,"ID":59,"ELEV":44.0},"geometry":{"type":"LineString","coordinates":[[239886.14362688138,9207712.4564814],[239882.42196650003,9207715.449787594],[239878.8628655,9207717.203936718],[239871.1971095,9207719.34179901],[239859.42469850002,9207721.70050207],[239856.13937450002,9207722.587122908],[239851.21138850003,9207724.8842684],[239843.81940950002,9207728.980773028],[239838.89142350003,9207730.980987785],[239834.23721450003,9207731.933596944],[239826.0239045,9207732.59614607],[239823.83368850002,9207733.047449639],[239820.27458750003,9207734.065268686],[239812.0612775,9207737.040839732],[239807.95462250002,9207738.227217553],[239803.57419050002,9207739.152128475],[239800.01508950003,9207739.626192605],[239794.26577250002,9207739.929988833],[239784.1360235,9207739.601060005],[239780.5769225,9207739.888841089],[239778.66048350002,9207740.254159043],[239776.56510587412,9207741.0661779],[239763.6027485,9207750.471901607],[239759.2223165,9207753.9780989],[239757.5796545,9207755.654716676],[239756.3678339514,9207757.2190209],[239751.59417778294,9207765.4323309],[239749.9138985,9207767.662712233],[239747.44990550002,9207769.908763511],[239744.43835850002,9207771.551096108],[239740.6054805,9207772.663033135],[239730.7495085,9207774.041912945],[239725.27396850003,9207775.047303082],[239721.7148675,9207775.989072638],[239718.15576650001,9207777.592925051],[239714.69325242235,9207779.9425119],[239711.68755327185,9207782.6802819],[239708.57357150002,9207786.899390616],[239705.47447471702,9207792.5362539],[239701.5622497534,9207801.5708949],[239699.77754657148,9207805.1299959],[239698.0889026003,9207807.8677659],[239696.25360650002,9207809.56643975],[239695.4322755,9207810.003266731],[239693.5158365,9207809.91012593],[239691.59939750002,9207808.752677148],[239685.30252650002,9207802.998704797],[239679.96575745824,9207799.3806789],[239673.92623036364,9207794.7264699],[239665.8643595,9207789.15456405],[239660.6625965,9207784.459904995],[239652.17550950003,9207775.89801362],[239649.43773950002,9207773.682674685],[239646.9737465,9207772.11019435],[239644.78353050002,9207771.031053904],[239642.86709150003,9207770.541662246],[239637.6653285,9207769.891051373],[239621.7862625,9207770.628970785],[239617.1320535,9207770.48227969],[239610.01385150003,9207769.801455531],[239605.90719650002,9207769.804774567],[239603.4432035,9207770.032067193],[239597.96766350002,9207771.348468289],[239595.2298935,9207772.51679815],[239590.90428489802,9207775.0145259],[239587.5641375,9207777.271529334],[239584.0811782966,9207779.9425119],[239582.36237450002,9207780.60347072],[239579.8983815,9207780.538937174],[239577.43438850003,9207779.152670976],[239576.06550350002,9207777.621111088],[239573.6015105,9207774.142784072],[239569.4948555,9207767.666823888],[239567.5784165,9207765.246461453],[239566.3481301346,9207764.0634459],[239563.74553850002,9207762.144695228],[239559.498859519,9207759.4092369],[239550.05668850002,9207752.461780824],[239546.22381050003,9207750.221512474],[239541.2958245,9207747.902494151],[239536.75528184377,9207746.5417179],[239530.89229850002,9207745.309555996],[239526.23808950002,9207745.003698071],[239522.4052115,9207745.275706682],[239520.21499550002,9207745.844665088],[239516.65589450003,9207747.431567952],[239514.7394555,9207748.632138878],[239509.26391550002,9207752.811998105],[239507.62125350002,9207753.45212547],[239505.29414900002,9207753.573633272]]}},{"type":"Feature","properties":{"fid":61,"ID":60,"ELEV":43.5},"geometry":{"type":"LineString","coordinates":[[239882.832632,9207710.15167153],[239881.05308150002,9207711.331798976],[239878.8628655,9207712.448555207],[239873.11354850003,9207714.577057442],[239868.45933950003,9207715.89120826],[239857.82351786364,9207717.7951329],[239855.5918205,9207718.32853856],[239852.5802735,9207719.37288541],[239850.11628050002,9207720.712420605],[239843.54563250003,9207725.06269452],[239841.3554165,9207726.263268711],[239838.0700925,9207727.610404152],[239835.87987650002,9207728.216213565],[239828.48789750002,9207728.322061224],[239824.6550195,9207728.81148174],[239820.82214150002,9207729.789270855],[239813.4301625,9207732.425010206],[239808.5021765,9207733.889111133],[239803.8479675,9207734.76929861],[239800.01508950003,9207735.19457955],[239795.0871035,9207735.363754021],[239783.5884695,9207734.843270136],[239780.02936850002,9207734.907815995],[239777.01782150002,9207735.299747562],[239774.5538285,9207736.304964218],[239772.6373895,9207737.43737265],[239762.52842702862,9207744.8990559],[239756.48454650003,9207749.550289663],[239755.00688126733,9207750.9221499],[239753.6732251743,9207752.5648119],[239752.49903870464,9207754.7550279],[239750.5434595883,9207759.9567909],[239748.81879050002,9207763.232417515],[239747.24842623624,9207765.4323309],[239744.610451162,9207767.3487699],[239743.6170275,9207767.884763736],[239740.0579265,9207769.034738855],[239726.91663050003,9207770.981409797],[239719.7984285,9207772.51503253],[239717.60821250002,9207773.404051013],[239714.59666550002,9207775.001520617],[239711.47713417994,9207777.2047419],[239708.6898129732,9207779.9425119],[239706.724867616,9207782.4065049],[239703.91936250002,9207787.936443787],[239699.02023522876,9207798.8331249],[239697.0749375,9207801.936788294],[239694.8847215,9207804.026900614],[239693.5158365,9207803.84711436],[239691.8731745,9207803.176082278],[239689.1354045,9207801.408325447],[239682.01720250002,9207796.520799512],[239670.79234550003,9207787.873239314],[239668.18806345764,9207785.691828901],[239664.38677145386,9207781.8589509],[239656.0083875,9207771.583823942],[239653.2706175,9207768.835216876],[239648.94924727842,9207765.7061079],[239645.0573075,9207763.920545498],[239643.6884225,9207763.501870528],[239638.48665950002,9207762.724024976],[239621.23870850002,9207763.297699928],[239616.31072250003,9207763.116522484],[239607.00230450003,9207762.373085706],[239604.26453450002,9207762.278052982],[239601.5267645,9207762.453136446],[239597.69388650003,9207763.298774377],[239588.38546850003,9207767.971443556],[239585.10014450003,9207769.422207309],[239583.4574825,9207769.906225337],[239581.5410435,9207770.009994086],[239579.07705050003,9207769.367382701],[239577.89596054563,9207768.4438779],[239576.6130575,9207767.783127641],[239575.2441725,9207766.361288793],[239571.84700668106,9207761.0518989],[239570.31618650001,9207759.066275502],[239567.49817416762,9207756.3976899],[239565.6619775,9207755.126049424],[239546.77136450002,9207745.563352684],[239542.9384865,9207743.971335938],[239539.9269395,9207742.985983284],[239533.0825145,9207741.428943463],[239527.88075150002,9207740.750181772],[239523.22654250002,9207740.733594464],[239520.7625495,9207741.069594134],[239517.93791734692,9207741.8875089],[239515.83456350002,9207742.892653586],[239512.8230165,9207745.005171336],[239509.35114446864,9207747.9106029],[239507.89503050002,9207748.726173101],[239505.97859150002,9207749.08178282],[239505.02037200003,9207748.898232339]]}},{"type":"Feature","properties":{"fid":62,"ID":61,"ELEV":43.0},"geometry":{"type":"LineString","coordinates":[[239886.66551000002,9207703.723612403],[239876.67264950002,9207708.88556483],[239873.66110250002,9207710.340262635],[239870.64955550001,9207711.504069122],[239867.36423150002,9207712.463775266],[239864.07890750002,9207713.077329721],[239856.13937450002,9207714.037688341],[239852.85405050003,9207714.743222767],[239850.6638345,9207715.536232807],[239848.74739550002,9207716.628723847],[239843.81940950002,9207720.49517159],[239841.08163950001,9207722.3205878],[239838.0700925,9207723.86454814],[239836.15365350002,9207724.403917864],[239833.6896605,9207724.547906978],[239828.21412050002,9207724.40640455],[239824.3812425,9207724.737294374],[239821.91724950002,9207725.362771036],[239811.9644979319,9207729.0199899],[239808.5021765,9207730.013030376],[239804.66929850003,9207730.711122092],[239801.93152850002,9207731.006475275],[239797.5510965,9207731.164571306],[239789.06400950003,9207730.951003052],[239782.76713850003,9207730.562140647],[239778.11292950003,9207730.64059388],[239775.37515950002,9207730.965317708],[239773.73249750002,9207731.424861498],[239772.08983550002,9207732.171120131],[239764.15030250003,9207737.266615676],[239756.75832350002,9207742.5388219],[239751.83033750003,9207745.003668725],[239749.65049757267,9207746.8154949],[239747.9974595,9207750.12858272],[239746.9642997841,9207756.6714669],[239746.08820211038,9207759.6830139],[239744.7531428263,9207762.147006901],[239743.54302567468,9207763.5158919],[239741.60493726053,9207764.8847769],[239736.22504850003,9207766.07826717],[239724.7264145,9207767.641761351],[239718.4295435,9207769.104859078],[239714.32288850003,9207770.622122534],[239712.6789953135,9207771.4554249],[239710.7637875,9207772.560297787],[239707.76627290194,9207775.0145259],[239704.00097666602,9207779.6687349],[239702.41218509118,9207782.6802819],[239699.99583699938,9207788.4295989],[239697.51828189995,9207793.6313619],[239695.4322755,9207796.521219267],[239692.96828250002,9207797.83208763],[239690.5042895,9207797.390132457],[239688.04029650002,9207796.39301869],[239686.1238575,9207795.33104114],[239682.7095078286,9207792.8100309],[239673.27105635242,9207785.1442749],[239669.33783591195,9207781.3113969],[239666.3500423274,9207777.7522959],[239663.85653041842,9207774.1931949],[239659.5674885,9207767.186693324],[239654.9132795,9207761.18486923],[239651.21933101106,9207758.5879059],[239646.6999695,9207756.825066311],[239642.86709150003,9207756.086961403],[239638.48665950002,9207755.751215298],[239620.6911545,9207755.870860055],[239614.94183750002,9207755.524849156],[239604.53831150001,9207754.41743494],[239602.0743185,9207754.540164938],[239599.33654850002,9207755.065371195],[239589.4805765,9207758.848756459],[239586.1952525,9207759.233654309],[239584.00503650002,9207759.10881033],[239580.99348950002,9207758.342088778],[239578.8032735,9207757.298771514],[239576.28571347764,9207755.3025819],[239572.78017950003,9207751.933829777],[239570.8637405,9207750.418085063],[239568.67352450002,9207749.107131502],[239563.7408033632,9207747.0892719],[239554.43712050002,9207744.129368493],[239545.12870250002,9207740.426050378],[239538.83183150002,9207738.570652941],[239530.89229850002,9207736.969339482],[239525.4167585,9207736.456062937],[239522.4052115,9207736.525000785],[239517.7510025,9207737.550441986],[239510.495912,9207740.676431123]]}},{"type":"Feature","properties":{"fid":63,"ID":62,"ELEV":42.5},"geometry":{"type":"LineString","coordinates":[[239889.67705700002,9207698.785221398],[239881.6006355,9207702.398051484],[239872.5659945,9207707.110910084],[239870.10200150002,9207708.206077171],[239867.6380085,9207709.021893905],[239864.35268450002,9207709.741678141],[239862.16246850003,9207709.967673527],[239855.3180435,9207710.278629428],[239852.0327195,9207710.884835588],[239850.39005750002,9207711.456940426],[239847.3785105,9207713.060468046],[239841.08163950001,9207718.073356243],[239838.3438695,9207719.697104275],[239836.15365350002,9207720.459221976],[239833.4158835,9207720.75097313],[239827.6665665,9207720.697057756],[239822.4648035,9207721.352983434],[239810.96616950002,9207725.574016329],[239807.95462250002,9207726.372795781],[239804.3955215,9207726.976463053],[239798.0986505,9207727.231817432],[239777.2915985,9207726.441399254],[239774.00627450002,9207726.74151095],[239771.2685045,9207727.533563513],[239767.43562650002,9207729.410958769],[239764.42407950002,9207731.088629924],[239758.40098550002,9207735.082018016],[239755.9369925,9207736.443799276],[239754.2943305,9207736.956867214],[239749.09256750002,9207737.973275833],[239746.90235150003,9207738.674859038],[239744.16458150002,9207740.454649687],[239742.6892391285,9207742.4350629],[239742.29981085565,9207744.8990559],[239742.31784998282,9207754.2074739],[239741.76013939275,9207757.4927979],[239740.3317035,9207760.258137949],[239738.6890415,9207761.528984515],[239736.22504850003,9207762.26934076],[239725.0001915,9207763.806013364],[239716.07283207253,9207765.7061079],[239712.68022650003,9207766.704596158],[239708.29979450002,9207768.92012317],[239705.10072127994,9207771.4554249],[239702.7467283833,9207773.919417901],[239701.1815925,9207776.371949762],[239697.08367725153,9207786.2393829],[239695.97982950002,9207788.249294505],[239694.06339050003,9207791.12902777],[239691.8731745,9207792.265833959],[239689.68295850002,9207792.429813026],[239687.46212808517,9207791.7149229],[239679.00565550002,9207785.365619756],[239673.55865072654,9207780.4900659],[239670.0647831225,9207776.3834109],[239667.5462237574,9207772.5505329],[239664.34652526365,9207766.2536619],[239660.97776268283,9207757.7665749],[239658.96064122117,9207754.2074739],[239657.10349550002,9207752.284889877],[239654.85626585796,9207750.9221499],[239651.9017325,9207749.86351185],[239648.6164085,9207749.261280607],[239643.6884225,9207748.772466237],[239630.82090350002,9207748.876800079],[239623.4289245,9207748.512866756],[239618.22716150002,9207747.9140024],[239610.28762850002,9207746.61573393],[239607.27608150002,9207746.341283612],[239602.89564950002,9207746.884303538],[239599.0627715,9207748.03221679],[239591.1232385,9207750.917314015],[239588.1116915,9207751.390248114],[239586.74280650003,9207751.405103028],[239584.27881350002,9207750.88543118],[239581.5410435,9207749.793175023],[239578.5294965,9207748.06151674],[239573.32773350002,9207744.635191964],[239569.76863250002,9207742.735697916],[239565.9357545,9207741.5477293],[239555.2584515,9207739.329781137],[239542.3909325,9207735.384269098],[239534.17762250002,9207733.434579026],[239529.52341350002,9207732.725665644],[239526.51186650002,9207732.531579101],[239522.4052115,9207732.618625913],[239518.57233350002,9207733.452707995],[239512.54923950002,9207735.364462981],[239510.22213500002,9207735.658765906]]}},{"type":"Feature","properties":{"fid":64,"ID":63,"ELEV":42.0},"geometry":{"type":"LineString","coordinates":[[239893.236158,9207693.521647763],[239888.1712835,9207696.15345732],[239883.2432975,9207697.978642033],[239880.5055275,9207699.21419693],[239871.47088650003,9207704.266783282],[239867.9117855,9207705.738900242],[239862.9837995,9207706.762832474],[239854.49671250003,9207706.570781387],[239852.0327195,9207706.918279668],[239849.56872650003,9207707.72086111],[239846.83095650002,9207709.071891822],[239844.91451750003,9207710.38942467],[239839.4984897818,9207714.7835859],[239835.87987650002,9207716.651445655],[239833.6896605,9207716.979073929],[239824.92879650003,9207717.442408578],[239821.91724950002,9207718.053188156],[239818.63192550003,9207719.020360263],[239809.87106150002,9207722.24182691],[239806.58573750002,9207723.014060352],[239803.30041350002,9207723.41922542],[239797.5510965,9207723.404277002],[239776.74404450002,9207722.035794154],[239774.8276055,9207721.980566058],[239773.1849435,9207722.170593208],[239770.72095050002,9207722.763305634],[239767.43562650002,9207724.075392984],[239764.42407950002,9207725.615205573],[239757.85343150003,9207729.464249596],[239755.9369925,9207730.339533763],[239753.47299950002,9207730.917344887],[239746.6285745,9207731.835975276],[239742.79569650002,9207733.15347958],[239739.51037250002,9207735.29864671],[239738.4152645,9207736.695183061],[239737.33084360365,9207739.6972929],[239736.9185216318,9207741.6137319],[239736.88616224803,9207742.9826169],[239737.46716959824,9207752.0172579],[239737.19218708074,9207754.4812509],[239736.84496354026,9207755.5763589],[239736.49882550002,9207756.052360687],[239735.6774945,9207756.71834578],[239732.3921705,9207758.216576701],[239728.0117385,9207759.334014865],[239719.25087450002,9207760.946941229],[239712.1326725,9207762.536358837],[239708.8473485,9207763.565968268],[239706.1095785,9207764.839807712],[239703.4269634977,9207766.8012159],[239700.36026150003,9207769.967226243],[239698.40179371196,9207772.8243099],[239696.99455992162,9207775.8358569],[239695.0650269543,9207781.3113969],[239693.79952058927,9207783.5016129],[239691.8731745,9207785.570144407],[239689.1354045,9207786.366069682],[239686.94518850002,9207785.968171244],[239683.11231050003,9207783.733327508],[239678.45810150003,9207780.312261317],[239676.53396162225,9207778.5736269],[239674.03921050983,9207775.8358569],[239672.25343063785,9207773.3718639],[239670.47257854394,9207770.3603169],[239668.4082091703,9207765.7061079],[239666.88660372037,9207761.0518989],[239665.3168055,9207754.213204449],[239664.76925150002,9207752.43073137],[239663.8381788763,9207750.374595901],[239661.76580130917,9207747.0892719],[239659.5674885,9207745.160273159],[239656.5559415,9207743.342287078],[239653.81817150002,9207742.383966545],[239650.53284750003,9207741.786990652],[239647.52130050003,9207741.580900475],[239634.3800045,9207742.11660525],[239627.26180250003,9207741.954142991],[239623.15514750002,9207741.526949372],[239615.7631685,9207740.297623785],[239608.91874350002,9207738.75633839],[239605.63341950002,9207738.480435206],[239602.34809550003,9207738.745570771],[239600.1578795,9207739.313790478],[239597.96766350002,9207740.240905708],[239591.67079250002,9207743.835067179],[239590.30190750002,9207744.170342833],[239588.1116915,9207744.241548333],[239585.9214755,9207743.945212534],[239582.9099285,9207743.009141255],[239579.8983815,9207741.72612999],[239573.32773350002,9207738.329472318],[239568.12597050003,9207736.310212187],[239565.11442350002,9207735.710978065],[239557.17489050003,9207734.690128561],[239554.16334350003,9207734.12344276],[239542.3909325,9207730.931520548],[239534.7251765,9207729.13156628],[239530.3447445,9207728.605759084],[239524.0478735,9207728.712929096],[239520.21499550002,9207729.380357219],[239513.3705705,9207731.401227266],[239511.4541315,9207731.581199551],[239509.94835800002,9207731.401917284]]}},{"type":"Feature","properties":{"fid":65,"ID":64,"ELEV":41.5},"geometry":{"type":"LineString","coordinates":[[239892.41482700003,9207690.42939468],[239888.4450605,9207692.415223928],[239883.2432975,9207694.234185599],[239880.77930450003,9207695.339364935],[239877.76775750003,9207696.980508402],[239871.74466350002,9207700.870520923],[239869.2806705,9207702.159024147],[239867.36423150002,9207702.851528887],[239864.9002385,9207703.374150895],[239862.16246850003,9207703.50140393],[239856.13937450002,9207702.939152215],[239853.9491585,9207702.935125733],[239851.21138850003,9207703.354357282],[239848.19984150003,9207704.226419864],[239845.46207150002,9207705.529140212],[239843.81940950002,9207706.618789228],[239837.99828213936,9207711.2244849],[239835.60609950003,9207712.539666725],[239833.4158835,9207713.190146275],[239824.3812425,9207714.17370727],[239821.0959185,9207714.849397184],[239818.63192550003,9207715.496772584],[239809.59728450002,9207718.736443363],[239806.31196050002,9207719.534034586],[239803.8479675,9207719.776117511],[239798.91998150002,9207719.71884338],[239787.42134750003,9207718.796972152],[239781.12447650003,9207717.97183881],[239776.47026750003,9207716.935245834],[239774.8276055,9207716.836217703],[239772.6373895,9207717.037695417],[239770.72095050002,9207717.48425451],[239767.70940350002,9207718.568520615],[239764.15030250003,9207720.300786711],[239759.2223165,9207723.121838598],[239755.9369925,9207724.407457074],[239753.47299950002,9207725.002236988],[239746.3547975,9207725.73373595],[239743.0694735,9207726.364033144],[239741.15303450002,9207726.81291611],[239738.3283016373,9207727.9248819],[239735.0893877819,9207730.3888749],[239733.3856750757,9207733.1266449],[239732.49151047156,9207735.5906379],[239731.9098594838,9207739.6972929],[239731.82372572515,9207742.4350629],[239732.03621903702,9207748.4581569],[239731.2970625,9207751.313399334],[239729.1068465,9207753.46176286],[239725.54774550002,9207755.208167844],[239720.18483268324,9207756.6714669],[239709.94245650002,9207758.880161688],[239707.4784635,9207759.58868174],[239703.34518025178,9207761.325675901],[239699.5389305,9207764.234965727],[239697.41602956847,9207766.5274389],[239694.06339050003,9207771.788811557],[239691.8731745,9207777.552222906],[239690.2305125,9207778.99808352],[239687.7665195,9207779.980611067],[239685.5763035,9207779.892672408],[239683.9336415,9207779.37722239],[239680.10076350003,9207776.995621257],[239677.9105475,9207775.056792421],[239675.15813022922,9207771.7292019],[239672.98256150002,9207767.798145434],[239671.47449851653,9207763.7896689],[239670.14212857655,9207758.8616829],[239668.60705600807,9207750.374595901],[239667.14844423154,9207746.2679409],[239664.03379420016,9207740.5186239],[239662.5790355,9207738.862156715],[239659.8753483975,9207736.959522901],[239656.82971850003,9207735.76503817],[239653.81817150002,9207735.098010948],[239651.3541785,9207734.77973355],[239635.20133550002,9207735.53330937],[239627.53557950002,9207735.587030575],[239624.25025550002,9207735.438150425],[239617.95338450003,9207734.52767522],[239613.84672950002,9207733.42343333],[239606.4547505,9207731.07994239],[239604.26453450002,9207730.690339796],[239602.0743185,9207730.581033077],[239600.1578795,9207730.837668352],[239598.1131253925,9207731.4839829],[239592.2183465,9207734.747329388],[239588.65924550002,9207736.37928001],[239586.4690295,9207736.731568746],[239585.10014450003,9207736.635909425],[239580.71971250002,9207735.545161178],[239573.8752875,9207732.697283827],[239569.76863250002,9207731.257029254],[239563.74553850002,9207730.09442859],[239557.44866750002,9207729.610939324],[239553.3420125,9207728.94716576],[239548.14024950002,9207727.685028866],[239538.55805450003,9207724.857711678],[239535.2727305,9207724.22324278],[239533.0825145,9207724.03863329],[239529.52341350002,9207724.043934485],[239526.23808950002,9207724.29007103],[239521.0363265,9207725.434984157],[239513.64434750003,9207727.786653474],[239511.7279085,9207727.977956189],[239509.67458100003,9207727.78567185]]}},{"type":"Feature","properties":{"fid":66,"ID":65,"ELEV":41.0},"geometry":{"type":"LineString","coordinates":[[239891.31971900002,9207687.39928936],[239884.06462850003,9207690.064401597],[239881.32685850002,9207691.317311622],[239877.2202035,9207693.76241842],[239870.37577850002,9207698.364177987],[239867.6380085,9207699.663891727],[239864.9002385,9207700.296416828],[239861.8886915,9207700.30415053],[239856.6869285,9207699.546725718],[239853.9491585,9207699.364018278],[239851.21138850003,9207699.565781998],[239848.47361850002,9207700.237032166],[239843.54563250003,9207702.27164477],[239841.90297050003,9207703.352190461],[239838.3438695,9207706.315182796],[239836.15365350002,9207707.858215882],[239833.14210650002,9207709.33038769],[239829.58300550003,9207710.219649317],[239824.1074655,9207710.975688271],[239820.54836450002,9207711.71807009],[239818.0843715,9207712.364940712],[239809.59728450002,9207715.191927548],[239805.7644065,9207716.155106789],[239801.93152850002,9207716.219448147],[239799.1937585,9207716.035455354],[239786.32623950002,9207714.634343743],[239782.76713850003,9207713.972967487],[239777.01782150002,9207712.145309333],[239775.10138250003,9207711.836170224],[239772.36361250002,9207711.82381277],[239767.9831805,9207712.923898326],[239764.9716335,9207714.231349334],[239759.49609350003,9207717.43802273],[239756.2107695,9207718.650406398],[239752.10411450002,9207719.300756842],[239744.16458150002,9207719.897528376],[239740.6054805,9207720.483334163],[239737.3201565,9207721.506289093],[239734.3086095,9207723.187211402],[239731.57083950003,9207725.58713653],[239729.0948970152,9207729.2937669],[239727.36788684136,9207733.6741989],[239727.13933939062,9207734.7693069],[239726.68354951532,9207737.2332999],[239726.2937489576,9207745.7203869],[239725.43276947178,9207748.4581569],[239725.0788622668,9207749.0057109],[239723.3575295,9207750.655419681],[239720.61975950003,9207752.05310965],[239716.23932750002,9207753.367121832],[239707.7522405,9207755.403374756],[239703.64558550002,9207756.836764386],[239700.36026150003,9207758.522575863],[239697.82763043017,9207760.2305679],[239695.46655420752,9207762.4207839],[239688.8616275,9207770.48465961],[239687.4927425,9207771.653211368],[239684.75497250003,9207772.849057453],[239682.5647565,9207772.841218924],[239680.64831750002,9207772.079182819],[239679.00565550002,9207770.581168825],[239677.63677050002,9207768.930523744],[239676.50849736217,9207767.0749929],[239674.9677716089,9207763.5158919],[239674.01960903435,9207760.504344901],[239673.28552958564,9207757.2190209],[239670.9645426544,9207743.8039479],[239669.1830112366,9207739.1497389],[239667.9232365338,9207736.6857459],[239666.13813650003,9207734.091055842],[239663.67414350001,9207732.107179869],[239657.9248265,9207729.549295528],[239654.6395025,9207728.806413643],[239651.6279555,9207728.575529827],[239628.6306875,9207729.36714749],[239622.0600395,9207729.210106289],[239620.1436005,9207728.901556417],[239617.6654394361,9207728.1986589],[239614.1205065,9207726.844151804],[239608.64496650003,9207724.335981235],[239606.7285275,9207723.679246217],[239603.99075750003,9207722.976805871],[239602.0743185,9207722.729435518],[239599.88410250001,9207722.930848075],[239597.4201095,9207723.786550222],[239590.8494615,9207727.905092109],[239588.38546850003,9207729.095658235],[239586.4690295,9207729.581900818],[239584.5525905,9207729.714434069],[239580.99348950002,9207729.152945101],[239572.5064025,9207726.662246024],[239566.75708550002,9207725.371850127],[239561.5553225,9207724.65416892],[239556.3535595,9207724.180396624],[239551.6993505,9207723.444163797],[239546.77136450002,9207722.128112389],[239538.83183150002,9207719.459338143],[239533.90384550003,9207718.871124098],[239529.52341350002,9207718.94910942],[239525.4167585,9207719.478088187],[239520.48877250002,9207721.069330873],[239514.19190150002,9207723.493449556],[239511.18035450001,9207723.803998722],[239509.67458100003,9207723.080778703]]}},{"type":"Feature","properties":{"fid":67,"ID":66,"ELEV":37.0},"geometry":{"type":"LineString","coordinates":[[239518.9269259567,9207685.9001124],[239518.709222,9207685.637238024]]}},{"type":"Feature","properties":{"fid":68,"ID":67,"ELEV":40.5},"geometry":{"type":"LineString","coordinates":[[239894.05748900003,9207683.163475316],[239883.2432975,9207686.60962656],[239878.5890885,9207689.252729977],[239871.13332254277,9207694.5240879],[239868.1855625,9207696.203741409],[239865.17401550003,9207697.330404766],[239864.07890750002,9207697.389179176],[239853.6753815,9207695.767554909],[239850.6638345,9207695.875344332],[239848.74739550002,9207696.31109719],[239846.2834025,9207697.053285228],[239843.81940950002,9207698.164199889],[239840.80786250002,9207699.966892319],[239834.295649955,9207704.6538369],[239831.05995656652,9207706.2964989],[239827.94034350003,9207707.179795371],[239820.27458750003,9207708.666895531],[239809.0497305,9207711.854295952],[239803.57419050002,9207712.639225677],[239798.0986505,9207712.167185398],[239789.33778650002,9207711.007692745],[239783.8622465,9207710.039378384],[239776.47026750003,9207707.284413014],[239774.5538285,9207706.727653895],[239772.08983550002,9207706.443118002],[239769.8996195,9207706.649265876],[239767.43562650002,9207707.379291825],[239762.78141750002,9207709.535716286],[239758.12720850002,9207712.284374762],[239755.9369925,9207713.049040755],[239753.47299950002,9207713.421992673],[239743.3432505,9207713.909599919],[239739.51037250002,9207714.472778562],[239735.4037175,9207715.753683204],[239731.60709386933,9207717.7951329],[239728.28551550003,9207720.439294616],[239726.1778522536,9207722.7231189],[239724.25113943923,9207725.4608889],[239722.96363317754,9207728.7462129],[239721.7225080012,9207733.1266449],[239721.24750485955,9207736.6857459],[239721.19119583798,9207739.423515901],[239720.78825108483,9207742.7088399],[239719.20316209528,9207746.2679409],[239718.80072546433,9207746.8154949],[239715.42388739827,9207749.0057109],[239712.95400350002,9207749.884563848],[239705.56202450002,9207751.79097629],[239702.27670050002,9207752.959990887],[239698.99137650002,9207754.637669876],[239694.06339050003,9207758.00733357],[239689.1354045,9207762.456282238],[239686.94518850002,9207764.003479639],[239684.2074185,9207764.650339533],[239680.64831750002,9207763.477164539],[239678.09207355438,9207760.2305679],[239676.5416625,9207755.258986836],[239675.6147168502,9207750.374595901],[239674.40943342002,9207742.1612859],[239673.41028491597,9207738.0546309],[239672.22043577122,9207735.0430839],[239670.5185685,9207731.902905844],[239667.24725934755,9207727.651104901],[239665.3168055,9207726.002130155],[239662.8528125,9207724.47432529],[239659.76229496414,9207723.2706729],[239656.5559415,9207722.643865095],[239653.5443945,9207722.449482419],[239627.26180250003,9207723.189236205],[239622.88137050002,9207722.908651263],[239619.3222695,9207721.917019194],[239616.31072250003,9207720.618167602],[239609.19252050002,9207716.838384055],[239606.4547505,9207715.895793868],[239602.89564950002,9207715.179840617],[239600.70543350003,9207715.274684908],[239597.4201095,9207716.228606137],[239595.7774475,9207717.084690712],[239589.4805765,9207721.483349727],[239587.5641375,9207722.360790052],[239585.37392150002,9207723.008796906],[239583.73125950003,9207723.253585836],[239579.8983815,9207722.835363397],[239562.9242075,9207719.631021462],[239551.42557350002,9207718.075470567],[239546.22381050003,9207716.676381784],[239539.9269395,9207714.690111147],[239534.7251765,9207713.771544548],[239530.3447445,9207713.835045738],[239523.50031950002,9207714.744494308],[239519.1198875,9207716.33306298],[239517.20344850002,9207716.77483531],[239514.87634400002,9207717.02126038]]}},{"type":"Feature","properties":{"fid":69,"ID":68,"ELEV":40.0},"geometry":{"type":"LineString","coordinates":[[239896.24770500002,9207679.898457369],[239885.1597365,9207682.515128465],[239882.87494401325,9207683.2992309],[239879.13664250003,9207685.264820723],[239870.9233325,9207691.297840709],[239867.36423150002,9207693.236044977],[239865.44779250002,9207693.722717825],[239863.2575765,9207693.77549958],[239854.2229355,9207692.642930524],[239851.21138850003,9207692.671178961],[239847.6759639437,9207693.155202901],[239844.6407405,9207694.023416087],[239841.6291935,9207695.442314781],[239838.6176465,9207697.317576256],[239832.3207755,9207701.820772782],[239828.7616745,9207703.598679308],[239826.29768150003,9207704.352706645],[239820.0008105,9207705.719687672],[239810.1448385,9207708.251975244],[239805.4906295,9207708.834232142],[239802.4790825,9207708.82951545],[239798.91998150002,9207708.461724157],[239786.60001650002,9207706.55594589],[239783.31469250002,9207705.684669925],[239781.12447650003,9207704.83797039],[239776.1964905,9207702.163369589],[239773.73249750002,9207701.15405425],[239771.5422815,9207700.78963791],[239768.5307345,9207701.212939717],[239766.06674150002,9207702.090369804],[239758.6747625,9207706.109924015],[239756.75832350002,9207706.96649588],[239754.0205535,9207707.622039767],[239751.0090065,9207707.820070522],[239743.3432505,9207707.64080694],[239740.87925750003,9207707.75730648],[239738.14148750002,9207708.089754125],[239735.37098493308,9207708.7604919],[239731.57083950003,9207710.226151664],[239727.7379615,9207712.69868772],[239724.7264145,9207715.25638587],[239722.68186475287,9207717.5213559],[239720.89353650002,9207719.90401698],[239718.8417991419,9207723.8182269],[239717.0606585,9207729.50506928],[239716.29349763642,9207733.4004219],[239716.35321733073,9207738.8759619],[239716.15984887705,9207740.5186239],[239715.4179965,9207742.319535727],[239714.32288850003,9207743.829637133],[239712.1326725,9207745.188572275],[239700.36026150003,9207749.127415195],[239697.34871450003,9207750.583908187],[239691.59939750002,9207754.290485749],[239686.39763450003,9207757.103156457],[239683.9336415,9207757.063052034],[239681.74342550003,9207756.225399202],[239680.00486446076,9207752.5648119],[239679.19397679062,9207749.8270419],[239678.6998894253,9207747.0892719],[239677.67016415644,9207738.602184901],[239677.14775131314,9207735.8644149],[239675.72033150002,9207731.465593662],[239673.33619598998,9207726.829773901],[239670.70088783605,9207722.9968959],[239668.32835250002,9207720.358645694],[239666.41140144828,9207718.8902409],[239664.2216975,9207717.667618845],[239661.75770450002,9207716.865169324],[239659.01993450001,9207716.405886743],[239655.18705650003,9207716.236169694],[239631.0946805,9207716.798822898],[239627.80935650002,9207716.757071933],[239623.9764785,9207716.423372522],[239621.51248550002,9207715.861247864],[239619.3222695,9207714.973656982],[239610.8351825,9207709.981271882],[239607.8236355,9207708.558197146],[239605.35964250003,9207707.674326658],[239603.7169805,9207707.327830998],[239601.25298750002,9207707.36899405],[239598.5152175,9207708.019633265],[239596.05122450003,9207709.297758596],[239590.02813050002,9207714.012164976],[239587.8379145,9207715.318824157],[239585.10014450003,9207716.26217076],[239580.99348950002,9207716.71487277],[239577.43438850003,9207716.733483428],[239571.41129450002,9207716.150862293],[239561.2815455,9207714.218947714],[239552.52068150003,9207713.07183851],[239548.14024950002,9207712.052935774],[239539.6531625,9207709.624989444],[239536.0940615,9207709.054084102],[239533.6300685,9207709.018889744],[239530.6185215,9207709.276699819],[239519.1198875,9207712.096260868],[239516.92967150002,9207712.303366827],[239514.60256700002,9207711.930095052]]}},{"type":"Feature","properties":{"fid":70,"ID":69,"ELEV":39.5},"geometry":{"type":"LineString","coordinates":[[239898.164144,9207677.254608558],[239882.69574350002,9207680.63133922],[239880.35075351442,9207681.6565689],[239876.12509550003,9207684.11901839],[239868.73311650002,9207688.99581103],[239865.72156950002,9207690.060331285],[239863.2575765,9207690.308760274],[239856.9607055,9207689.695385018],[239850.9376115,9207689.66066604],[239848.19984150003,9207689.795439184],[239843.93156438874,9207690.6912099],[239839.16520050002,9207692.969383491],[239836.9749845,9207694.277099628],[239831.75200284363,9207698.0831889],[239828.17155151526,9207700.2734049],[239824.3812425,9207701.61903726],[239811.23994650002,9207704.856939336],[239808.22839950002,9207705.228758693],[239803.57419050002,9207705.183900163],[239792.62311050002,9207703.590632534],[239786.32623950002,9207702.330996012],[239781.94580750001,9207700.834541468],[239780.30319915022,9207699.7258509],[239775.64893650002,9207695.982931728],[239774.00627450002,9207695.130653575],[239771.81605850003,9207694.608795054],[239769.6258425,9207694.77982959],[239767.16184950003,9207695.70575844],[239764.9716335,9207696.798477573],[239758.6747625,9207700.77749069],[239756.48454650003,9207701.72020771],[239754.5681075,9207702.198798077],[239751.2827835,9207702.339199364],[239742.24814250003,9207701.364923794],[239738.9628185,9207701.312931152],[239734.0348325,9207701.96007873],[239731.0232855,9207702.825939972],[239728.83306950002,9207703.862764468],[239726.6428535,9207705.333905375],[239723.63130650003,9207707.852400135],[239720.75542080074,9207710.9507079],[239717.30409686602,9207715.6049169],[239715.55133668313,9207719.4377949],[239713.5015575,9207724.86409794],[239712.94176197267,9207726.829773901],[239711.9811572661,9207732.0315369],[239711.58511850002,9207736.721981091],[239710.73712691764,9207738.602184901],[239709.0363894374,9207740.5186239],[239706.93090950002,9207741.891773205],[239696.8011605,9207745.779939132],[239689.95673550002,9207749.136059748],[239687.4927425,9207749.591869045],[239684.4811955,9207748.267650353],[239682.8385335,9207745.796949832],[239682.08539202987,9207743.2563939],[239680.59100615996,9207732.5790909],[239679.35630376212,9207727.651104901],[239673.98505058466,9207718.3426869],[239671.68219043466,9207715.3311399],[239670.5185685,9207714.203974072],[239669.14968350003,9207713.351784492],[239666.13813650003,9207711.916771378],[239662.8528125,9207710.923209019],[239657.6510495,9207710.16695758],[239648.89018550003,9207710.366335291],[239629.9995725,9207710.380552987],[239624.52403250002,9207710.09759532],[239621.23870850002,9207708.867828036],[239614.1205065,9207703.75563852],[239611.1089595,9207702.051116088],[239608.91874350002,9207701.043953734],[239606.7285275,9207700.350388205],[239603.1694265,9207699.746698784],[239600.1578795,9207699.887834724],[239596.59877850002,9207701.115056418],[239594.05439014625,9207702.7373979],[239589.88266502632,9207707.1178299],[239587.5641375,9207709.007878434],[239585.10014450003,9207710.36442047],[239582.9099285,9207711.12721966],[239580.44593550003,9207711.523999004],[239576.6130575,9207711.567131152],[239571.9588485,9207711.1411363],[239560.46021450002,9207709.065216273],[239553.3420125,9207708.142501675],[239549.78291150002,9207707.192740763],[239543.21226350003,9207704.962338433],[239540.74827050001,9207704.388234943],[239538.2842775,9207704.070416186],[239535.82028450002,9207704.050366437],[239531.4398525,9207704.780854387],[239521.0363265,9207708.021388514],[239518.84611050002,9207708.452050995],[239516.65589450003,9207708.373384418],[239514.32879000003,9207707.48104813]]}},{"type":"Feature","properties":{"fid":71,"ID":70,"ELEV":37.0},"geometry":{"type":"LineString","coordinates":[[239517.769742513,9207680.6983494],[239517.9589439649,9207678.6450219],[239518.58591460844,9207676.5916944]]}},{"type":"Feature","properties":{"fid":72,"ID":71,"ELEV":37.5},"geometry":{"type":"LineString","coordinates":[[239513.82701318536,9207679.6032414],[239514.56384949753,9207676.5916944]]}},{"type":"Feature","properties":{"fid":73,"ID":72,"ELEV":39.0},"geometry":{"type":"LineString","coordinates":[[239899.806806,9207675.074500203],[239885.1597365,9207677.842697259],[239881.32685850002,9207678.960919674],[239876.92626128907,9207680.8352379],[239868.73311650002,9207685.395918265],[239866.81667750003,9207686.25089078],[239865.44779250002,9207686.63009954],[239863.2575765,9207686.915369846],[239847.3785105,9207686.844011867],[239843.2718555,9207687.746407576],[239838.89142350003,9207689.38742058],[239836.4274305,9207690.696530147],[239829.58300550003,9207695.416056031],[239825.168334425,9207697.8094119],[239819.4532565,9207699.78429231],[239813.1563855,9207701.34059031],[239810.1448385,9207701.873563243],[239805.7644065,9207701.852743013],[239791.8017795,9207699.467174385],[239786.87248713395,9207698.3569659],[239783.744434673,9207696.9880809],[239782.4933615,9207696.159568736],[239780.16279725253,9207694.2503109],[239775.10138250003,9207689.532845356],[239773.98093781108,9207689.0485479],[239772.4105168358,9207687.9534399],[239771.2685045,9207687.729543226],[239769.6258425,9207687.991536228],[239768.2569575,9207688.662066909],[239759.49609350003,9207695.16493348],[239756.48454650003,9207696.599796256],[239753.47299950002,9207697.018072784],[239750.18767550003,9207696.780240776],[239741.42681150002,9207694.829511857],[239738.6890415,9207694.499613577],[239735.4037175,9207694.56400564],[239731.84461650002,9207695.1292038],[239729.1068465,9207695.947847076],[239727.19040750002,9207696.842787538],[239725.0001915,9207698.22948099],[239721.7148675,9207700.920703465],[239719.0965460257,9207703.5587289],[239717.0606585,9207706.434243927],[239714.65798111132,9207710.6769309],[239712.3768794794,9207715.878693901],[239709.74123955125,9207722.9968959],[239706.91753981358,9207732.3053139],[239705.33294159526,9207735.0430839],[239702.69882110463,9207737.5070769],[239699.8127075,9207739.163599849],[239694.06339050003,9207741.439351937],[239691.59939750002,9207742.035167096],[239689.1354045,9207741.574110461],[239686.2698942298,9207738.602184901],[239684.75497250003,9207734.790375723],[239683.03774771566,9207727.1035509],[239682.13850741193,9207724.6395579],[239679.06772487244,9207718.3426869],[239675.72033150002,9207712.865919702],[239672.98256150002,9207709.709738713],[239671.06612250002,9207708.018647332],[239669.69723750002,9207707.197776647],[239668.32835250002,9207706.660702163],[239665.04302850002,9207705.773076965],[239658.1986035,9207704.780273572],[239633.0111195,9207703.726472458],[239628.6306875,9207703.280767662],[239626.4404715,9207702.773483839],[239623.51001703212,9207701.3685129],[239617.6796075,9207696.848730244],[239615.21561450002,9207695.46022861],[239610.56140550002,9207693.81255619],[239605.90719650002,9207692.99631134],[239602.89564950002,9207692.91259614],[239600.97921050002,9207693.154419063],[239597.4201095,9207694.04064217],[239595.7774475,9207694.77090387],[239591.81230288683,9207697.5356349],[239587.541403067,9207701.9160669],[239585.37392150002,9207703.807617081],[239582.08859750003,9207705.658667682],[239579.62460450002,9207706.350743981],[239575.79172650003,9207706.284611039],[239569.2210785,9207705.63996688],[239561.5553225,9207704.232115908],[239554.16334350003,9207703.154118346],[239549.78291150002,9207701.657257698],[239544.0335945,9207698.655764367],[239541.56960150003,9207698.003089977],[239540.47449350002,9207697.892484762],[239538.55805450003,9207697.85556808],[239535.82028450002,9207698.360465508],[239533.0825145,9207699.280697906],[239525.4167585,9207702.387400452],[239519.6674415,9207704.009436615],[239518.29855650003,9207703.834639857],[239517.4772255,9207703.394929335],[239514.32879000003,9207700.90581726]]}},{"type":"Feature","properties":{"fid":74,"ID":73,"ELEV":38.5},"geometry":{"type":"LineString","coordinates":[[239901.449468,9207672.886565916],[239897.2059245,9207673.885703476],[239885.1597365,9207675.842674619],[239880.82174312588,9207677.0023599],[239875.5775415,9207679.03805028],[239870.10200150002,9207681.687108565],[239865.44779250002,9207683.448059544],[239862.43624550002,9207683.917086579],[239859.15092150003,9207684.05455187],[239847.10473350002,9207684.126724828],[239844.6407405,9207684.459804568],[239840.80786250002,9207685.379346527],[239838.0700925,9207686.206432797],[239836.15365350002,9207687.086960714],[239832.4013670523,9207689.3223249],[239827.1190125,9207692.836640906],[239823.55991150002,9207694.805811008],[239821.0959185,9207695.83374256],[239818.0843715,9207696.763008473],[239814.25149350002,9207697.695259714],[239810.96616950002,9207698.184262725],[239808.22839950002,9207698.343087645],[239806.8595145,9207698.179780103],[239792.76710569594,9207695.6191959],[239789.33778650002,9207694.714310652],[239785.5049085,9207693.261657313],[239782.4933615,9207691.53884079],[239780.02936850002,9207689.125650482],[239778.6115609462,9207687.4058859],[239776.1964905,9207683.04644347],[239774.8276055,9207681.157817522],[239773.1849435,9207679.749191727],[239772.6373895,9207679.568907803],[239771.2685045,9207679.454620492],[239768.2610327754,9207681.1090149],[239765.2454105,9207684.174958892],[239763.74971801406,9207686.0370009],[239760.89686239875,9207689.0485479],[239759.45430199534,9207690.1436559],[239756.75832350002,9207691.348757159],[239754.2943305,9207691.773861613],[239751.2827835,9207691.494792655],[239742.52191950002,9207688.91339578],[239738.14148750002,9207687.860267645],[239735.4037175,9207687.505436331],[239732.6659475,9207687.55308029],[239728.0117385,9207688.64561539],[239725.27396850003,9207689.94906908],[239721.4410905,9207692.582896117],[239720.0722055,9207693.752739213],[239717.33443550003,9207696.706051031],[239714.99852335284,9207699.7258509],[239713.8071936962,9207701.6422899],[239712.4064495,9207704.610021958],[239709.1211255,9207712.59408286],[239704.7406935,9207724.056662796],[239702.13747916423,9207729.2937669],[239700.48079791214,9207731.2102059],[239697.89626850002,9207733.111847749],[239693.7896135,9207734.150005752],[239692.4207285,9207733.901430044],[239689.95673550002,9207732.89800676],[239688.58785050001,9207730.685753178],[239686.9003285638,9207726.008442901],[239683.65986450002,9207718.786679944],[239680.37674894446,9207712.5933699],[239678.6615047704,9207709.8555999],[239676.5416625,9207706.95707328],[239675.11145018207,9207705.4751679],[239672.43500750003,9207703.385651955],[239670.2447915,9207702.168678524],[239667.2332445,9207701.106218189],[239662.03148150002,9207699.930451626],[239653.5443945,9207698.842972798],[239636.57022050003,9207697.069518864],[239631.91601150003,9207696.274543213],[239629.7257955,9207695.619565703],[239627.53557950002,9207694.484947262],[239620.6911545,9207689.837971166],[239618.22716150002,9207688.62474133],[239615.4893915,9207687.763458747],[239613.57295250002,9207687.40083247],[239609.19252050002,9207686.970329449],[239605.35964250003,9207687.052668415],[239602.89564950002,9207687.306259548],[239599.61032550002,9207688.05224985],[239594.95611650002,9207689.963623554],[239592.70944973425,9207691.2387639],[239589.9268280252,9207693.155202901],[239585.37392150002,9207696.928123135],[239582.08859750003,9207699.306863911],[239580.71971250002,9207699.872857995],[239579.07705050003,9207700.114131764],[239568.39974750002,9207699.979899015],[239556.07978250002,9207698.441008156],[239553.6157895,9207697.844025135],[239550.3304655,9207696.465797994],[239544.85492550003,9207692.951196874],[239542.3909325,9207692.381161254],[239539.9269395,9207692.168421563],[239535.82028450002,9207692.954298941],[239525.14298150002,9207697.718472121],[239523.7740965,9207698.03835773],[239521.85765750002,9207698.151241293],[239519.53055300002,9207697.672486987]]}},{"type":"Feature","properties":{"fid":75,"ID":74,"ELEV":38.0},"geometry":{"type":"LineString","coordinates":[[239902.27079900002,9207670.539752075],[239899.66991750002,9207671.629914263],[239897.7534785,9207672.116215939],[239888.4450605,9207673.390761599],[239881.05308150002,9207675.0073799],[239876.39887250002,9207676.565937994],[239867.6380085,9207680.05481167],[239864.07890750002,9207681.02287366],[239860.51980650003,9207681.383162899],[239846.0096255,9207681.755127875],[239842.45052450002,9207682.109987866],[239839.4176497449,9207682.7516769],[239835.0585455,9207684.295104979],[239832.54908272988,9207685.4894469],[239823.83368850002,9207690.658297889],[239821.3696955,9207691.86991968],[239818.3581485,9207692.82830499],[239814.7990475,9207693.548241064],[239810.96616950002,9207693.865105836],[239806.8595145,9207693.651457462],[239793.1706645,9207691.432686653],[239788.5164555,9207690.17615159],[239785.2311315,9207688.842137422],[239783.487704055,9207687.6796629],[239781.94580750001,9207686.358263602],[239780.96799898587,9207685.2156699],[239779.5957376576,9207682.4778999],[239778.11292950003,9207678.56855731],[239775.37515950002,9207673.282208575],[239772.6373895,9207671.368602261],[239768.80451150003,9207672.488772994],[239767.43562650002,9207673.547425987],[239766.34051850002,9207674.625152627],[239765.21661518447,9207676.1810289],[239761.43758791,9207682.7516769],[239760.38368238794,9207684.1205619],[239758.9485395,9207685.319436958],[239756.75832350002,9207686.297881],[239754.2943305,9207686.461371616],[239751.2827835,9207685.957394386],[239742.24814250003,9207682.871922828],[239737.0463795,9207681.417795353],[239731.84461650002,9207681.102238242],[239726.91663050003,9207681.770410234],[239723.90508350002,9207682.891077653],[239719.25087450002,9207686.20031199],[239716.23932750002,9207688.978785925],[239714.4376782927,9207691.2387639],[239712.63143894277,9207693.976533901],[239710.806735846,9207697.2618579],[239708.25615608398,9207703.0111749],[239704.32275303424,9207713.1409239],[239702.51622664108,9207717.2475789],[239700.90781550002,9207720.125224696],[239700.0864845,9207721.389922688],[239697.0749375,9207725.067149678],[239694.8847215,9207725.491498474],[239692.1469515,9207723.953639634],[239690.28658812717,9207721.9017879],[239685.8834092299,9207713.9622549],[239680.87621835407,9207706.0227219],[239677.6394709777,9207701.9160669],[239674.07766950002,9207698.688021712],[239669.9892739081,9207696.7143039],[239663.9479205,9207694.931855958],[239655.73461050002,9207693.245062362],[239641.22442950003,9207690.703659125],[239635.7488895,9207689.3875249],[239632.18978850002,9207687.945360987],[239626.7688351994,9207684.1205619],[239623.4289245,9207682.062307626],[239620.96493150003,9207680.903062666],[239619.3222695,9207680.368731199],[239616.58449950002,9207680.067030402],[239610.56140550002,9207680.277156092],[239603.1694265,9207681.847673818],[239599.61032550002,9207682.857443808],[239597.4201095,9207683.633781504],[239593.8610085,9207685.368879113],[239584.00503650002,9207691.836595982],[239581.5410435,9207692.862082237],[239579.07705050003,9207693.285586467],[239576.6130575,9207693.123435328],[239572.5064025,9207692.452143565],[239570.31618650001,9207692.405427992],[239560.1864375,9207693.303244947],[239557.44866750002,9207693.353520589],[239554.9846745,9207693.163854253],[239552.79445850002,9207692.690628447],[239550.8780195,9207692.042375952],[239545.40247950002,9207689.313654084],[239543.75981750002,9207688.680823062],[239541.0220475,9207688.207243754],[239539.10560850002,9207688.358941061],[239534.9989535,9207689.473164724],[239530.3447445,9207691.464120619],[239524.59542750003,9207693.502290068],[239522.4052115,9207693.634662302],[239520.21499550002,9207693.386942226],[239519.25677600002,9207693.060112618]]}},{"type":"Feature","properties":{"fid":76,"ID":75,"ELEV":37.5},"geometry":{"type":"LineString","coordinates":[[239900.44553571052,9207669.1997154],[239898.8485865,9207669.956874156],[239896.93214750002,9207670.457783919],[239889.8139455,9207671.32743105],[239882.42196650003,9207672.813553678],[239876.9464265,9207674.427784706],[239868.45933950003,9207677.395001499],[239862.9837995,9207678.636055999],[239858.8771445,9207678.981544103],[239845.46207150002,9207679.44707508],[239841.6291935,9207679.84522435],[239837.52253850002,9207680.613996588],[239833.4158835,9207681.832129145],[239829.58300550003,9207683.296060933],[239821.64347250003,9207687.366593504],[239817.8105945,9207688.867467564],[239815.34660150003,9207689.152133116],[239810.1448385,9207689.201445395],[239801.93152850002,9207688.223541092],[239795.90843450002,9207687.715640511],[239793.1706645,9207687.276009224],[239788.2426785,9207685.87432508],[239785.2311315,9207684.35302156],[239783.12656222863,9207682.4778999],[239781.97165612635,9207680.561460901],[239781.12447650003,9207678.519162068],[239779.65236607747,9207673.9908129],[239778.38670650002,9207668.175895322],[239776.47026750003,9207662.90482341],[239774.8276055,9207661.014351495],[239772.9111665,9207660.627605153],[239770.1733965,9207661.719934367],[239768.35677335833,9207664.1348409],[239767.70940350002,9207664.70097372],[239766.06674150002,9207666.89167582],[239763.3289715,9207671.244592663],[239759.76987050002,9207678.23889975],[239758.62484804925,9207679.740129901],[239756.75832350002,9207680.898609847],[239754.84188450003,9207681.244189233],[239752.9254455,9207680.975915484],[239740.87925750003,9207676.650336279],[239737.0463795,9207675.669060796],[239731.84461650002,9207675.082842318],[239729.3806235,9207675.083604531],[239725.54774550002,9207675.487195076],[239723.0837525,9207676.163973615],[239719.7984285,9207677.695539964],[239717.33443550003,9207679.415170932],[239714.0491115,9207682.773561668],[239711.51040629396,9207686.3107779],[239709.94245650002,9207688.888141112],[239706.65713250003,9207695.707741795],[239701.4553695,9207707.806806345],[239699.5389305,9207711.290793708],[239697.0749375,9207714.223770557],[239696.5273835,9207714.39574524],[239695.9355222994,9207715.057362901],[239695.1584985,9207715.555847637],[239693.7896135,9207714.89692629],[239692.69450550003,9207713.560844906],[239689.68295850002,9207711.110420251],[239687.7665195,9207708.843861775],[239683.11231050003,9207702.1710016],[239680.44774375652,9207698.9045199],[239677.63677050002,9207695.986938557],[239675.1727775,9207694.066397754],[239672.1612305,9207692.391500294],[239668.32835250002,9207690.71418807],[239665.5905825,9207689.801029654],[239647.2264637308,9207684.9418929],[239643.41464550002,9207683.850779979],[239640.12932150002,9207682.672390299],[239637.11777450002,9207681.132768871],[239632.46356550002,9207677.808882568],[239628.042913683,9207675.3596979],[239624.7978095,9207673.945624892],[239622.60759350003,9207673.450442275],[239617.95338450003,9207673.303231638],[239611.3827365,9207674.137009107],[239609.19252050002,9207674.639181882],[239604.26453450002,9207676.433497004],[239598.7889945,9207678.09443106],[239594.95611650002,9207679.653039338],[239592.4921235,9207680.978828335],[239583.73125950003,9207686.71540091],[239582.08859750003,9207687.381759651],[239580.1721585,9207687.814850394],[239578.8032735,9207687.896369295],[239577.98194250002,9207687.73367008],[239570.8637405,9207685.358082421],[239569.4948555,9207685.152473379],[239567.8521935,9207685.295510834],[239563.74553850002,9207686.180575145],[239559.6388835,9207687.673403956],[239557.27182676407,9207688.2272169],[239553.6157895,9207688.520979652],[239551.15179650002,9207688.214489723],[239549.2353575,9207687.689633379],[239543.21226350003,9207685.523324525],[239539.6531625,9207685.242390867],[239536.0940615,9207686.082536474],[239529.24963650003,9207688.722767467],[239524.86920450002,9207690.149376549],[239523.50031950002,9207690.406426897],[239521.58388050002,9207690.424790984],[239518.982999,9207689.689738525]]}},{"type":"Feature","properties":{"fid":77,"ID":76,"ELEV":37.0},"geometry":{"type":"LineString","coordinates":[[239898.98547500002,9207667.770859612],[239896.65837050002,9207668.550210498],[239887.8975065,9207669.772691866],[239882.96952050002,9207670.828564322],[239869.5544475,9207674.87531825],[239864.6264615,9207675.987223892],[239858.6033675,9207676.630423386],[239844.91451750003,9207677.16025911],[239837.24876150003,9207678.099605404],[239829.0354515,9207680.092510892],[239818.3581485,9207683.617675312],[239815.89415550002,9207684.09973406],[239813.7039395,9207684.199670492],[239804.94307550002,9207683.574269898],[239795.90843450002,9207683.413010478],[239792.07555650003,9207682.9257003],[239789.06400950003,9207682.004946599],[239786.32623950002,9207680.533635069],[239784.68357750002,9207679.007406514],[239783.66065517106,9207677.2761369],[239782.4521551674,9207673.9908129],[239779.5050392777,9207661.1232939],[239778.66048350002,9207657.920556217],[239776.77602589063,9207652.3624299],[239776.1964905,9207649.67266078],[239775.37515950002,9207648.080610039],[239774.2800515,9207647.010604577],[239773.45872050003,9207646.857025065],[239772.36361250002,9207646.973603556],[239770.1733965,9207649.482688008],[239769.1236232451,9207650.9935449],[239766.2277535031,9207659.480631901],[239763.5331012306,9207664.9561719],[239760.3174245,9207670.103980241],[239757.85343150003,9207673.286344415],[239756.48454650003,9207674.411122648],[239754.5681075,9207675.142673237],[239752.10411450002,9207674.849502472],[239741.15303450002,9207671.107262755],[239738.4152645,9207670.35184633],[239734.3086095,9207669.587870628],[239730.20195450002,9207669.244825399],[239726.0952995,9207669.360839598],[239721.7148675,9207670.054049656],[239719.52465150002,9207670.661511147],[239715.1442195,9207672.972455347],[239712.95400350002,9207674.681921838],[239711.27782807066,9207676.4548059],[239709.58030058932,9207678.9187989],[239708.07189827127,9207681.9303459],[239700.95662243888,9207697.8094119],[239699.6485719227,9207700.5471819],[239698.4438225,9207702.407890385],[239697.89626850002,9207703.234115569],[239695.70605250003,9207705.37744673],[239693.5158365,9207705.859675728],[239691.59939750002,9207705.028324498],[239689.68295850002,9207703.257580323],[239684.5048676051,9207696.9880809],[239680.64831750002,9207693.126679821],[239678.45810150003,9207691.187585443],[239675.44655450003,9207688.942522971],[239672.1612305,9207686.904863864],[239668.6021295,9207685.118012892],[239665.8643595,9207683.993960356],[239652.72306350002,9207679.551684605],[239645.6048615,9207676.851528507],[239641.77198350002,9207675.031178549],[239634.97798832893,9207670.9792659],[239631.3684575,9207669.381936228],[239627.80935650002,9207668.360334756],[239624.7978095,9207667.85263888],[239620.96493150003,9207667.622089595],[239616.85827650002,9207667.868236797],[239614.66806050003,9207668.20870412],[239610.28762850002,9207669.288281633],[239602.0743185,9207672.567449238],[239593.31345450002,9207675.7115],[239589.69838101615,9207677.5499139],[239584.2423189445,9207681.1090149],[239582.08859750003,9207682.032495622],[239579.62460450002,9207682.402288014],[239578.8032735,9207682.354890827],[239576.8868345,9207682.063678335],[239572.5064025,9207680.599757306],[239569.2210785,9207680.30855233],[239564.2930925,9207681.226574967],[239555.5322285,9207684.08046325],[239552.79445850002,9207684.67912533],[239551.15179650002,9207684.7677155],[239549.50913450003,9207684.59340297],[239543.21226350003,9207682.982967265],[239539.3793855,9207682.798851388],[239535.54650750002,9207683.536994621],[239525.4167585,9207687.180642992],[239523.22654250002,9207687.76157664],[239521.85765750002,9207687.69085542],[239520.48877250002,9207687.27511886],[239518.982999,9207686.093935203]]}},{"type":"Feature","properties":{"fid":78,"ID":77,"ELEV":25.0},"geometry":{"type":"LineString","coordinates":[[239867.09045450002,9207644.59380834],[239867.2388070915,9207644.6966739],[239866.81667750003,9207644.840146502],[239866.34310376857,9207644.6966739],[239866.5429005,9207644.54511937],[239867.09045450002,9207644.59380834]]}},{"type":"Feature","properties":{"fid":79,"ID":78,"ELEV":25.0},"geometry":{"type":"LineString","coordinates":[[239870.37577850002,9207642.186487973],[239869.37923359257,9207643.6015659],[239867.6380085,9207644.596233325],[239867.44315540153,9207644.4228969],[239867.9117855,9207643.314845242],[239869.00689350002,9207642.271203225],[239869.82822450003,9207641.966272568],[239870.37577850002,9207642.186487973]]}},{"type":"Feature","properties":{"fid":80,"ID":79,"ELEV":25.5},"geometry":{"type":"LineString","coordinates":[[239871.1971095,9207641.06060159],[239871.45043727558,9207642.2326809],[239869.8663040447,9207644.1491199],[239867.9117855,9207645.185798962],[239865.44779250002,9207645.582500752],[239865.25242430513,9207644.9704509],[239865.44779250002,9207644.473560795],[239866.81667750003,9207643.714599103],[239868.1855625,9207641.957902702],[239869.2806705,9207641.352101678],[239871.1971095,9207641.06060159]]}},{"type":"Feature","properties":{"fid":81,"ID":80,"ELEV":26.0},"geometry":{"type":"LineString","coordinates":[[239872.2922175,9207638.862293223],[239873.326103114,9207639.4949109],[239873.86302855588,9207640.5900189],[239873.90112669076,9207641.9589039],[239873.02424694755,9207643.0540119],[239870.9233325,9207644.892484874],[239868.73311650002,9207645.844248282],[239865.72156950002,9207646.519795056],[239865.17401550003,9207646.413153578],[239864.78203709982,9207646.065558901],[239864.4636610769,9207645.244227901],[239864.69728549212,9207644.4228969],[239866.26597222785,9207643.0540119],[239867.9117855,9207641.177176945],[239870.37577850002,9207639.043556243],[239871.47088650003,9207638.755643606],[239872.2922175,9207638.862293223]]}},{"type":"Feature","properties":{"fid":82,"ID":81,"ELEV":26.5},"geometry":{"type":"LineString","coordinates":[[239872.8397715,9207637.518508285],[239873.9348795,9207638.009270366],[239874.6274518957,9207638.6735799],[239875.09817705664,9207639.4949109],[239875.69725957955,9207641.4113499],[239876.9464265,9207642.714476189],[239876.95227793397,9207643.0540119],[239874.75621050003,9207644.010651885],[239872.01844050002,9207645.710299822],[239869.5544475,9207646.897937272],[239868.1855625,9207647.268410664],[239865.9953465,9207647.465358753],[239864.35268450002,9207646.723567868],[239863.8172022009,9207646.065558901],[239863.64569502822,9207645.5180049],[239863.91263632398,9207644.1491199],[239866.8379569629,9207641.1375729],[239868.73311650002,9207638.747703088],[239869.5544475,9207638.041989066],[239870.64955550001,9207637.541862184],[239871.74466350002,9207637.38680284],[239872.8397715,9207637.518508285]]}},{"type":"Feature","properties":{"fid":83,"ID":82,"ELEV":31.5},"geometry":{"type":"LineString","coordinates":[[239844.09318650002,9207636.618396668],[239844.39182821003,9207637.0309179],[239844.62871855462,9207638.1260259],[239844.3669635,9207639.2794068],[239844.31082416372,9207638.9473569],[239843.60683659368,9207638.3998029],[239844.09318650002,9207636.618396668]]}},{"type":"Feature","properties":{"fid":84,"ID":83,"ELEV":27.0},"geometry":{"type":"LineString","coordinates":[[239873.38732550002,9207636.421273498],[239874.48243350003,9207636.923503103],[239875.5038037254,9207637.8522489],[239876.88153517857,9207640.8637959],[239877.61820916942,9207641.6851269],[239879.1116716144,9207642.7802349],[239879.73556286734,9207644.4228969],[239878.04153450002,9207644.59726865],[239875.5775415,9207645.54037074],[239871.0317826255,9207647.708220901],[239868.1855625,9207648.602156812],[239865.17401550003,9207648.818306921],[239863.80513050003,9207648.00863562],[239863.03069294296,9207646.065558901],[239862.94326674152,9207645.244227901],[239863.13427533844,9207644.1491199],[239863.9696521647,9207642.7802349],[239866.1698825176,9207640.5900189],[239867.9776473778,9207638.1260259],[239869.00689350002,9207637.148005277],[239870.10200150002,9207636.559412569],[239871.1971095,9207636.26834032],[239872.2922175,9207636.224341918],[239873.38732550002,9207636.421273498]]}},{"type":"Feature","properties":{"fid":85,"ID":84,"ELEV":27.5},"geometry":{"type":"LineString","coordinates":[[239872.8397715,9207635.092624495],[239874.75621050003,9207635.702649582],[239876.12509550003,9207636.89567728],[239878.08856515345,9207640.5900189],[239880.25613996302,9207642.5064579],[239880.8914584742,9207645.244227901],[239880.2317505,9207645.601016717],[239878.8628655,9207645.830419803],[239870.37577850002,9207649.325055078],[239868.45933950003,9207649.897425132],[239866.2691235,9207650.283948487],[239862.4190280107,9207650.1722139],[239862.248284704,9207649.8984369],[239862.40764544532,9207647.708220901],[239862.24762799346,9207644.9704509],[239862.59879842456,9207643.6015659],[239863.1726133645,9207642.5064579],[239865.67780998466,9207639.7686879],[239867.6380085,9207637.104770776],[239868.45933950003,9207636.292534906],[239870.37577850002,9207635.299086338],[239871.47088650003,9207635.082263153],[239872.8397715,9207635.092624495]]}},{"type":"Feature","properties":{"fid":86,"ID":85,"ELEV":28.0},"geometry":{"type":"LineString","coordinates":[[239873.38732550002,9207633.988007683],[239874.48243350003,9207634.264618447],[239875.5775415,9207634.804651694],[239877.21838966353,9207636.4833639],[239879.1059052493,9207640.0424649],[239881.2607807836,9207642.5064579],[239881.70645624958,9207643.8753429],[239881.993687508,9207645.7917819],[239873.02298114717,9207649.6246599],[239868.73311650002,9207651.146140346],[239865.72156950002,9207651.77759962],[239862.71002250002,9207651.866055813],[239861.26989241748,9207651.5410989],[239860.68591732762,9207650.7197679],[239860.63882627446,9207649.8984369],[239861.07002013415,9207648.2557749],[239861.5671117717,9207644.1491199],[239862.51531538137,9207641.9589039],[239867.09045450002,9207636.279511346],[239868.29242257195,9207635.114478901],[239869.2806705,9207634.53187658],[239870.64955550001,9207634.072861552],[239872.01844050002,9207633.902921624],[239873.38732550002,9207633.988007683]]}},{"type":"Feature","properties":{"fid":87,"ID":86,"ELEV":28.5},"geometry":{"type":"LineString","coordinates":[[239873.9348795,9207632.905368915],[239876.16298865527,9207633.7455939],[239877.4939805,9207634.819776315],[239878.43735030596,9207635.935809901],[239880.3055582808,9207639.4949109],[239882.08977867346,9207641.9589039],[239883.29954136416,9207644.1491199],[239883.54176015742,9207645.244227901],[239883.23539386902,9207646.065558901],[239873.9348795,9207650.590673499],[239869.00689350002,9207652.39233408],[239866.2691235,9207653.068095526],[239863.2575765,9207653.495425552],[239862.16246850003,9207653.307899073],[239860.79358350002,9207652.571860477],[239859.7343722018,9207650.9935449],[239859.45006594932,9207649.3508829],[239860.70535048924,9207643.6015659],[239861.2249315304,9207642.2326809],[239861.8828150632,9207641.1375729],[239865.96320071418,9207635.935809901],[239867.95532084082,9207634.0193709],[239869.2806705,9207633.31549284],[239870.64955550001,9207632.92478773],[239872.2922175,9207632.761870109],[239873.9348795,9207632.905368915]]}},{"type":"Feature","properties":{"fid":88,"ID":87,"ELEV":45.0},"geometry":{"type":"LineString","coordinates":[[239472.44090900003,9207632.661919165],[239472.58595759203,9207632.5135974]]}},{"type":"Feature","properties":{"fid":89,"ID":88,"ELEV":29.0},"geometry":{"type":"LineString","coordinates":[[239872.5659945,9207631.55001832],[239874.48243350003,9207631.754225487],[239876.12509550003,9207632.30278939],[239878.07545942345,9207633.471816901],[239879.5101201174,9207634.8407019],[239880.5821651522,9207636.4833639],[239884.06462850003,9207643.412000645],[239884.43820751036,9207644.6966739],[239884.16745473375,9207646.065558901],[239883.6431948835,9207646.886889901],[239883.2432975,9207647.166477723],[239875.30376450001,9207651.264092546],[239872.5659945,9207652.399562571],[239868.1855625,9207653.927169492],[239865.6755182856,9207654.5526459],[239863.2575765,9207654.781378485],[239861.06736050002,9207654.351640299],[239859.9722525,9207653.633805685],[239858.8771445,9207652.138171546],[239858.32139330523,9207649.6246599],[239859.3568116778,9207644.4228969],[239860.36546946684,9207641.4113499],[239861.52964803058,9207639.4949109],[239864.08868525003,9207636.2095869],[239866.5429005,9207633.66265543],[239867.9117855,9207632.686768774],[239869.2806705,9207632.063346645],[239870.9233325,9207631.664518634],[239872.5659945,9207631.55001832]]}},{"type":"Feature","properties":{"fid":90,"ID":89,"ELEV":29.5},"geometry":{"type":"LineString","coordinates":[[239875.02998750002,9207630.441122912],[239877.2202035,9207631.225359045],[239879.21859619775,9207632.3767089],[239880.84141882622,9207633.7455939],[239882.05242001716,9207635.3882559],[239884.15872171143,9207640.5900189],[239884.90707013124,9207643.0540119],[239885.1154588596,9207645.244227901],[239884.55601596535,9207646.886889901],[239883.9609517811,9207647.708220901],[239883.5170745,9207648.006176412],[239876.39887250002,9207651.923587145],[239872.9354173661,9207653.4575379],[239867.9117855,9207655.157354472],[239863.5313535,9207656.007004892],[239861.3411375,9207655.754949447],[239859.23405583162,9207654.8264229],[239857.74130324766,9207652.9099839],[239857.2797883498,9207650.9935449],[239857.20759270372,9207649.0771059],[239858.72156850607,9207641.9589039],[239859.30900466527,9207640.3162419],[239860.2084795916,9207638.6735799],[239862.05780285771,9207636.2095869],[239864.05371483412,9207634.0193709],[239865.72156950002,9207632.615157163],[239867.6380085,9207631.360917617],[239869.2806705,9207630.67401241],[239871.1971095,9207630.279797994],[239873.11354850003,9207630.203765033],[239875.02998750002,9207630.441122912]]}},{"type":"Feature","properties":{"fid":91,"ID":90,"ELEV":30.0},"geometry":{"type":"LineString","coordinates":[[239875.02998750002,9207628.780868104],[239877.76775750003,9207629.526650734],[239880.5055275,9207630.933485785],[239882.69574350002,9207632.826701045],[239884.11582186763,9207634.8407019],[239884.98825816173,9207637.3046949],[239885.8230967594,9207642.5064579],[239885.77114667688,9207645.7917819],[239884.9588334338,9207647.9819979],[239880.5055275,9207650.86046914],[239875.5775415,9207653.50638109],[239873.66110250002,9207654.34906286],[239868.84777985985,9207655.9215309],[239865.17401550003,9207656.843977422],[239862.9837995,9207657.05296018],[239860.2460295,9207656.786581742],[239858.05581350002,9207655.793706845],[239857.52118341104,9207655.3739769],[239856.41315150002,9207653.509396778],[239856.01420627374,9207651.5410989],[239856.08415335318,9207649.6246599],[239855.90709479884,9207649.0771059],[239856.83261047423,9207645.244227901],[239857.50825950003,9207640.225713808],[239857.8984808341,9207638.9473569],[239858.6033675,9207637.547448104],[239860.03394497556,9207635.6620329],[239862.42333822142,9207633.1980399],[239864.6264615,9207631.421454132],[239866.81667750003,9207630.07570177],[239868.73311650002,9207629.243652256],[239870.64955550001,9207628.805423083],[239872.8397715,9207628.632790048],[239875.02998750002,9207628.780868104]]}},{"type":"Feature","properties":{"fid":92,"ID":91,"ELEV":30.5},"geometry":{"type":"LineString","coordinates":[[239875.8513185,9207626.86534527],[239879.40510372378,9207627.7224999],[239882.1481895,9207629.11485865],[239884.55358786354,9207631.2816009],[239886.3992344769,9207634.0193709],[239887.12416092088,9207636.4833639],[239887.23934437401,9207639.4949109],[239886.59797303786,9207646.3393359],[239885.87891211,9207648.2557749],[239883.8712962448,9207649.8984369],[239877.76775750003,9207653.54088913],[239874.2086565,9207655.227681154],[239870.37577850002,9207656.48002294],[239866.81667750003,9207657.465730326],[239862.43624550002,9207658.050010553],[239860.51980650003,9207658.010750936],[239858.8771445,9207657.742595095],[239856.9607055,9207656.88734028],[239855.82546505562,9207655.9215309],[239855.21982689816,9207654.8264229],[239854.7207630823,9207651.8148759],[239854.87257283487,9207649.6246599],[239855.8621895231,9207644.1491199],[239855.63708299838,9207638.6735799],[239855.9985887993,9207637.3046949],[239856.7002855394,9207635.935809901],[239858.29401101777,9207634.0193709],[239861.41937767426,9207631.2816009],[239863.6543771264,9207629.6389389],[239865.9953465,9207628.342694018],[239868.1855625,9207627.467508843],[239870.37577850002,9207626.965130078],[239873.11354850003,9207626.724710202],[239875.8513185,9207626.86534527]]}},{"type":"Feature","properties":{"fid":93,"ID":92,"ELEV":34.5},"geometry":{"type":"LineString","coordinates":[[239834.2877555087,9207626.0798379],[239833.9634375,9207626.027902897],[239833.5239120275,9207626.3536149],[239833.65678525149,9207626.9011689],[239834.23721450003,9207627.473780043],[239836.4274305,9207628.712529],[239838.6798109287,9207629.0913849],[239838.45136214804,9207628.2700539],[239838.52822049276,9207627.4487229],[239838.0700925,9207626.718623437],[239836.9749845,9207626.344685305],[239835.3323225,9207626.313824521],[239834.2877555087,9207626.0798379]]}},{"type":"Feature","properties":{"fid":94,"ID":93,"ELEV":34.0},"geometry":{"type":"LineString","coordinates":[[239834.53682407408,9207624.4371759],[239832.86832950002,9207624.660899086],[239832.0817564112,9207625.2585069],[239831.69826018013,9207625.8060609],[239831.92570381673,9207627.1749459],[239833.6896605,9207629.012257991],[239835.87987650002,9207629.932782963],[239839.9865315,9207630.591823908],[239840.69900974203,9207630.4602699],[239840.71235262975,9207626.9011689],[239840.5178785361,9207626.0798379],[239839.9865315,9207625.301654244],[239839.16520050002,9207624.797174484],[239838.3438695,9207624.57266268],[239834.53682407408,9207624.4371759]]}},{"type":"Feature","properties":{"fid":95,"ID":94,"ELEV":31.0},"geometry":{"type":"LineString","coordinates":[[239876.39887250002,9207624.156042667],[239880.5055275,9207625.008525215],[239882.1481895,9207625.656234005],[239883.8585227143,9207626.6273919],[239885.43351350003,9207627.913434854],[239886.75533798354,9207629.3651619],[239888.7399074511,9207632.6504859],[239889.48670792126,9207635.114478901],[239889.50334803056,9207638.1260259],[239887.6368336372,9207646.6131129],[239887.07617550003,9207648.057754748],[239884.61218250002,9207650.618045097],[239880.77930450003,9207653.038531696],[239875.8513185,9207655.5809447],[239871.74466350002,9207657.06947265],[239866.81667750003,9207658.389277896],[239862.16246850003,9207658.977892784],[239858.8771445,9207658.936098954],[239855.93847231526,9207657.837969901],[239854.77048950002,9207656.87730062],[239853.96282692326,9207655.6477539],[239853.4813122917,9207654.0050919],[239853.37028597845,9207652.0886529],[239853.63032415675,9207649.8984369],[239854.46963572156,9207647.708220901],[239854.74724801068,9207644.6966739],[239854.59093840243,9207642.5064579],[239853.32750190556,9207639.4949109],[239853.00886675,9207638.1260259],[239853.22548995787,9207636.757140901],[239853.95023705348,9207635.114478901],[239855.42640615883,9207633.1980399],[239858.6033675,9207630.158090034],[239861.38190550156,9207627.9962769],[239864.07890750002,9207626.424685452],[239867.36423150002,9207625.116328636],[239870.37577850002,9207624.37126686],[239873.38732550002,9207624.056186857],[239876.39887250002,9207624.156042667]]}},{"type":"Feature","properties":{"fid":96,"ID":95,"ELEV":33.5},"geometry":{"type":"LineString","coordinates":[[239838.34665330994,9207622.7945139],[239836.4274305,9207622.721058687],[239833.14210650002,9207622.944056368],[239831.49944450002,9207623.402410967],[239829.58300550003,9207624.339566147],[239829.2746304873,9207624.7109529],[239829.07675258527,9207625.5322839],[239829.73216586554,9207627.9962769],[239831.7304126192,9207630.1864929],[239833.4158835,9207631.220041951],[239835.3323225,9207631.714397278],[239837.24876150003,9207631.921978772],[239839.9865315,9207631.776913041],[239841.08163950001,9207631.514909405],[239841.84974049003,9207630.4602699],[239842.5388640446,9207628.5438309],[239842.69831679453,9207627.1749459],[239842.5171590131,9207625.8060609],[239842.00641027052,9207624.7109529],[239841.08163950001,9207623.783625022],[239839.9865315,9207623.191399584],[239838.34665330994,9207622.7945139]]}},{"type":"Feature","properties":{"fid":97,"ID":96,"ELEV":31.5},"geometry":{"type":"LineString","coordinates":[[239876.12509550003,9207620.58618746],[239878.8628655,9207620.954073343],[239881.32685850002,9207621.556874668],[239883.5170745,9207622.374355614],[239885.32599628816,9207623.342067901],[239887.1892953623,9207624.7109529],[239888.71883750003,9207626.246262323],[239889.98839691974,9207627.9962769],[239890.9815209373,9207629.9127159],[239892.1427797208,9207633.7455939],[239892.26153362528,9207635.3882559],[239892.1023474644,9207637.3046949],[239891.32025065835,9207640.3162419],[239888.22523763054,9207648.2557749],[239887.21900482112,9207649.6246599],[239885.1597365,9207651.480361212],[239881.6006355,9207653.813219856],[239875.5775415,9207656.751468904],[239872.2922175,9207657.915851226],[239866.5429005,9207659.364912635],[239861.8886915,9207659.885722227],[239858.8771445,9207659.833755884],[239856.9607055,9207659.494430676],[239855.3180435,9207658.870629616],[239853.9491585,9207657.846957842],[239852.7870541285,9207656.195307901],[239852.05550956124,9207654.0050919],[239851.9509636518,9207652.3624299],[239852.33048648445,9207649.8984369],[239853.5960272212,9207647.708220901],[239853.7548019218,9207645.7917819],[239853.5618337385,9207643.6015659],[239853.19387475084,9207642.5064579],[239850.74447907545,9207639.7686879],[239850.0671263831,9207638.3998029],[239850.1234583537,9207636.757140901],[239850.87021800232,9207634.8407019],[239851.79449008085,9207633.471816901],[239856.9607055,9207627.368602179],[239859.15092150003,9207625.418938264],[239861.8886915,9207623.612358881],[239865.17401550003,9207622.09600446],[239868.73311650002,9207621.025231006],[239872.2922175,9207620.542154206],[239876.12509550003,9207620.58618746]]}},{"type":"Feature","properties":{"fid":98,"ID":97,"ELEV":32.5},"geometry":{"type":"LineString","coordinates":[[239823.55991150002,9207619.622678056],[239823.55991150002,9207619.936932713],[239823.37586041336,9207619.7829669],[239823.55991150002,9207619.622678056]]}},{"type":"Feature","properties":{"fid":99,"ID":98,"ELEV":32.0},"geometry":{"type":"LineString","coordinates":[[239872.5659945,9207616.222896779],[239878.31531150002,9207616.789092595],[239881.05308150002,9207617.38614839],[239883.79085150003,9207618.232157825],[239887.8975065,9207620.208356256],[239889.59980914017,9207621.4256289],[239891.1828305,9207622.92467333],[239892.5517155,9207624.701329503],[239893.59910912285,9207626.6273919],[239894.39741055842,9207628.8176079],[239894.88983280447,9207631.0078239],[239895.16950317062,9207633.471816901],[239895.09604383973,9207635.6620329],[239894.69739888847,9207637.8522489],[239893.97644024825,9207640.0424649],[239890.43780832915,9207646.886889901],[239888.71883750003,9207649.780069685],[239885.70729050002,9207652.425345955],[239882.42196650003,9207654.609689243],[239879.68419650002,9207656.027471846],[239873.38732550002,9207658.593038047],[239866.81667750003,9207660.224922948],[239863.5313535,9207660.629429176],[239859.69847550002,9207660.763209974],[239856.9607055,9207660.524780344],[239855.04426650002,9207659.955189409],[239852.9876331028,9207658.659300901],[239851.86355624863,9207657.2904159],[239851.2174625505,9207656.195307901],[239850.67606547184,9207654.2788689],[239850.43601013333,9207651.8148759],[239851.06797815912,9207648.8033289],[239851.21138850003,9207648.46156817],[239852.2154186144,9207647.9819979],[239852.50546478012,9207646.886889901],[239852.3496968679,9207644.9704509],[239851.95258168798,9207643.6015659],[239850.94458621106,9207642.5064579],[239849.56872650003,9207641.899008287],[239847.6522875,9207641.628337316],[239847.10473350002,9207641.74568093],[239846.2834025,9207642.280402005],[239844.09318650002,9207641.06678753],[239843.1111616281,9207640.0424649],[239842.24832330632,9207638.3998029],[239842.13273715018,9207636.2095869],[239842.31976198955,9207635.3882559],[239842.46680795876,9207635.114478901],[239842.9980785,9207634.905416036],[239846.55717950003,9207634.928693872],[239847.3785105,9207634.51194093],[239848.19984150003,9207633.795594003],[239849.32509008716,9207632.6504859],[239850.5419720763,9207631.0078239],[239854.2229355,9207624.809874412],[239855.5918205,9207622.819241356],[239857.2344825,9207621.030717522],[239859.15092150003,9207619.550037824],[239861.8886915,9207618.147256367],[239865.17401550003,9207617.109510077],[239869.00689350002,9207616.390071094],[239872.5659945,9207616.222896779]]}},{"type":"Feature","properties":{"fid":100,"ID":99,"ELEV":45.5},"geometry":{"type":"LineString","coordinates":[[239478.464003,9207611.718126351],[239478.66575066166,9207611.4327684]]}},{"type":"Feature","properties":{"fid":101,"ID":100,"ELEV":35.5},"geometry":{"type":"LineString","coordinates":[[239921.51485857184,9207608.9687754],[239921.57207750002,9207609.42467817],[239921.708966,9207609.42467817]]}},{"type":"Feature","properties":{"fid":102,"ID":101,"ELEV":31.5},"geometry":{"type":"LineString","coordinates":[[239823.83368850002,9207606.640292862],[239823.21886291547,9207607.4630019],[239823.04454914617,9207608.5581099],[239822.4648035,9207609.269355115],[239822.206560751,9207609.1056639],[239822.1568726162,9207607.7367789],[239823.83368850002,9207606.640292862]]}},{"type":"Feature","properties":{"fid":103,"ID":102,"ELEV":45.5},"geometry":{"type":"LineString","coordinates":[[239478.73778000002,9207611.103493756],[239478.8746685,9207611.103493756],[239480.1213145716,9207608.2843329],[239481.35411253406,9207604.7252319],[239480.5173305,9207604.391696183],[239478.73778000002,9207604.143273203]]}},{"type":"Feature","properties":{"fid":104,"ID":103,"ELEV":31.5},"geometry":{"type":"LineString","coordinates":[[239847.3785105,9207596.224774465],[239849.78908227477,9207596.5119219],[239849.95168562382,9207597.3332529],[239849.75498547277,9207597.8808069],[239848.78521411627,9207598.7021379],[239848.19984150003,9207601.216783391],[239847.74094543466,9207601.9874619],[239847.10473350002,9207602.589624418],[239845.73584850001,9207603.305361602],[239843.81940950002,9207603.526094189],[239842.17674750002,9207603.094071448],[239840.09571298232,9207601.9874619],[239839.61677389086,9207600.8923539],[239839.86807129637,9207598.4283609],[239839.9865315,9207598.106322078],[239841.48039354206,9207596.7856989],[239844.09318650002,9207596.309736447],[239847.3785105,9207596.224774465]]}},{"type":"Feature","properties":{"fid":105,"ID":104,"ELEV":32.0},"geometry":{"type":"LineString","coordinates":[[239840.80786250002,9207592.676117979],[239842.7243015,9207593.253530493],[239850.6638345,9207594.837410217],[239851.44063537315,9207596.2381449],[239851.5944753411,9207597.3332529],[239850.63404422908,9207599.5234689],[239850.40078040244,9207602.261238901],[239849.84250350003,9207604.747460905],[239848.74739550002,9207607.11524556],[239847.31815582403,9207608.5581099],[239845.18829450003,9207609.45822773],[239842.17674750002,9207609.749952137],[239837.24876150003,9207609.072079366],[239830.95189050003,9207607.616561336],[239829.58300550003,9207607.596205465],[239828.21412050002,9207607.886951255],[239826.57145850002,9207608.488746375],[239825.7501275,9207609.212148426],[239824.29137238863,9207612.6647649],[239823.2867005258,9207614.0336499],[239822.19102650002,9207614.803782135],[239820.0008105,9207615.895556327],[239819.17947950002,9207615.720119428],[239815.34660150003,9207613.904598242],[239812.88260850002,9207612.957542151],[239811.51372350001,9207611.72604021],[239811.1195394614,9207610.2007719],[239811.55986049792,9207608.8318869],[239812.33505450003,9207607.568819024],[239815.62037850003,9207605.777506603],[239819.7270335,9207603.877288422],[239821.26597160485,9207603.3563469],[239823.73941529577,9207601.9874619],[239824.3812425,9207601.411323294],[239828.7616745,9207600.092161348],[239831.22566750002,9207598.465547146],[239835.0585455,9207595.108021617],[239838.3438695,9207592.679438094],[239839.43897750002,9207592.461532928],[239840.80786250002,9207592.676117979]]}},{"type":"Feature","properties":{"fid":106,"ID":105,"ELEV":32.5},"geometry":{"type":"LineString","coordinates":[[239841.90297050003,9207590.744799474],[239847.6522875,9207592.113071179],[239849.2949495,9207592.984701691],[239850.6638345,9207593.401145635],[239851.93814926836,9207594.8692599],[239853.037837134,9207597.0594759],[239852.97484687142,9207600.618576901],[239853.80338361827,9207603.6301239],[239855.5918205,9207607.106913546],[239856.41315150002,9207608.03729156],[239857.50825950003,9207608.845005026],[239859.15092150003,9207609.539772758],[239861.6149145,9207610.119884664],[239873.38732550002,9207611.102596244],[239877.76775750003,9207611.945936626],[239882.1481895,9207613.168141248],[239886.5286215,9207614.82233185],[239890.36149950002,9207616.767687425],[239893.0992695,9207618.771077266],[239895.28948550002,9207621.177027443],[239897.06398340565,9207624.4371759],[239897.68301982703,9207626.3536149],[239898.1149274084,9207628.5438309],[239898.3027964648,9207633.471816901],[239897.61936363793,9207637.5784719],[239896.42123770126,9207640.8637959],[239894.5033329263,9207644.1491199],[239890.20463875443,9207649.8984369],[239886.5286215,9207653.39260501],[239883.2432975,9207655.411168056],[239878.23365479836,9207657.837969901],[239874.2086565,9207659.365726769],[239870.10200150002,9207660.490254477],[239864.6264615,9207661.42017767],[239860.51980650003,9207661.661023723],[239857.78203650002,9207661.579404064],[239855.86559750003,9207661.272181785],[239853.19252652876,9207660.3019629],[239850.89141408555,9207658.3855239],[239849.7594366161,9207656.4690849],[239849.18004947563,9207654.5526459],[239848.7790666915,9207650.9935449],[239848.9787010174,9207648.2557749],[239848.66661187477,9207646.6131129],[239849.4600457203,9207645.244227901],[239849.41922318266,9207644.6966739],[239848.19984150003,9207644.408366667],[239846.2834025,9207644.33362925],[239843.48733186352,9207642.7802349],[239841.15487544704,9207640.5900189],[239839.81078123374,9207638.3998029],[239839.27940319895,9207636.4833639],[239840.96864223373,9207634.293147901],[239844.6407405,9207632.984553633],[239846.2834025,9207632.07306223],[239847.35414565695,9207631.0078239],[239848.38898526647,9207629.3651619],[239849.61823289597,9207626.0798379],[239850.06485320287,9207622.520736901],[239849.8407999987,9207619.5091899],[239849.43202977433,9207618.4140819],[239848.84989281723,9207617.5927509],[239847.9260645,9207616.854025697],[239846.83095650002,9207616.333910475],[239843.81940950002,9207615.609395573],[239832.3207755,9207614.668434864],[239830.13055950002,9207614.697049636],[239827.6665665,9207615.140293997],[239826.0239045,9207615.929387856],[239824.1074655,9207617.638868127],[239823.81903597602,9207618.1403049],[239823.55991150002,9207619.354267037],[239823.28613450003,9207619.707907723],[239822.7385805,9207619.46282053],[239821.91724950002,9207619.877296878],[239820.54836450002,9207619.581409797],[239816.98926350003,9207618.33330869],[239815.0728245,9207617.426001407],[239812.0612775,9207615.667994503],[239809.80377321693,9207613.7598729],[239808.9804434371,9207612.390987901],[239808.54684107934,9207610.4745489],[239808.80589903428,9207608.5581099],[239809.5074665355,9207606.9154479],[239811.51372350001,9207604.979113704],[239818.0843715,9207600.757088711],[239819.7270335,9207599.240836175],[239821.3696955,9207597.045837903],[239823.0123575,9207595.99424475],[239824.3812425,9207595.53049303],[239829.0354515,9207594.864071626],[239831.22566750002,9207594.211146059],[239834.05664636902,9207592.6790439],[239837.79631550002,9207591.072072374],[239839.43897750002,9207590.700113384],[239841.90297050003,9207590.744799474]]}},{"type":"Feature","properties":{"fid":107,"ID":106,"ELEV":45.0},"geometry":{"type":"LineString","coordinates":[[239472.71468600002,9207632.217372674],[239480.78432648527,9207619.7829669],[239484.0752503661,9207612.9385419],[239488.3832883515,9207601.7136849],[239489.70015544805,9207596.7856989],[239490.81887050907,9207591.0363819],[239489.8257485,9207590.541289555],[239489.00441750002,9207590.539185103],[239485.99287050002,9207591.471826194],[239482.844435,9207591.88516062]]}},{"type":"Feature","properties":{"fid":108,"ID":107,"ELEV":45.0},"geometry":{"type":"LineString","coordinates":[[239491.00283213268,9207590.2150509],[239490.83219122372,9207590.2150509],[239490.92085650002,9207590.594730573],[239491.00283213268,9207590.2150509]]}},{"type":"Feature","properties":{"fid":109,"ID":108,"ELEV":33.0},"geometry":{"type":"LineString","coordinates":[[239845.18829450003,9207589.085840542],[239847.6522875,9207589.676821558],[239850.9376115,9207591.57911883],[239852.3064965,9207593.386596745],[239852.51853717316,9207594.0479289],[239854.860002356,9207596.2381449],[239856.9607055,9207599.930727674],[239858.05581350002,9207601.003804628],[239859.42469850002,9207601.897882605],[239861.6149145,9207602.901482563],[239864.07890750002,9207603.665655477],[239871.85275668447,9207604.9990089],[239876.39887250002,9207606.105334684],[239881.05308150002,9207607.624042148],[239885.43351350003,9207609.372572828],[239890.08772250003,9207611.675269155],[239894.1943775,9207614.28751658],[239897.15817635384,9207616.7714199],[239899.28003787465,9207619.5091899],[239900.25481849155,9207621.4256289],[239901.00959094637,9207623.6158449],[239901.5142872981,9207626.0798379],[239901.73405518325,9207628.5438309],[239901.7040662708,9207631.2816009],[239901.4212401671,9207634.0193709],[239900.8450580696,9207636.757140901],[239900.05544777875,9207639.2211339],[239898.21255564445,9207643.0540119],[239895.6001335434,9207646.6131129],[239891.1828305,9207651.284811473],[239887.62372950002,9207654.266723553],[239885.902632655,9207655.3739769],[239881.05308150002,9207657.822676584],[239876.96533330224,9207659.480631901],[239872.8397715,9207660.849231452],[239867.36423150002,9207662.055984788],[239860.79358350002,9207662.56291803],[239856.9607055,9207662.464116134],[239854.24571198307,9207661.9446249],[239851.75894250002,9207660.927633107],[239849.84250350003,9207659.469721388],[239848.74739550002,9207657.9202814],[239847.66151854838,9207654.8264229],[239846.54415779808,9207649.6246599],[239845.04001616134,9207646.886889901],[239835.60609950003,9207638.51302752],[239832.59455250003,9207637.492826931],[239831.51095072576,9207636.4833639],[239831.5436221523,9207636.2095869],[239833.14210650002,9207635.29999884],[239836.4274305,9207635.043161372],[239837.5082418998,9207634.0193709],[239839.16520050002,9207633.680192893],[239840.53408550002,9207632.959528847],[239841.90297050003,9207632.593018955],[239842.79728630517,9207632.1029319],[239843.72388690856,9207631.2816009],[239845.13255079,9207629.0913849],[239845.63749535452,9207626.3536149],[239845.2951543958,9207624.4371759],[239843.93760066788,9207622.2469599],[239841.96340206303,9207620.8780749],[239839.16520050002,9207620.02457247],[239834.78476850002,9207619.534095077],[239830.95189050003,9207619.564894255],[239829.58300550003,9207620.037203943],[239828.48789750002,9207620.902090427],[239827.70326992348,9207622.2469599],[239827.23222571207,9207623.8896219],[239825.77697089672,9207624.7109529],[239825.47635050002,9207626.096069738],[239823.83368850002,9207626.28604886],[239817.53681750002,9207622.034255762],[239814.52527050002,9207620.337997751],[239810.96616950002,9207618.014440224],[239809.0497305,9207616.468747567],[239807.66773407377,9207614.8549809],[239806.80773621,9207613.212318901],[239806.18841524396,9207610.748325901],[239806.17886154845,9207609.3794409],[239806.547482315,9207608.0105559],[239807.38376025876,9207606.3678939],[239809.0497305,9207604.47224913],[239816.60020095017,9207598.4283609],[239821.0959185,9207594.429610712],[239823.83368850002,9207592.930618284],[239831.22566750002,9207591.520680565],[239838.89142350003,9207589.111218512],[239842.9980785,9207588.873965858],[239845.18829450003,9207589.085840542]]}},{"type":"Feature","properties":{"fid":110,"ID":109,"ELEV":36.0},"geometry":{"type":"LineString","coordinates":[[239923.15074037045,9207587.0666154],[239924.73632550638,9207593.089709401]]}},{"type":"Feature","properties":{"fid":111,"ID":110,"ELEV":33.5},"geometry":{"type":"LineString","coordinates":[[239847.6522875,9207586.365644518],[239848.47361850002,9207586.508027488],[239850.39005750002,9207587.882516168],[239852.0327195,9207589.627552457],[239853.29069666806,9207592.1314899],[239853.40160450002,9207593.352341324],[239856.2078388472,9207594.5954829],[239859.69847550002,9207597.037826426],[239861.3411375,9207597.967132691],[239863.5313535,9207598.79081914],[239865.9953465,9207599.317897337],[239876.39887250002,9207599.978243455],[239878.8628655,9207600.38991566],[239882.1481895,9207601.659456557],[239888.71883750003,9207605.192804461],[239893.37304650003,9207608.030396173],[239897.2059245,9207610.937620953],[239900.4912485,9207614.180538699],[239902.78502848974,9207617.3189739],[239903.9344989523,9207619.7829669],[239904.68097633802,9207622.2469599],[239905.14463242673,9207624.984729901],[239905.29565752644,9207627.7224999],[239905.15662496642,9207630.7340469],[239904.68372372916,9207634.0193709],[239903.9336536023,9207637.0309179],[239902.9598792927,9207639.7686879],[239900.84937306377,9207643.8753429],[239898.04235091075,9207647.4344439],[239891.73038450003,9207653.133577522],[239888.68046800137,9207655.3739769],[239886.84702875552,9207656.4690849],[239882.10031050525,9207658.659300901],[239876.12509550003,9207660.927516375],[239871.1971095,9207662.348999238],[239867.09045450002,9207663.108683107],[239860.79358350002,9207663.508912474],[239856.13937450002,9207663.367066666],[239852.85405050003,9207662.722386025],[239850.6638345,9207661.838342387],[239849.17997498767,9207660.8495169],[239847.6522875,9207659.091683567],[239846.4959502094,9207656.7428619],[239844.835467754,9207651.5410989],[239843.67503043413,9207649.3508829],[239842.0762634523,9207647.4344439],[239837.79631550002,9207643.689698808],[239835.87987650002,9207642.282409662],[239833.9634375,9207641.2105801],[239830.13055950002,9207639.616593398],[239828.36185089574,9207638.3998029],[239824.32629999716,9207634.293147901],[239821.0837226477,9207629.6389389],[239819.17947950002,9207627.545805486],[239816.98926350003,9207625.545776937],[239807.8306152528,9207618.6878589],[239806.28013285407,9207617.0451969],[239804.87351711706,9207615.1287579],[239803.91548520737,9207612.390987901],[239803.69267701003,9207609.6532179],[239804.19947138228,9207607.4630019],[239804.95504979425,9207605.8203399],[239807.34022338496,9207603.0825699],[239810.75290385852,9207600.0710229],[239818.76253760987,9207593.5003749],[239820.54836450002,9207592.23053112],[239823.55991150002,9207590.761833975],[239825.47635050002,9207590.250773167],[239830.4043365,9207589.406894464],[239832.0469985,9207588.817433039],[239833.9634375,9207588.498346874],[239838.89142350003,9207586.873821676],[239844.91451750003,9207586.125095299],[239847.6522875,9207586.365644518]]}},{"type":"Feature","properties":{"fid":112,"ID":111,"ELEV":35.0},"geometry":{"type":"LineString","coordinates":[[239889.57257900035,9207582.8230719],[239888.29085888626,9207583.6444029],[239889.27999265402,9207583.6444029],[239889.57257900035,9207582.8230719]]}},{"type":"Feature","properties":{"fid":113,"ID":112,"ELEV":35.0},"geometry":{"type":"LineString","coordinates":[[239890.48609017365,9207582.5492949],[239890.16498719744,9207582.5492949],[239890.48609017365,9207582.5492949]]}},{"type":"Feature","properties":{"fid":114,"ID":113,"ELEV":35.0},"geometry":{"type":"LineString","coordinates":[[239890.91589328073,9207582.2755179],[239890.91589328073,9207582.2755179]]}},{"type":"Feature","properties":{"fid":115,"ID":114,"ELEV":34.0},"geometry":{"type":"LineString","coordinates":[[239856.13937450002,9207580.064586433],[239856.9607055,9207580.20779159],[239858.6033675,9207580.953378204],[239860.4559516136,9207582.2755179],[239861.20998561996,9207583.6444029],[239861.25192712835,9207584.7395109],[239861.06736050002,9207585.480657721],[239860.4181051741,9207586.1083959],[239857.50825950003,9207587.294059034],[239856.37510726575,9207588.2986119],[239855.7358959408,9207589.3937199],[239855.5514107264,9207590.2150509],[239855.63069981922,9207591.0363819],[239854.92625892497,9207592.1314899],[239854.26079303262,9207592.4052669],[239854.22354599694,9207592.6790439],[239854.77048950002,9207593.117635896],[239856.13937450002,9207593.027661594],[239858.3295905,9207593.64661407],[239865.9953465,9207595.007285783],[239868.45933950003,9207595.054542968],[239871.1971095,9207594.75619165],[239873.11354850003,9207594.172690336],[239874.53030008834,9207593.2265979],[239874.98251982074,9207592.4052669],[239875.30376450001,9207590.9337012],[239876.4136650423,9207589.1199429],[239877.4939805,9207587.97822382],[239880.2317505,9207586.701666981],[239883.2432975,9207587.454571737],[239884.00166424696,9207589.1199429],[239885.69088936827,9207594.3217059],[239886.7965529911,9207595.9643679],[239889.28191760587,9207598.1545839],[239895.28948550002,9207602.540330257],[239898.30103250002,9207604.986942563],[239901.31257950002,9207607.907663886],[239903.8595167564,9207611.0221029],[239905.85822247306,9207614.0336499],[239907.33567350003,9207616.784980817],[239908.30076425232,9207619.5091899],[239908.89684464477,9207622.520736901],[239909.11186821983,9207625.8060609],[239908.95486313992,9207629.0913849],[239908.4218685956,9207632.6504859],[239907.53510110048,9207636.2095869],[239906.37519502817,9207639.4949109],[239904.9673634967,9207642.5064579],[239903.27759740176,9207645.244227901],[239901.46003969476,9207647.4344439],[239897.09389323616,9207650.9935449],[239896.1108165,9207652.17236394],[239893.92060050002,9207653.901496697],[239892.00416150002,9207655.311222438],[239888.1712835,9207657.56979901],[239884.06462850003,9207659.295645038],[239874.48243350003,9207662.661620123],[239867.36423150002,9207664.26631781],[239860.51980650003,9207664.551600907],[239854.77048950002,9207664.356322309],[239851.48516550002,9207663.668536993],[239849.56872650003,9207662.874915488],[239848.19984150003,9207662.045335144],[239846.83095650002,9207660.70351544],[239845.7355632331,9207659.2068549],[239844.77073782965,9207657.2904159],[239843.68136541647,9207654.0050919],[239843.04301223552,9207652.6362069],[239841.90297050003,9207650.999857785],[239840.26030850003,9207649.226837285],[239835.35009923216,9207644.9704509],[239833.20766638647,9207643.6015659],[239828.48789750002,9207641.258419156],[239826.57145850002,9207640.062208435],[239821.3696955,9207635.215926668],[239819.13151263143,9207632.3767089],[239816.4417095,9207629.688119287],[239813.867054178,9207627.9962769],[239810.93808368745,9207625.2585069],[239804.1217445,9207620.19239739],[239802.63650535236,9207618.4140819],[239801.65775150002,9207616.621326974],[239801.0312647402,9207614.8549809],[239800.62043373208,9207612.390987901],[239800.5669592504,9207609.3794409],[239801.15781843863,9207606.6416709],[239802.01459348825,9207604.7252319],[239803.48741868284,9207602.5350159],[239808.29731094625,9207598.4283609],[239812.56149907009,9207595.4168139],[239818.63192550003,9207590.543096054],[239822.19102650002,9207588.579383116],[239824.1074655,9207587.767314771],[239838.6370573965,9207583.3706259],[239844.91451750003,9207581.079905415],[239847.3785105,9207580.371557686],[239850.6638345,9207580.015319118],[239856.13937450002,9207580.064586433]]}},{"type":"Feature","properties":{"fid":116,"ID":115,"ELEV":45.0},"geometry":{"type":"LineString","coordinates":[[239491.75412792992,9207573.7884309],[239491.7421875,9207574.226125339],[239491.75412792992,9207573.7884309]]}},{"type":"Feature","properties":{"fid":117,"ID":116,"ELEV":34.0},"geometry":{"type":"LineString","coordinates":[[239621.23870850002,9207569.906183278],[239623.7027015,9207570.182938932],[239624.52403250002,9207570.059178773],[239626.7142485,9207571.39857147],[239627.80935650002,9207571.762814974],[239629.9995725,9207573.533713197],[239633.0111195,9207576.881453423],[239634.4124760835,9207577.895085901],[239638.3436484332,9207581.4541869],[239645.3310845,9207585.599047273],[239648.6164085,9207587.289746948],[239653.81817150002,9207589.524554843],[239659.84126550003,9207591.491967896],[239663.67414350001,9207592.624786973],[239670.79234550003,9207593.982624294],[239674.8990005,9207596.5593351],[239681.1958715,9207599.591442302],[239683.9336415,9207600.25812678],[239689.1354045,9207600.16474836],[239692.96828250002,9207600.375292039],[239697.62249150002,9207600.104929775],[239701.1815925,9207599.651616763],[239705.01447050003,9207599.584591832],[239711.0375645,9207599.02259765],[239714.0491115,9207598.1936949],[239716.23932750002,9207597.281600568],[239722.53619850002,9207596.38009199],[239725.54774550002,9207596.740403438],[239728.0117385,9207597.53117449],[239728.83598978803,9207598.1545839],[239729.1068465,9207598.8846559],[239729.43730389455,9207605.2727859],[239729.92646639378,9207609.3794409],[239729.71543358918,9207612.9385419],[239728.83306950002,9207615.761644991],[239727.71429386217,9207617.8665279],[239723.5119951226,9207622.7945139],[239720.19108884595,9207626.3536149],[239717.88198950002,9207628.131269438],[239714.59666550002,9207629.68258451],[239707.4784635,9207631.845184425],[239705.28824750002,9207632.84890063],[239698.4438225,9207635.212382972],[239693.7896135,9207637.394091472],[239690.8424430039,9207638.3998029],[239689.40918150003,9207638.698268002],[239688.58785050001,9207638.669328704],[239683.65986450002,9207639.545963578],[239681.74342550003,9207639.688066453],[239675.44655450003,9207639.605295245],[239670.5185685,9207639.068935007],[239663.40036650002,9207637.020327149],[239652.9968405,9207633.154013716],[239645.87863850003,9207631.744116168],[239642.5933145,9207631.313874679],[239638.76043650002,9207631.243706873],[239626.9880255,9207632.101656824],[239622.0600395,9207632.950316694],[239619.3222695,9207633.126087718],[239613.57295250002,9207634.155352853],[239612.20406750002,9207634.108011814],[239610.56140550002,9207633.708204951],[239608.91874350002,9207632.692057744],[239607.8236355,9207631.739310768],[239607.54985850002,9207631.159736747],[239606.7894315905,9207627.7224999],[239606.469641487,9207624.984729901],[239606.8434986723,9207621.9731829],[239607.0965016802,9207620.8780749],[239608.3711895,9207618.280201938],[239608.93349082756,9207615.6763119],[239610.33045939068,9207613.212318901],[239611.55246548643,9207609.926994901],[239615.03590506114,9207603.3563469],[239616.12552394194,9207600.618576901],[239616.7266921744,9207597.0594759],[239616.734058434,9207594.3217059],[239615.84437814585,9207586.9297269],[239616.00020524784,9207582.8230719],[239617.6796075,9207576.59020507],[239619.0863855104,9207574.6097619],[239619.28345037316,9207572.1457689],[239620.6911545,9207570.26205543],[239621.23870850002,9207569.906183278]]}},{"type":"Feature","properties":{"fid":118,"ID":117,"ELEV":34.5},"geometry":{"type":"LineString","coordinates":[[239913.08248125092,9207627.0380574],[239912.3888147,9207631.5553779],[239911.11685499785,9207636.2095869],[239909.28605431435,9207640.8637959],[239907.2077471066,9207644.6966739],[239905.86547530032,9207646.6131129],[239904.33581558496,9207648.2557749],[239899.8521029437,9207651.5410989],[239898.95756053203,9207652.3624299],[239898.4084948657,9207653.1837609],[239894.4681545,9207656.233294511],[239892.00416150002,9207657.745863905],[239888.9404129092,9207659.2068549],[239875.02998750002,9207663.847058807],[239870.37577850002,9207664.992488716],[239867.36423150002,9207665.532174237],[239865.17401550003,9207665.65697663],[239856.6869285,9207665.74504112],[239853.12782750002,9207665.481292823],[239850.9376115,9207665.034287045],[239847.3785105,9207663.674989637],[239845.73584850001,9207662.284849726],[239844.14838970223,9207660.5757399],[239843.21635552848,9207659.2068549],[239841.68642483762,9207656.7428619],[239840.50836087868,9207654.2788689],[239838.90827586394,9207652.0886529],[239836.4274305,9207650.135322403],[239834.23721450003,9207647.99811325],[239830.6781135,9207645.996725176],[239828.48789750002,9207645.31783794],[239825.7501275,9207644.05645167],[239822.19102650002,9207641.387780577],[239817.8105945,9207638.779357377],[239816.7154865,9207637.823996281],[239815.34660150003,9207637.2439684],[239813.4301625,9207635.935703496],[239804.66929850003,9207633.142556854],[239803.8479675,9207632.69859207],[239801.4042651692,9207630.7340469],[239800.88533945935,9207629.0913849],[239799.37521818868,9207627.1749459],[239798.64620450002,9207625.765349764],[239797.29024625054,9207621.9731829],[239796.56090633062,9207618.9616359],[239796.13687908466,9207615.4025349],[239796.2333634811,9207611.8434339],[239796.6835164958,9207608.2843329],[239797.64358197144,9207604.1776779],[239798.93645544848,9207600.8923539],[239800.56264350002,9207598.492168006],[239803.30041350002,9207596.718740815],[239806.03818350003,9207595.57168296],[239807.68084550003,9207595.108475389],[239808.7759535,9207594.536432398],[239811.93536642584,9207592.4052669],[239817.8105945,9207587.242194505],[239821.0959185,9207584.854671752],[239824.6550195,9207582.655029466],[239830.95189050003,9207579.550483368],[239835.0585455,9207577.21734131],[239838.89142350003,9207574.336875392],[239840.80786250002,9207573.324080251],[239842.9980785,9207572.797006834],[239846.83095650002,9207572.852669887],[239857.78203650002,9207574.725059725],[239859.9722525,9207575.488701826],[239861.6149145,9207576.279498633],[239862.9837995,9207577.20515726],[239864.7344815259,9207578.716416901],[239867.09045450002,9207581.204879213],[239868.45933950003,9207581.999440253],[239870.64955550001,9207582.429271726],[239872.01844050002,9207582.193681682],[239873.9348795,9207581.061267938],[239879.95797350002,9207576.201886745],[239882.69574350002,9207573.623721173],[239883.72268360635,9207572.4195459],[239885.90105905524,9207570.5031069],[239886.8023985,9207569.914210655],[239888.1712835,9207569.404843807],[239889.5401685,9207569.210002862],[239890.36149950002,9207569.286709584],[239892.5517155,9207569.825292518],[239893.92060050002,9207570.59864634],[239895.4745980618,9207571.8719919],[239897.06251288106,9207573.7884309],[239898.41880949138,9207575.9786469],[239899.28899145394,9207578.4426399],[239899.4439584196,9207579.537747901],[239899.15266410733,9207580.0853019],[239898.60503420915,9207580.3590789],[239896.38459350003,9207580.65573897],[239895.28948550002,9207580.464360256],[239894.4681545,9207579.902845511],[239893.37304650003,9207579.764392115],[239892.5517155,9207579.183009727],[239891.4566075,9207579.16708819],[239888.99261450002,9207579.547278382],[239886.8023985,9207580.603286885],[239885.78246280507,9207582.2755179],[239886.0398506332,9207585.0132879],[239886.5286215,9207585.910857482],[239887.99957830092,9207586.9297269],[239894.74193150003,9207592.819205528],[239900.7650255,9207598.556326862],[239904.05034950003,9207602.0832877],[239906.7881195,9207605.63044386],[239909.67894889426,9207610.4745489],[239912.0280484387,9207615.9500889],[239912.94966279142,9207619.7829669],[239913.2728744219,9207624.3002874]]}},{"type":"Feature","properties":{"fid":119,"ID":118,"ELEV":35.0},"geometry":{"type":"LineString","coordinates":[[239908.29389300002,9207648.537234677],[239906.24367229687,9207650.1722139],[239902.8098078998,9207652.3624299],[239901.03880250003,9207654.207491884],[239896.93214750002,9207657.421300827],[239892.5517155,9207659.98904988],[239888.45573646852,9207661.3970709],[239875.02998750002,9207665.302552745],[239869.5544475,9207666.739984047],[239866.2691235,9207667.250091711],[239856.13937450002,9207667.29517562],[239851.48516550002,9207666.98693845],[239849.0211725,9207666.375540188],[239845.18829450003,9207665.069235638],[239835.60609950003,9207658.896618493],[239831.49944450002,9207657.443924023],[239828.48789750002,9207657.117576022],[239823.55991150002,9207657.277505228],[239821.91724950002,9207657.13384878],[239814.52527050002,9207657.503667025],[239805.7644065,9207657.264215488],[239799.4675355,9207657.588614322],[239795.0871035,9207656.835778432],[239792.34933350002,9207654.881897261],[239791.84640293513,9207654.2788689],[239790.84834529716,9207652.3624299],[239789.8244693536,9207648.5295519],[239789.7582744677,9207634.8407019],[239790.39801480703,9207624.4371759],[239790.8192004348,9207621.4256289],[239790.78548720543,9207617.0451969],[239791.9952727872,9207610.4745489],[239793.75133511054,9207603.0825699],[239794.64356695753,9207600.0710229],[239796.3209824375,9207596.2381449],[239797.5510965,9207594.7100196],[239798.91998150002,9207593.461350717],[239800.8364205,9207591.958322657],[239802.7528595,9207591.057650935],[239807.95462250002,9207589.490682587],[239810.69239250003,9207588.031369396],[239815.61091540943,9207583.6444029],[239821.0959185,9207577.483589513],[239823.55991150002,9207575.230555607],[239828.48789750002,9207569.719554462],[239830.4043365,9207568.874982232],[239833.6896605,9207567.791208385],[239834.71730827278,9207567.2177829],[239838.6176465,9207566.248389155],[239840.80786250002,9207566.347613707],[239842.9980785,9207566.120093143],[239845.73584850001,9207566.343393028],[239861.8886915,9207569.716300877],[239866.81667750003,9207571.28304848],[239869.2806705,9207571.865877774],[239872.01844050002,9207572.132746577],[239873.11354850003,9207572.078531943],[239875.5775415,9207571.519722486],[239879.13664250003,9207569.925790988],[239880.5055275,9207569.063165644],[239885.22196297883,9207567.2177829],[239888.71883750003,9207566.532241777],[239891.4566075,9207566.541458875],[239893.92060050002,9207567.00210992],[239895.8370395,9207567.661629077],[239907.0618965,9207572.353673588],[239908.97833550003,9207572.724551747],[239910.62099750002,9207573.304962602],[239913.48569936212,9207573.7884309],[239913.35876750003,9207574.297731861],[239912.4507860678,9207575.7048699],[239910.0734435,9207577.730362533],[239909.25211250002,9207577.538741233],[239908.56790608252,9207576.5262009],[239907.33418071375,9207575.431092901],[239907.41579597932,9207575.1573159],[239907.0618965,9207574.645715747],[239906.5143425,9207575.096154666],[239904.87168050001,9207575.050972767],[239903.12849026127,9207577.6213089],[239902.75506046775,9207578.716416901],[239903.35354093157,9207579.8115249],[239903.6318918854,9207581.4541869],[239903.35419704212,9207586.1083959],[239903.80068202058,9207588.024834901],[239904.97873703943,9207590.488827901],[239911.26646942637,9207600.3447999],[239913.70729497162,9207604.9990089],[239915.8607102393,9207610.748325901],[239917.41346954176,9207617.1820854]]}},{"type":"Feature","properties":{"fid":120,"ID":119,"ELEV":36.5},"geometry":{"type":"LineString","coordinates":[[239927.73206,9207565.38069232],[239926.89648119776,9207567.2177829],[239926.85491765503,9207567.765336901],[239928.005837,9207575.571176587]]}},{"type":"Feature","properties":{"fid":121,"ID":120,"ELEV":35.5},"geometry":{"type":"LineString","coordinates":[[239909.389001,9207651.849381372],[239905.1454575,9207654.166181386],[239903.5027955,9207655.81395248],[239902.4076875,9207656.421800109],[239898.39372784813,9207659.480631901],[239896.1108165,9207660.941349247],[239894.6015891061,9207661.6708479],[239892.27793850002,9207662.514075587],[239883.79085150003,9207664.581841094],[239868.45933950003,9207668.744847713],[239864.9002385,9207669.16204348],[239852.0327195,9207669.299825296],[239846.2834025,9207668.630487196],[239840.80786250002,9207667.752589824],[239838.3438695,9207667.645728812],[239833.4158835,9207667.854867883],[239825.20257350002,9207669.162209753],[239823.83368850002,9207669.229683679],[239820.0008105,9207668.92012723],[239814.25149350002,9207668.933307517],[239806.03818350003,9207668.340173878],[239798.0986505,9207668.717538813],[239795.36088050003,9207668.445858996],[239793.1706645,9207667.768011486],[239792.07555650003,9207666.952746354],[239790.33260336582,9207665.2299489],[239788.2426785,9207661.159394348],[239786.08420476087,9207654.8264229],[239785.67494634129,9207652.3624299],[239785.3632883989,9207643.3277889],[239785.6044729806,9207633.7455939],[239786.36136349014,9207624.4371759],[239787.59973667766,9207615.6763119],[239788.19653901618,9207612.6647649],[239790.39697096037,9207603.6301239],[239792.6676206839,9207597.0594759],[239793.48089871678,9207595.4168139],[239795.90843450002,9207591.712761233],[239799.1937585,9207587.720414419],[239801.1101975,9207586.162193915],[239809.0497305,9207582.114321154],[239810.96616950002,9207580.857826157],[239814.42839254602,9207577.6213089],[239818.63192550003,9207572.79256267],[239820.68659818414,9207570.7768839],[239826.37241398185,9207565.8488979],[239828.48789750002,9207564.325851358],[239830.4043365,9207563.312495366],[239837.52253850002,9207562.610138569],[239839.9865315,9207562.635129252],[239844.6407405,9207562.2910884],[239851.21138850003,9207563.425053878],[239858.05581350002,9207563.550669655],[239860.51980650003,9207563.184582146],[239864.07890750002,9207563.205798812],[239865.9953465,9207563.38158096],[239867.09045450002,9207563.837968858],[239869.00689350002,9207564.22424978],[239871.1971095,9207564.348490773],[239876.39887250002,9207564.206511527],[239882.96952050002,9207563.434059812],[239892.5517155,9207563.090035198],[239901.31257950002,9207564.140964048],[239905.96678850002,9207563.964440485],[239908.4307815,9207564.125593517],[239911.1685515,9207564.99751057],[239913.01687602958,9207566.944005901],[239914.89205184032,9207571.0506609],[239915.62929178536,9207572.1457689],[239916.62803356446,9207574.6097619],[239916.7163211865,9207575.7048699],[239916.3878332461,9207577.3475319],[239914.36447019846,9207583.6444029],[239914.16992858722,9207585.2870649],[239914.23349681575,9207586.9297269],[239914.55520091145,9207588.5723889],[239915.29568050816,9207590.7626049],[239919.792527,9207601.883031324]]}},{"type":"Feature","properties":{"fid":122,"ID":121,"ELEV":36.0},"geometry":{"type":"LineString","coordinates":[[239905.8299,9207657.172048474],[239904.58922033073,9207657.837969901],[239898.02725550003,9207662.80539419],[239896.1108165,9207663.804375855],[239892.00416150002,9207664.901154255],[239884.06462850003,9207666.552798782],[239871.74466350002,9207669.984542258],[239867.36423150002,9207670.992793294],[239862.9837995,9207671.499907777],[239857.2344825,9207671.785450071],[239851.75894250002,9207671.933196308],[239846.0096255,9207671.701899944],[239838.3438695,9207672.072547108],[239830.4043365,9207673.36514348],[239815.89415550002,9207674.749644611],[239813.1563855,9207674.78276132],[239804.94307550002,9207674.079754531],[239795.90843450002,9207674.66020312],[239793.4444415,9207674.48616486],[239791.8017795,9207673.833649969],[239789.57527917222,9207672.0743739],[239788.7902325,9207671.321023759],[239786.96638997324,9207668.5152729],[239784.06228273766,9207659.7544089],[239782.81241464138,9207652.9099839],[239782.43276101138,9207639.4949109],[239782.59027534424,9207629.6389389],[239783.22685068724,9207621.9731829],[239784.84076664975,9207612.6647649],[239787.8557052404,9207602.5350159],[239790.01059463545,9207596.7856989],[239793.21508385727,9207591.0363819],[239798.18760214117,9207583.9181799],[239800.56264350002,9207580.981531149],[239802.4790825,9207579.38851438],[239807.68084550003,9207576.577746918],[239810.4186155,9207574.82230052],[239812.88260850002,9207572.943262497],[239818.95991307017,9207567.765336901],[239826.5386937776,9207562.2897969],[239827.94034350003,9207561.416774767],[239830.4043365,9207560.60630434],[239843.54563250003,9207560.095318709],[239852.0327195,9207560.758381708],[239860.51980650003,9207560.443216322],[239863.5313535,9207560.133090204],[239864.9002385,9207560.17353312],[239870.37577850002,9207561.004627995],[239879.13664250003,9207560.67815591],[239887.07617550003,9207560.269769391],[239890.08772250003,9207559.883517623],[239899.1223635,9207559.722206132],[239901.58635650002,9207559.25474329],[239906.07378181035,9207557.6355879],[239908.1570045,9207557.098070847],[239915.8227605,9207556.733107531],[239918.28675350003,9207556.924462935],[239920.9084628799,9207557.6355879],[239921.57207750002,9207558.0384957],[239922.36102427295,9207558.7306959],[239923.19312936882,9207560.9209119],[239922.7677898556,9207562.8373509],[239922.33911438184,9207563.3849049],[239920.93368050794,9207566.3964519],[239919.23479825485,9207570.7768839],[239920.8501178056,9207571.8719919],[239921.62341863013,9207573.5146539],[239922.64166321643,9207584.8763994]]}},{"type":"Feature","properties":{"fid":123,"ID":122,"ELEV":44.5},"geometry":{"type":"LineString","coordinates":[[239474.631125,9207638.016559917],[239476.95822950001,9207634.582638508],[239478.6008915,9207632.725085866],[239484.51891736683,9207626.9011689],[239486.26664750002,9207624.31296992],[239487.9093095,9207620.603375575],[239493.40069127292,9207605.8203399],[239494.4084584699,9207602.5350159],[239495.09342251526,9207599.5234689],[239495.6184702347,9207596.5119219],[239496.6512053854,9207586.1083959],[239496.7740285492,9207567.765336901],[239496.50128711804,9207562.2897969],[239495.9455619599,9207559.0044729],[239494.72793172495,9207554.0764869],[239494.2529126461,9207549.8329434]]}},{"type":"Feature","properties":{"fid":124,"ID":123,"ELEV":44.5},"geometry":{"type":"LineString","coordinates":[[239494.17572849352,9207548.464058401],[239494.17654124388,9207545.3156229],[239494.58565445855,9207541.8934104]]}},{"type":"Feature","properties":{"fid":125,"ID":124,"ELEV":34.5},"geometry":{"type":"LineString","coordinates":[[239619.86982350002,9207539.006266955],[239622.3338165,9207541.234035775],[239628.0831335,9207549.565295735],[239632.32386987758,9207559.0044729],[239634.6327863313,9207563.1111279],[239637.76141255157,9207567.765336901],[239640.29460143522,9207571.0506609],[239642.3195375,9207573.095628535],[239645.36758810002,9207575.7048699],[239649.3475341119,9207578.1688629],[239652.44928650002,9207579.53009392],[239657.9248265,9207581.546947246],[239662.8528125,9207583.11466772],[239678.73187850002,9207587.126237212],[239682.5647565,9207587.82917826],[239688.04029650002,9207588.375484565],[239694.61094450002,9207588.369173704],[239700.90781550002,9207588.09368645],[239708.02601750003,9207587.305581367],[239714.59666550002,9207585.83229821],[239724.17886050002,9207582.913625289],[239733.21350150002,9207579.175716963],[239740.44984641383,9207576.5262009],[239749.09256750002,9207572.201810867],[239752.2624698326,9207570.2293299],[239762.2338635,9207564.63206718],[239764.42407950002,9207564.28177252],[239766.6142955,9207565.480869802],[239768.37399602233,9207568.3128909],[239769.84520808025,9207573.5146539],[239769.7181040072,9207576.7999779],[239769.16755705257,9207580.6328559],[239768.2569575,9207583.59622702],[239765.19221987366,9207589.3937199],[239764.57380499417,9207593.5003749],[239764.803330944,9207596.2381449],[239764.62745670002,9207597.8808069],[239764.15030250003,9207599.207863217],[239763.3406696177,9207600.618576901],[239763.16538850282,9207603.9039009],[239761.67287561958,9207610.2007719],[239760.0056260322,9207615.4025349],[239759.26266506218,9207621.699405901],[239758.28784649697,9207626.3536149],[239755.58606503427,9207633.471816901],[239755.11566150002,9207635.59534697],[239752.9254455,9207640.137691682],[239745.53346650003,9207640.767700411],[239727.46418450002,9207640.837193854],[239719.52465150002,9207641.197690599],[239712.95400350002,9207642.202130906],[239709.66867950003,9207642.959318863],[239706.3833555,9207644.083997907],[239703.37180850003,9207645.48475633],[239696.91351183743,9207649.0771059],[239689.1354045,9207655.808147566],[239686.39763450003,9207657.417978872],[239685.30252650002,9207657.626583949],[239681.74342550003,9207657.574240455],[239677.63677050002,9207656.551235132],[239676.6376425834,9207655.6477539],[239674.8990005,9207654.737412522],[239667.55690868222,9207649.8984369],[239660.9363735,9207646.191554813],[239652.17550950003,9207642.423202125],[239648.6164085,9207641.229418837],[239643.9621995,9207640.111136729],[239639.0342135,9207639.397508515],[239635.47511250002,9207639.196984584],[239632.46356550002,9207639.265884954],[239629.17824150002,9207639.599447504],[239625.3453635,9207640.289036388],[239613.84672950002,9207643.528287297],[239610.56140550002,9207644.262748098],[239603.4432035,9207644.786074765],[239600.1578795,9207644.470976397],[239597.96766350002,9207643.733729644],[239596.84807607194,9207642.2326809],[239596.40153199053,9207639.2211339],[239597.5402792637,9207632.9242629],[239597.51417626833,9207629.3651619],[239597.17766293514,9207624.4371759],[239597.5360615877,9207620.8780749],[239598.09174621003,9207618.1403049],[239601.43567716048,9207609.926994901],[239604.86829794064,9207600.3447999],[239605.84720525716,9207597.0594759],[239606.4205675756,9207593.7741519],[239606.59129142025,9207590.7626049],[239606.96762821721,9207577.073754901],[239609.89361294865,9207560.3733579],[239610.48357025898,9207557.9093649],[239614.21697434704,9207547.2320619],[239614.94210382007,9207544.220514901],[239615.74414925688,9207542.577852901],[239616.20995116126,9207540.935190901],[239617.6796075,9207539.162832007],[239619.59604650002,9207538.904740656],[239619.86982350002,9207539.006266955]]}},{"type":"Feature","properties":{"fid":126,"ID":125,"ELEV":44.5},"geometry":{"type":"LineString","coordinates":[[239494.82820940766,9207540.5245254],[239495.2237409513,9207538.1974209],[239495.3989775136,9207534.0907659],[239494.7537345,9207532.210096205],[239494.4799575,9207532.508646866],[239493.521738,9207532.590113975]]}},{"type":"Feature","properties":{"fid":127,"ID":126,"ELEV":44.5},"geometry":{"type":"LineString","coordinates":[[239494.49841256381,9207531.626772901],[239494.49841256381,9207531.626772901]]}},{"type":"Feature","properties":{"fid":128,"ID":127,"ELEV":35.0},"geometry":{"type":"LineString","coordinates":[[239611.3827365,9207509.671704309],[239612.7516215,9207510.520366117],[239616.31072250003,9207513.41686599],[239619.86982350002,9207517.641250532],[239620.4173775,9207518.873282112],[239622.94094591762,9207526.6987869],[239624.51625263938,9207530.5316649],[239626.81839630616,9207534.9120969],[239630.4447123991,9207540.935190901],[239632.9615008709,9207545.5893999],[239639.01496180583,9207558.7306959],[239640.4030985,9207560.965822421],[239642.9604177261,9207564.480012901],[239646.8733337967,9207568.8604449],[239649.49383634634,9207571.0506609],[239652.17550950003,9207572.749318196],[239660.11504250002,9207575.517028859],[239668.32835250002,9207577.638844695],[239674.07766950002,9207578.768378247],[239681.74342550003,9207579.81792181],[239688.8616275,9207580.32764173],[239694.33716750002,9207580.441030618],[239701.4553695,9207580.178675994],[239709.66867950003,9207579.43299844],[239715.96555050003,9207578.556709947],[239721.4410905,9207577.20519779],[239724.7264145,9207575.85338685],[239728.28551550003,9207574.09379562],[239735.9512715,9207569.507975928],[239744.16458150002,9207563.885393629],[239755.38943850002,9207557.074133702],[239762.2338635,9207552.324413115],[239770.72095050002,9207546.062910981],[239772.9111665,9207545.646836901],[239774.5538285,9207546.580328302],[239775.63080169875,9207549.9698319],[239775.15400517487,9207552.9813789],[239772.8167809163,9207559.0044729],[239772.4705151563,9207561.4684659],[239773.2300721563,9207567.2177829],[239773.59942738523,9207572.9670999],[239773.5755470827,9207575.9786469],[239773.12207915596,9207580.6328559],[239772.04276029742,9207585.5608419],[239770.40337857022,9207591.5839359],[239768.2580857349,9207604.1776779],[239766.43899471505,9207609.6532179],[239764.6548690438,9207617.5927509],[239763.5024077665,9207626.9011689],[239762.08346253296,9207633.7455939],[239760.52416886078,9207638.3998029],[239760.09326044118,9207642.7802349],[239759.50607315046,9207645.7917819],[239759.38009812785,9207647.9819979],[239758.55878856953,9207649.8984369],[239757.03210050002,9207651.751823537],[239755.9369925,9207652.274756316],[239754.84188450003,9207652.204316102],[239748.81879050002,9207650.036202142],[239744.43835850002,9207648.876266237],[239738.14148750002,9207647.857566655],[239733.48727850002,9207647.458846925],[239727.19040750002,9207647.23867816],[239720.89353650002,9207647.512344124],[239715.1442195,9207648.238225093],[239712.4064495,9207648.81346879],[239709.1211255,9207649.809241174],[239705.8358015,9207651.118235879],[239703.0980315,9207652.628401736],[239700.0864845,9207654.769981517],[239697.424944533,9207657.2904159],[239691.32562050002,9207664.471118469],[239688.04029650002,9207666.953474034],[239685.30252650002,9207667.263812566],[239682.01720250002,9207666.48564428],[239679.00565550002,9207665.312082],[239675.44655450003,9207663.629418457],[239673.2563385,9207662.378068293],[239664.76925150002,9207656.402528167],[239657.10349550002,9207651.933014967],[239653.2706175,9207650.016953375],[239646.87849971178,9207647.4344439],[239639.0342135,9207645.855276668],[239634.6537815,9207645.521393342],[239630.54712650002,9207645.5684765],[239623.15514750002,9207646.546170302],[239607.54985850002,9207650.32003149],[239602.34809550003,9207652.23834218],[239594.95611650002,9207655.87563723],[239589.2067995,9207658.155285561],[239587.01658350002,9207658.505309656],[239584.8263675,9207658.130618908],[239583.3069547473,9207657.2904159],[239582.56315873974,9207656.195307901],[239582.09277400342,9207654.5526459],[239582.73106899,9207652.6362069],[239583.04125577598,9207649.8984369],[239583.73125950003,9207647.705201302],[239585.82216665123,9207642.5064579],[239587.14086353627,9207639.7686879],[239591.82085386233,9207633.1980399],[239592.54389152242,9207631.5553779],[239592.99443935062,9207629.9127159],[239593.0161252847,9207627.9962769],[239592.31063989265,9207620.6042979],[239592.49044262894,9207617.3189739],[239593.16293565862,9207614.0336499],[239596.4137823737,9207604.4514549],[239597.58801120744,9207600.3447999],[239599.14315021114,9207594.3217059],[239600.04898634308,9207588.2986119],[239601.72104174428,9207568.8604449],[239602.65705575704,9207560.9209119],[239605.2748752213,9207543.399183901],[239605.5207929022,9207537.6498669],[239605.66462724094,9207524.2347939],[239606.67783746615,9207513.5574909],[239607.12475807525,9207511.6410519],[239608.64496650003,9207509.687480606],[239610.28762850002,9207509.508437498],[239611.3827365,9207509.671704309]]}},{"type":"Feature","properties":{"fid":129,"ID":128,"ELEV":46.0},"geometry":{"type":"LineString","coordinates":[[239947.19414815094,9207484.9477944],[239947.79839088977,9207486.0429024]]}},{"type":"Feature","properties":{"fid":130,"ID":129,"ELEV":46.0},"geometry":{"type":"LineString","coordinates":[[239947.02669214518,9207484.6740174],[239947.17022700002,9207484.843270456]]}},{"type":"Feature","properties":{"fid":131,"ID":130,"ELEV":35.5},"geometry":{"type":"LineString","coordinates":[[239619.3222695,9207475.727799669],[239621.51248550002,9207476.473402705],[239622.23121798117,9207477.1451499],[239623.9764785,9207479.86137907],[239624.68969805483,9207482.3469129],[239624.8503453617,9207483.4420209],[239624.65910949177,9207484.537128901],[239624.89433528387,9207486.4535679],[239624.89143886365,9207489.4651149],[239623.9764785,9207492.672800647],[239622.35599885823,9207496.309539901],[239621.600128176,9207502.3326339],[239621.49591843082,9207504.5228499],[239622.34305542946,9207508.6295049],[239625.28762722993,9207517.3903689],[239626.82677378797,9207523.4134629],[239628.49451171348,9207528.3414489],[239629.54414684034,9207530.805441901],[239633.55867350003,9207538.28543531],[239639.53840067846,9207547.7796159],[239643.24465594464,9207554.8978179],[239645.87863850003,9207558.516737737],[239650.80662450002,9207564.19273457],[239652.72306350002,9207565.775368154],[239655.18705650003,9207567.086158304],[239660.11504250002,9207569.087728618],[239665.04302850002,9207570.62562616],[239671.33989950002,9207572.04940691],[239674.8990005,9207572.611733118],[239681.4696485,9207573.176597152],[239690.7780665,9207573.67732463],[239703.64558550002,9207573.444303125],[239713.22778050002,9207572.784518898],[239717.33443550003,9207572.348423712],[239721.16731350002,9207571.385366656],[239723.63130650003,9207570.196118118],[239728.80867587458,9207566.944005901],[239739.78414950002,9207558.58112444],[239752.9102093794,9207549.4222779],[239763.3289715,9207541.810898904],[239770.94467408728,9207534.9120969],[239773.73249750002,9207531.35557176],[239776.47026750003,9207528.329374364],[239778.9342605,9207526.22012692],[239779.75559150003,9207524.92932292],[239781.67203050002,9207522.77437099],[239781.94580750001,9207522.706279965],[239784.40980050003,9207523.99518283],[239784.95735450002,9207524.663922494],[239786.4308911364,9207526.6987869],[239786.96846867105,9207531.3529959],[239786.50714897807,9207535.4596509],[239786.32623950002,9207536.067392383],[239785.35743290605,9207537.6498669],[239782.23403194756,9207541.4827449],[239780.35510977678,9207545.3156229],[239779.53490957877,9207548.0533929],[239778.98660810172,9207552.4338249],[239778.66048350002,9207553.718599],[239776.07776465386,9207559.5520269],[239775.85562808914,9207561.4684659],[239776.3513629771,9207566.122674901],[239776.2296183062,9207569.9555529],[239776.36091591476,9207571.5982149],[239775.6548570463,9207578.9901939],[239774.97783458448,9207583.0968489],[239773.65644936307,9207589.667496901],[239772.6601196304,9207596.2381449],[239771.64105543305,9207601.439907901],[239768.87537165455,9207611.8434339],[239766.81580878046,9207623.6158449],[239766.17302348037,9207628.2700539],[239763.34471488348,9207640.0424649],[239761.63531296328,9207650.1722139],[239760.71734949856,9207653.4575379],[239759.29710799782,9207656.195307901],[239757.3058775,9207657.482805124],[239754.5681075,9207657.717400284],[239751.0090065,9207657.038200658],[239742.24814250003,9207654.375097228],[239739.23659550003,9207653.700447053],[239735.12994050002,9207653.119183792],[239730.47573150002,9207652.749848679],[239725.27396850003,9207652.727183115],[239721.4410905,9207652.994122708],[239716.23932750002,9207653.710443629],[239712.1326725,9207654.717211062],[239708.92195597632,9207655.9215309],[239705.8358015,9207657.524014022],[239703.37180850003,9207659.123328079],[239701.4553695,9207660.855412185],[239698.5964844587,9207664.9561719],[239694.61094450002,9207673.143855715],[239693.06737710568,9207675.6334749],[239690.85050622653,9207677.0023599],[239690.5042895,9207677.05652074],[239687.2189655,9207676.878818646],[239681.74342550003,9207674.315419488],[239663.67414350001,9207663.059824167],[239651.05757689482,9207656.195307901],[239648.06829204084,9207654.8264229],[239642.3195375,9207652.848950494],[239639.58176750003,9207652.224351065],[239635.7488895,9207651.664376395],[239629.7257955,9207651.404587626],[239622.88137050002,9207651.88572153],[239616.31072250003,9207652.995859172],[239610.8351825,9207654.334943708],[239608.3711895,9207655.183583563],[239604.8120885,9207656.82048402],[239593.03967750003,9207664.039650626],[239591.04133844894,9207664.9561719],[239588.1116915,9207665.80465791],[239585.64769850002,9207666.06383466],[239579.07705050003,9207665.867023913],[239572.2326255,9207666.129136745],[239569.2210785,9207666.455197375],[239566.75708550002,9207667.122640608],[239565.11442350002,9207667.29445323],[239563.47176150003,9207667.149810113],[239562.37665350002,9207666.744252544],[239561.5553225,9207665.799466135],[239561.2815455,9207665.750988461],[239561.00025231607,9207665.2299489],[239561.32078919213,9207664.1348409],[239561.33818901726,9207663.0397329],[239561.8321965249,9207662.2184019],[239564.5668695,9207659.902745608],[239566.75708550002,9207658.80258128],[239570.04240950002,9207655.470023546],[239575.00633179228,9207649.8984369],[239576.5002950538,9207647.9819979],[239578.37750093584,9207644.6966739],[239579.96061859312,9207640.5900189],[239581.02462402245,9207638.6735799],[239583.23345331752,9207635.6620329],[239587.29036050002,9207631.103676397],[239588.2362648595,9207629.6389389],[239588.4945676053,9207627.7224999],[239587.61424315476,9207619.5091899],[239587.49891075733,9207616.2238659],[239587.6951014408,9207613.7598729],[239588.51649066867,9207610.2007719],[239590.54068877356,9207604.1776779],[239593.13509867302,9207595.1430369],[239594.2235044881,9207590.2150509],[239595.34995530473,9207580.6328559],[239597.5225817987,9207555.7191489],[239598.63171732554,9207540.935190901],[239598.69952176497,9207536.2809819],[239598.29446103686,9207530.5316649],[239597.26701941702,9207523.1396859],[239597.0423477767,9207520.1281389],[239597.0253352244,9207515.4739299],[239597.23154531728,9207511.9148289],[239598.41989933926,9207504.5228499],[239599.88410250001,9207499.920038078],[239601.61989713612,9207496.0357629],[239603.7169805,9207492.139510594],[239608.79480948736,9207484.537128901],[239611.7434303983,9207479.3353659],[239613.84672950002,9207477.309314135],[239615.21561450002,9207476.693992574],[239618.7747155,9207475.604766855],[239619.3222695,9207475.727799669]]}},{"type":"Feature","properties":{"fid":132,"ID":131,"ELEV":36.0},"geometry":{"type":"LineString","coordinates":[[239617.95338450003,9207449.72780714],[239620.6911545,9207451.09609425],[239622.54384356353,9207452.505219901],[239623.4289245,9207453.262778778],[239624.87728884342,9207455.2429899],[239626.89963815632,9207458.5283139],[239627.66081613136,9207460.992306901],[239629.69945289573,9207465.6465159],[239631.1225411174,9207470.0269479],[239631.6563418184,9207475.7762649],[239631.91601150003,9207481.850969795],[239631.5004835668,9207483.9895749],[239628.188651022,9207495.2144319],[239627.49198183222,9207499.3210869],[239627.35136538386,9207502.6064109],[239627.88478443612,9207507.8081739],[239630.60418518644,9207522.0445779],[239631.78305899826,9207526.4250099],[239633.55867350003,9207530.856790686],[239636.0226665,9207535.324326986],[239639.0342135,9207539.56793154],[239645.3274794212,9207546.9582849],[239649.3561918351,9207552.1600479],[239654.6395025,9207558.087026056],[239657.86388117482,9207560.3733579],[239661.2101505,9207562.24706733],[239666.68569050002,9207564.616236148],[239669.9710145,9207565.578346904],[239674.35144650002,9207566.479312347],[239679.00565550002,9207566.966770524],[239693.24205950001,9207567.665026803],[239701.1815925,9207567.48867091],[239710.7637875,9207566.75300311],[239716.7868815,9207565.901207147],[239720.3459825,9207564.759954415],[239723.90508350002,9207562.977621417],[239728.55929250002,9207559.819022875],[239740.87925750003,9207550.550005447],[239748.7558153347,9207544.220514901],[239752.37789150001,9207540.959198698],[239757.3058775,9207537.844147084],[239761.9600865,9207534.572729269],[239765.5191875,9207531.47349229],[239768.03312821942,9207528.8890029],[239772.6373895,9207523.169051535],[239775.37515950002,9207518.808077466],[239776.79090458414,9207516.0214839],[239779.53498278698,9207508.6295049],[239780.8506995,9207503.525014406],[239782.4933615,9207499.83092191],[239783.87451890943,9207497.952201901],[239785.2311315,9207494.688751835],[239785.5049085,9207494.46258044],[239785.85501849453,9207495.2144319],[239787.42134750003,9207496.109445669],[239789.61067308314,9207501.2375259],[239790.87575296505,9207510.8197209],[239790.85229370056,9207514.1050449],[239791.11874218564,9207515.7477069],[239790.97279040213,9207517.3903689],[239791.10935829388,9207518.4854769],[239790.73126630194,9207522.0445779],[239790.97316318803,9207528.8890029],[239790.45935800616,9207533.8169889],[239789.79686766447,9207536.0072049],[239788.5164555,9207538.970232897],[239787.78108997704,9207540.1138599],[239783.6189513702,9207545.041845901],[239782.51946341494,9207546.9582849],[239781.87546982692,9207548.8747239],[239781.18136581444,9207553.2551559],[239780.74124481264,9207554.8978179],[239779.12341784177,9207558.1831419],[239778.65072047352,9207559.5520269],[239778.39208584855,9207561.7422429],[239778.67293965034,9207566.3964519],[239778.34331834287,9207572.6933229],[239777.39407520686,9207580.6328559],[239776.2769249836,9207586.9297269],[239775.46178832563,9207595.4168139],[239774.9354336248,9207598.4283609],[239772.55051093202,9207606.9154479],[239771.77535122144,9207612.390987901],[239770.5838011358,9207617.5927509],[239769.24322462743,9207625.8060609],[239768.30374669406,9207630.4602699],[239765.37701191072,9207642.5064579],[239763.0160187137,9207654.5526459],[239761.68630950002,9207658.244478017],[239760.84209850288,9207659.7544089],[239759.49609350003,9207661.22370387],[239757.85343150003,9207662.220881123],[239754.2943305,9207662.995785873],[239750.73522950002,9207662.692008326],[239738.4152645,9207659.157190042],[239732.6659475,9207658.284300314],[239728.83306950002,9207658.065193396],[239725.0001915,9207658.179712519],[239717.88198950002,9207658.989760792],[239714.59666550002,9207659.808665179],[239712.68022650003,9207660.518203402],[239710.4900105,9207661.535927204],[239707.03599041817,9207663.5872869],[239704.70334336787,9207665.7775029],[239702.8242545,9207668.768059727],[239701.7291465,9207671.147127671],[239698.1871263746,9207680.561460901],[239696.8011605,9207683.658195421],[239695.25066878818,9207686.0370009],[239694.33716750002,9207686.9916883],[239692.69450550003,9207687.575455287],[239690.5042895,9207687.2993272],[239687.2189655,9207685.665287888],[239685.30252650002,9207684.413843809],[239679.8269865,9207679.971512703],[239672.43500750003,9207674.923044527],[239662.03148150002,9207668.917312834],[239656.2821645,9207666.213181613],[239647.52130050003,9207661.662403747],[239643.9621995,9207660.116914231],[239640.6768755,9207659.04133169],[239636.0226665,9207657.960141173],[239629.7060202753,9207657.016638901],[239625.0715865,9207656.913917223],[239620.1436005,9207657.231491543],[239614.66806050003,9207658.109585308],[239611.58912033605,9207658.9330779],[239607.00230450003,9207660.841102408],[239598.78954339575,9207665.5037259],[239593.58723150002,9207668.009847244],[239591.1232385,9207668.909057321],[239581.8148205,9207671.428984884],[239580.1721585,9207671.630118227],[239575.5179495,9207671.609871397],[239573.32773350002,9207671.807624292],[239568.12597050003,9207673.07108691],[239564.8406465,9207673.573609928],[239557.72244450002,9207673.777232027],[239550.3304655,9207675.557940861],[239546.22381050003,9207675.276792675],[239542.3909325,9207673.890681894],[239541.84445098825,9207673.4432589],[239541.07225159445,9207671.253042901],[239540.85402996512,9207669.0628269],[239540.9147756068,9207667.4201649],[239541.4854541646,9207665.7775029],[239543.36790384934,9207663.5872869],[239544.76190474327,9207662.7659559],[239547.3189185,9207660.841041327],[239548.0683616423,9207660.0281859],[239550.53544453296,9207658.1117469],[239553.86919560173,9207656.4690849],[239561.0077685,9207653.7528274],[239563.1979845,9207652.445181705],[239564.95025623852,9207650.9935449],[239566.99587439242,9207648.8033289],[239568.60689460151,9207646.6131129],[239570.07875217305,9207643.8753429],[239570.70058177048,9207641.1375729],[239570.8637405,9207639.32635016],[239572.05361987388,9207636.757140901],[239573.49426797123,9207635.114478901],[239577.02684261033,9207632.1029319],[239579.35082750002,9207629.765212938],[239580.73205788198,9207627.9962769],[239581.6265309414,9207626.3536149],[239582.23306826953,9207624.4371759],[239582.578352481,9207621.9731829],[239582.46375099514,9207614.0336499],[239582.56745881354,9207611.8434339],[239583.02539250097,9207609.1056639],[239584.3895989428,9207604.7252319],[239587.77110077784,9207595.9643679],[239589.13082795433,9207591.3101589],[239589.7191237443,9207588.2986119],[239590.3733501893,9207580.6328559],[239590.57523204404,9207574.3359849],[239592.52923071064,9207554.0764869],[239592.87424027745,9207533.5432119],[239592.2585585917,9207527.5201179],[239591.0523610158,9207521.2232469],[239590.9057553659,9207517.3903689],[239591.84506941313,9207498.2259789],[239591.83791041403,9207494.1193239],[239592.04116554157,9207492.4766619],[239593.58723150002,9207485.849743528],[239594.75852223273,9207482.894466901],[239597.71356211978,9207476.5975959],[239599.76918168503,9207471.1220559],[239601.91049316476,9207467.0154009],[239604.26453450002,9207461.672417486],[239605.63341950002,9207459.295723991],[239607.14169670292,9207457.1594289],[239608.81185972298,9207455.5167669],[239611.3827365,9207452.181413522],[239612.7516215,9207450.97010678],[239614.66806050003,9207449.59309192],[239617.4058305,9207449.537752485],[239617.95338450003,9207449.72780714]]}},{"type":"Feature","properties":{"fid":133,"ID":132,"ELEV":50.5},"geometry":{"type":"LineString","coordinates":[[239442.325439,9207444.861613758],[239443.36716481496,9207444.5656869],[239444.27331283258,9207444.0181329],[239443.7265540465,9207442.3754709],[239443.2836585,9207438.66188145],[239443.14677000002,9207438.66188145]]}},{"type":"Feature","properties":{"fid":134,"ID":133,"ELEV":36.5},"geometry":{"type":"LineString","coordinates":[[239901.72324500003,9207663.249125531],[239899.1223635,9207665.058505604],[239897.4797015,9207665.839732086],[239895.5632625,9207666.427978171],[239885.1597365,9207668.356732855],[239869.5544475,9207672.745032959],[239865.72156950002,9207673.527634816],[239859.42469850002,9207674.175205449],[239846.0096255,9207674.560815334],[239839.16520050002,9207675.190143086],[239835.0585455,9207675.747827075],[239820.27458750003,9207678.59671739],[239815.62037850003,9207679.218397804],[239812.88260850002,9207679.264114374],[239804.94307550002,9207678.722873658],[239796.4559885,9207679.133197822],[239792.8968875,9207678.905731322],[239790.25044904294,9207678.0974679],[239787.99372819968,9207676.7285829],[239786.05246250003,9207674.632666709],[239784.95735450002,9207672.50322848],[239783.20230722678,9207666.3250569],[239780.7933022844,9207655.3739769],[239780.39716821074,9207652.6362069],[239779.6738964664,9207644.1491199],[239779.10433740073,9207641.1375729],[239778.8022507054,9207638.1260259],[239778.31109312474,9207636.4833639],[239777.93134917275,9207634.0193709],[239777.2915985,9207632.045808353],[239775.64893650002,9207631.316559805],[239774.8276055,9207630.106759926],[239774.5538285,9207630.10690385],[239774.00627450002,9207630.272924205],[239773.47101507406,9207631.8291549],[239771.45813931644,9207634.293147901],[239770.1733965,9207636.99442233],[239769.1764885878,9207640.3162419],[239767.16184950003,9207645.395745356],[239766.34051850002,9207648.226416834],[239764.6223809801,9207655.9215309],[239763.41434111106,9207659.7544089],[239761.68630950002,9207663.178105677],[239759.49609350003,9207665.802200448],[239758.61884962214,9207666.3250569],[239757.5796545,9207667.310645832],[239756.2107695,9207668.125020795],[239752.9254455,9207668.798682109],[239751.0090065,9207668.610257613],[239748.81879050002,9207668.048863808],[239739.78414950002,9207665.141120836],[239734.85616350002,9207664.054519773],[239731.57083950003,9207663.636724005],[239727.7379615,9207663.55372851],[239724.17886050002,9207663.741392573],[239721.7148675,9207664.084646346],[239716.51310450002,9207665.431088235],[239713.5015575,9207666.656136064],[239709.83465458115,9207669.3366039],[239707.4784635,9207672.156870848],[239705.5232025993,9207675.6334749],[239701.4075677646,9207685.7632239],[239698.1700455,9207692.256878024],[239696.25360650002,9207695.033476112],[239694.06339050003,9207696.535392124],[239691.8731745,9207696.191208595],[239688.58785050001,9207694.076682216],[239685.8500805,9207691.819356479],[239682.5647565,9207688.754312733],[239677.9105475,9207684.924349552],[239673.5301155,9207681.849550014],[239668.32835250002,9207678.905565955],[239661.48392750003,9207675.737387162],[239652.17550950003,9207671.861850744],[239641.77198350002,9207666.779046321],[239636.57022050003,9207664.56386916],[239631.6422345,9207662.954704667],[239629.17824150002,9207662.482710496],[239625.61914050003,9207662.271771932],[239620.1436005,9207662.376136767],[239617.1320535,9207662.653897977],[239614.3942835,9207663.129192865],[239612.20406750002,9207663.733497694],[239607.54985850002,9207665.514444979],[239599.0627715,9207669.574438637],[239588.45941237596,9207673.4432589],[239583.1837055,9207676.55698788],[239581.5410435,9207677.235780142],[239579.8983815,9207677.59711955],[239574.1490645,9207676.396350529],[239570.8637405,9207676.342868792],[239559.36510650002,9207678.491749063],[239552.79445850002,9207680.515122075],[239549.78291150002,9207681.236119429],[239547.5926955,9207681.036870353],[239543.21226350003,9207679.88505118],[239540.20071650003,9207679.72320871],[239536.0940615,9207680.575253],[239534.45139950002,9207680.677285422],[239532.26118350003,9207681.292953564],[239529.24963650003,9207682.695270583],[239525.6905355,9207683.386251867],[239523.7740965,9207683.323240735],[239523.22654250002,9207682.864643589],[239522.43542479174,9207681.1090149],[239522.21588790693,9207679.4663529],[239522.4169420971,9207678.0974679],[239522.95276550003,9207676.909817029],[239525.6905355,9207675.316873096],[239527.60697450003,9207673.896220095],[239528.87761580868,9207672.6219279],[239529.86213924465,9207670.7054889],[239531.15847456706,9207664.9561719],[239532.10010829268,9207663.3135099],[239532.87858526726,9207662.4921789],[239537.11090749898,9207659.7544089],[239541.2958245,9207657.969150491],[239546.77136450002,9207654.428403717],[239553.06823550002,9207651.907087902],[239556.07978250002,9207650.493705064],[239558.2699985,9207649.160012485],[239561.38988009584,9207646.3393359],[239562.80090502504,9207644.4228969],[239564.55315252373,9207641.4113499],[239565.75354758196,9207638.1260259],[239567.15494569205,9207632.9242629],[239567.93867790297,9207631.2816009],[239569.14148105276,9207629.9127159],[239572.42809717433,9207627.4487229],[239574.13155751475,9207625.8060609],[239575.31762722167,9207624.163398901],[239576.65844004895,9207621.4256289],[239577.25855256032,9207618.9616359],[239577.4450661103,9207617.0451969],[239577.25852494896,9207609.3794409],[239577.68428598193,9207606.0941169],[239578.53811560385,9207603.6301239],[239583.73806739485,9207594.3217059],[239585.2079543949,9207589.9412739],[239585.7793534204,9207586.3821729],[239585.7816716268,9207582.2755179],[239584.83702925657,9207572.6933229],[239584.97743857797,9207569.4079989],[239587.48555003002,9207555.4453719],[239587.99295576298,9207549.9698319],[239587.7021627188,9207528.6152259],[239586.083586927,9207516.5690379],[239585.8303124467,9207501.2375259],[239585.3716360154,9207494.1193239],[239585.58093776228,9207489.4651149],[239586.32670425743,9207484.537128901],[239587.19367681642,9207480.9780279],[239589.66356673287,9207474.407379901],[239593.99819368077,9207465.0989619],[239599.0858579072,9207454.9692129],[239604.85530453885,9207442.1016939],[239607.9762479233,9207436.0785999],[239608.83268737592,9207434.7097149],[239610.28762850002,9207433.353890281],[239615.7631685,9207430.547426762],[239618.7747155,9207430.298436949],[239621.47252511972,9207431.9719449],[239625.0715865,9207435.98937322],[239627.71193984235,9207439.6377009],[239629.56754520687,9207442.6492479],[239631.9484510554,9207445.9345719],[239632.8962303432,9207448.1247879],[239632.84379195777,9207453.326550901],[239633.8672105786,9207460.7185299],[239635.95927318063,9207473.3122719],[239636.34232333643,9207477.9664809],[239636.313573493,9207480.9780279],[239636.03207523221,9207483.9895749],[239635.53949603075,9207486.4535679],[239633.52096550755,9207493.2979929],[239632.89491555007,9207496.0357629],[239632.5035816267,9207499.3210869],[239632.43359775833,9207501.7850799],[239634.21511123684,9207519.854361901],[239635.10880804286,9207524.7823479],[239636.3998255398,9207528.6152259],[239638.48079966378,9207532.448103901],[239639.9091934155,9207534.3645429],[239644.78353050002,9207539.5489263],[239651.32928968183,9207544.7680689],[239653.81817150002,9207547.206966218],[239662.368162876,9207554.350263901],[239666.34414100382,9207557.0880339],[239669.14968350003,9207558.593016136],[239671.6136765,9207559.490148677],[239673.80389250003,9207560.04569397],[239677.9105475,9207560.723067475],[239691.8731745,9207561.708928311],[239700.63403850002,9207561.715101792],[239709.66867950003,9207560.74320026],[239714.87044250002,9207559.780392956],[239717.60821250002,9207558.997322954],[239721.16731350002,9207557.52549603],[239726.1652436379,9207554.6240409],[239734.85616350002,9207548.584571542],[239749.84807840936,9207536.2809819],[239757.85343150003,9207530.592248175],[239762.41036533497,9207526.9725639],[239766.34051850002,9207522.935521452],[239768.5307345,9207520.203413246],[239770.72095050002,9207517.051643593],[239772.9111665,9207513.205139985],[239775.39143562387,9207506.439288901],[239778.27361770923,9207493.8455469],[239779.9863864454,9207484.2633519],[239780.3798091626,9207480.7042509],[239781.02766260438,9207477.9664809],[239782.26847325,9207474.9549339],[239783.04091550002,9207474.227494948],[239784.40980050003,9207473.415913012],[239785.5049085,9207473.491864933],[239785.94093806436,9207474.6811569],[239787.69512450002,9207476.814854987],[239788.7902325,9207478.82367738],[239792.1444316339,9207488.9175609],[239793.5125225129,9207494.666877901],[239794.26049041632,9207499.3210869],[239794.6898819203,9207507.5343969],[239795.02239693367,9207510.2721669],[239794.99825450883,9207512.1886059],[239793.81537726804,9207520.9494699],[239793.5262884932,9207529.7103339],[239793.3960088709,9207531.3529959],[239792.96993034807,9207533.269434901],[239790.74039567215,9207539.2925289],[239789.9079206877,9207540.935190901],[239785.2311315,9207545.804553812],[239783.97097417948,9207547.7796159],[239783.533008748,9207549.1485009],[239782.7683893683,9207554.6240409],[239782.49165029742,9207555.7191489],[239781.03528639165,9207559.2782499],[239780.7373167663,9207560.6471349],[239780.49385771467,9207570.7768839],[239779.26545092915,9207583.3706259],[239779.2080375,9207586.455180101],[239779.52446689404,9207588.846165901],[239779.11860727024,9207594.8692599],[239779.45496965005,9207599.5234689],[239779.17685810142,9207603.0825699],[239780.8506995,9207604.8467076],[239781.12447650003,9207604.751265476],[239783.31469250002,9207601.836942691],[239784.1360235,9207600.008878432],[239788.50547868127,9207593.2265979],[239794.15439564927,9207585.0132879],[239798.0986505,9207578.705619238],[239800.28886650002,9207575.935270539],[239801.93152850002,9207574.380645243],[239803.8479675,9207572.996288002],[239818.71960833704,9207563.9324589],[239823.55991150002,9207561.197225314],[239827.94034350003,9207559.286567342],[239830.17027895624,9207558.7306959],[239833.6896605,9207558.442303516],[239844.09318650002,9207558.45292038],[239851.75894250002,9207558.870508935],[239864.9002385,9207558.578814559],[239870.9233325,9207558.71339025],[239887.07617550003,9207558.142507544],[239893.0992695,9207557.20824705],[239896.65837050002,9207557.02667418],[239899.1223635,9207556.655532368],[239902.4076875,9207555.926211936],[239909.7996665,9207553.863580916],[239914.18009850002,9207553.40890249],[239922.3934085,9207553.824585088],[239925.6787325,9207553.742317915],[239928.6902795,9207554.098433122],[239930.60671850003,9207555.307261182],[239930.84450138765,9207555.7191489],[239930.5347251391,9207557.9093649],[239929.50482115612,9207561.057800401]]}},{"type":"Feature","properties":{"fid":136,"ID":135,"ELEV":43.5},"geometry":{"type":"LineString","coordinates":[[239697.09795155475,9207419.1044259],[239697.09795155475,9207419.1044259]]}},{"type":"Feature","properties":{"fid":137,"ID":136,"ELEV":37.0},"geometry":{"type":"LineString","coordinates":[[239518.982999,9207675.773006035],[239522.5782635359,9207670.431711901],[239525.9643125,9207662.914936654],[239528.4283055,9207660.373283697],[239531.4398525,9207658.536334796],[239538.37479213622,9207655.6477539],[239540.74827050001,9207654.13213833],[239544.10273443043,9207651.5410989],[239546.49758750002,9207650.099147776],[239553.3420125,9207647.032089282],[239555.2584515,9207645.797126876],[239558.2971782022,9207643.0540119],[239560.0267039837,9207640.5900189],[239561.45670063474,9207637.5784719],[239562.13250411677,9207635.114478901],[239562.65586853633,9207629.9127159],[239563.1979845,9207627.970440201],[239564.03680391674,9207626.6273919],[239564.86768117934,9207625.8060609],[239569.48583627897,9207622.520736901],[239571.1065775576,9207620.8780749],[239572.06750830228,9207618.9616359],[239572.5111208562,9207615.9500889],[239571.4884186938,9207605.2727859],[239571.68768576838,9207603.6301239],[239572.28309437243,9207601.7136849],[239573.32773350002,9207599.835959561],[239577.85249652926,9207595.1430369],[239579.99121671834,9207592.4052669],[239581.01835119634,9207590.7626049],[239581.8148205,9207588.90408455],[239582.23068167333,9207586.6559499],[239582.04947782218,9207584.4657339],[239581.54105183407,9207581.7279639],[239579.14891992547,9207575.7048699],[239578.62253261064,9207573.7884309],[239578.36892818302,9207571.5982149],[239578.47380488593,9207569.1342219],[239578.9168470143,9207566.3964519],[239581.97342647598,9207556.2667029],[239582.800817732,9207552.4338249],[239583.109677316,9207549.6960549],[239582.56964901235,9207535.1858739],[239582.6514219303,9207532.448103901],[239583.21817645288,9207527.7938949],[239583.18453706568,9207525.6036789],[239581.179118749,9207515.7477069],[239580.85666127678,9207511.3672749],[239580.4312851042,9207492.7504389],[239580.64655796712,9207485.358459901],[239582.02291889422,9207476.3238189],[239583.34944734973,9207472.4909409],[239588.32352110083,9207461.5398609],[239593.9153765939,9207451.683888901],[239600.57708742938,9207435.8048229],[239603.01523814947,9207428.139066901],[239605.98306573663,9207422.6635269],[239607.58006955302,9207421.0208649],[239609.45234914575,9207419.6519799],[239618.7747155,9207415.819840303],[239621.7862625,9207415.11409954],[239623.9764785,9207415.217157912],[239626.26851770183,9207416.366655901],[239627.3649806715,9207418.009317901],[239628.38180911695,9207421.2946419],[239629.89330203424,9207428.4128439],[239632.97513356313,9207436.6261539],[239635.61625637376,9207442.3754709],[239636.69861106022,9207445.9345719],[239636.90489096087,9207447.8510109],[239636.50329262082,9207451.1363349],[239636.432740689,9207453.6003279],[239636.6710668471,9207455.7905439],[239637.7459010836,9207462.0874149],[239639.74709132718,9207471.6696099],[239640.34770708848,9207475.5024879],[239640.6692813552,9207479.8829199],[239640.55472672166,9207484.2633519],[239640.2870408587,9207487.001121901],[239638.08570951098,9207497.6784249],[239637.40321150853,9207503.1539649],[239638.35760228854,9207521.2232469],[239638.73729187256,9207523.1396859],[239639.53446862806,9207525.6036789],[239641.22442950003,9207529.2058051],[239645.30222692434,9207533.5432119],[239648.06885450002,9207536.04398651],[239650.53284750003,9207537.786935814],[239659.12981614048,9207543.1254069],[239669.42346050002,9207550.362227555],[239673.5301155,9207552.520205818],[239676.8154395,9207553.616102032],[239680.64831750002,9207554.308747636],[239690.7780665,9207555.53384485],[239696.8011605,9207555.9928807],[239702.55047750002,9207555.708492232],[239708.8473485,9207554.92605659],[239714.25894313818,9207553.8027099],[239718.4295435,9207552.457596228],[239723.3575295,9207550.012076423],[239727.46418450002,9207547.551522786],[239732.11839350002,9207544.415145708],[239736.93422714193,9207540.6614139],[239745.53346650003,9207533.446469462],[239756.6046972698,9207525.0561249],[239760.70535606908,9207521.497023901],[239764.49540117758,9207517.3903689],[239767.8538690154,9207512.4623829],[239769.33355581222,9207509.724612901],[239770.6573635839,9207506.7130659],[239771.69324401434,9207503.9752959],[239772.1835063918,9207502.0588569],[239774.97575042676,9207488.3700069],[239776.47727577592,9207474.407379901],[239776.5685684789,9207470.8482789],[239776.14933157616,9207465.0989619],[239775.7406177896,9207463.456299901],[239773.79459830342,9207457.9807599],[239773.67616701056,9207456.6118749],[239774.2800515,9207454.956352448],[239775.9227135,9207454.680949233],[239776.1964905,9207454.69252756],[239778.11292950003,9207456.099402878],[239780.16053539806,9207458.5283139],[239782.83982759484,9207460.992306901],[239787.69512450002,9207466.948791353],[239790.29525877215,9207470.8482789],[239791.70204337116,9207473.3122719],[239793.4202584707,9207477.9664809],[239796.4559885,9207489.277565902],[239797.1790795112,9207492.4766619],[239797.76633066064,9207497.130870901],[239798.14032469908,9207504.2490729],[239798.02090598192,9207511.6410519],[239797.64214973,9207515.2001529],[239796.6043862801,9207519.5805849],[239796.00307847775,9207523.1396859],[239795.64378019425,9207529.162779901],[239795.304745407,9207531.3529959],[239794.0067589849,9207535.7334279],[239791.65081533793,9207541.2089679],[239790.1591175,9207543.174176892],[239786.8737935,9207546.188355096],[239786.01726027083,9207547.2320619],[239785.2308519931,9207548.6009469],[239784.80848432434,9207550.2436089],[239784.4093930742,9207555.171594901],[239782.94236771797,9207561.7422429],[239782.6436442497,9207565.8488979],[239782.82665441584,9207570.5031069],[239782.59532188112,9207575.431092901],[239783.31469250002,9207579.133334696],[239785.42609738035,9207583.3706259],[239786.32623950002,9207584.358197203],[239788.2426785,9207585.180674108],[239790.4328945,9207583.968989635],[239791.39188579578,9207583.0968489],[239792.07555650003,9207582.418273628],[239796.1822115,9207575.779037384],[239799.1937585,9207572.085766274],[239804.3955215,9207566.937419735],[239808.22839950002,9207563.850931851],[239811.23994650002,9207562.305274177],[239815.89415550002,9207560.640366962],[239817.26304050002,9207560.357162641],[239824.1074655,9207558.00665163],[239827.3927895,9207557.26448628],[239830.6781135,9207556.786320178],[239833.6896605,9207556.694573335],[239858.3295905,9207557.260239843],[239882.69574350002,9207556.812581692],[239887.34995250002,9207556.455609715],[239893.0992695,9207555.299282668],[239896.38459350003,9207555.071423287],[239899.94369450002,9207554.500897663],[239907.88322750002,9207552.34085827],[239912.53743650002,9207551.54234475],[239918.01297650003,9207551.292336278],[239927.3213945,9207551.09569145],[239929.78538750001,9207551.338083118],[239932.24938050003,9207552.103600098],[239933.61826550003,9207553.171085201],[239933.8342842763,9207553.6658214]]}},{"type":"Feature","properties":{"fid":138,"ID":137,"ELEV":45.0},"geometry":{"type":"LineString","coordinates":[[240037.24286000003,9207409.305514863],[240033.95753600003,9207410.859027257]]}},{"type":"Feature","properties":{"fid":139,"ID":138,"ELEV":52.0},"geometry":{"type":"LineString","coordinates":[[239438.6406628974,9207407.3320149],[239438.6294495,9207407.19701266],[239438.4090885593,9207409.5222309],[239438.0818955,9207410.412495844],[239436.7130105,9207410.40658381],[239436.0726765167,9207410.8911159],[239435.88586730562,9207412.8075549],[239435.6179025,9207413.424050566],[239434.76294806565,9207414.4502169],[239435.0703485,9207415.95415384],[239435.89167950003,9207415.563376699],[239436.5265990973,9207414.9977709],[239438.19794624642,9207412.2600009],[239438.7457918553,9207409.7960079],[239438.6406628974,9207407.3320149]]}},{"type":"Feature","properties":{"fid":140,"ID":139,"ELEV":44.5},"geometry":{"type":"LineString","coordinates":[[240037.51663700002,9207405.731774526],[240033.82064750002,9207407.436404848],[240027.64974547454,9207409.5222309],[240027.64974547454,9207409.659119401]]}},{"type":"Feature","properties":{"fid":141,"ID":140,"ELEV":52.0},"geometry":{"type":"LineString","coordinates":[[239438.37985927548,9207405.1417989],[239438.37985927548,9207405.1417989]]}},{"type":"Feature","properties":{"fid":142,"ID":141,"ELEV":43.5},"geometry":{"type":"LineString","coordinates":[[239996.89741577258,9207404.4573564],[239996.72386400003,9207404.308095556]]}},{"type":"Feature","properties":{"fid":143,"ID":142,"ELEV":37.5},"geometry":{"type":"LineString","coordinates":[[239519.25677600002,9207667.853603166],[239519.70949453645,9207667.4201649],[239523.22654250002,9207661.607868338],[239525.00722940834,9207659.480631901],[239526.87757274392,9207657.837969901],[239529.60860528078,9207656.195307901],[239534.9989535,9207654.101382036],[239536.6416155,9207653.281227723],[239538.9521749523,9207651.2673219],[239542.6647095,9207646.594169619],[239543.75981750002,9207645.57050559],[239551.70471341873,9207642.7802349],[239553.6157895,9207641.550678391],[239554.69230281937,9207640.5900189],[239555.94362535363,9207638.9473569],[239557.1885675255,9207635.935809901],[239557.6646907491,9207633.1980399],[239558.10177792053,9207627.4487229],[239559.01464648507,9207624.7109529],[239559.8361781231,9207623.0682909],[239561.90966536137,9207619.7829669],[239564.82331056095,9207616.7714199],[239565.52608166498,9207615.6763119],[239565.5688743017,9207613.212318901],[239565.35846204596,9207611.2958799],[239565.70827346668,9207609.3794409],[239565.45926962228,9207606.9154479],[239565.48353604416,9207604.1776779],[239565.7234424306,9207602.261238901],[239566.39468704336,9207599.797245901],[239568.12597050003,9207596.97148198],[239573.97161644447,9207590.488827901],[239575.32590254772,9207588.024834901],[239575.42305999028,9207587.4772809],[239575.47359048965,9207585.5608419],[239575.0883888457,9207583.6444029],[239573.03173677268,9207577.3475319],[239572.21172072447,9207571.5982149],[239572.3363480744,9207569.4079989],[239573.55656924986,9207563.9324589],[239576.75100158685,9207554.6240409],[239577.5037422699,9207549.1485009],[239577.58390009397,9207544.7680689],[239577.43438850003,9207543.370949656],[239575.75565497275,9207536.8285359],[239575.0912682196,9207532.7218809],[239574.83134312683,9207520.1281389],[239575.5200481964,9207508.6295049],[239575.54748903165,9207486.7273449],[239576.46789202094,9207477.6927039],[239577.21459900803,9207473.586048901],[239578.19310414692,9207469.7531709],[239579.62460450002,9207464.999553898],[239581.5410435,9207459.57368925],[239586.1952525,9207450.659635898],[239593.49916636158,9207434.7097149],[239594.3751693354,9207432.2457219],[239596.01439196983,9207424.8537429],[239597.76340117527,9207421.2946419],[239599.9005014591,9207419.1044259],[239603.4432035,9207416.32331423],[239605.90719650002,9207414.918725055],[239615.03456532926,9207410.6173389],[239618.22716150002,9207408.760864194],[239623.4289245,9207405.110848278],[239626.16669450002,9207403.990821632],[239628.6306875,9207403.82036285],[239630.96298372568,9207404.594244901],[239632.52738610975,9207406.236906901],[239633.3347208321,9207408.7008999],[239633.3592635323,9207410.8911159],[239633.64172453247,9207412.5337779],[239633.82210195318,9207421.0208649],[239634.3252212736,9207425.1275199],[239635.7573362829,9207431.1506139],[239638.43264004623,9207439.911477901],[239638.8237455707,9207442.1016939],[239639.01188091043,9207444.5656869],[239638.79380355167,9207451.1363349],[239638.9650857069,9207453.326550901],[239640.1756790184,9207458.8020909],[239643.07683427603,9207468.1105089],[239644.1588673763,9207472.764717901],[239644.79981463385,9207476.5975959],[239645.24638588596,9207482.6206899],[239645.2597166998,9207488.9175609],[239644.61722984415,9207494.666877901],[239642.9446793421,9207503.7015189],[239642.36800949345,9207511.0934979],[239643.0053950107,9207519.854361901],[239643.93434977072,9207523.6872399],[239646.26765401592,9207527.5201179],[239649.42866093703,9207531.0792189],[239651.3541785,9207532.604149137],[239665.56630866716,9207539.8400829],[239674.6252235,9207544.780551316],[239677.63677050002,9207546.048216838],[239682.29097950002,9207547.451654442],[239691.05184350003,9207549.198496291],[239694.8847215,9207549.721923228],[239701.1815925,9207549.770729888],[239707.20468650002,9207549.267988518],[239711.31134150003,9207548.47957071],[239715.4179965,9207547.378225613],[239718.15576650001,9207546.431200208],[239723.3575295,9207543.981363166],[239726.6428535,9207542.139455972],[239730.51123885062,9207539.5663059],[239734.3086095,9207536.705774847],[239752.44457020616,9207522.0445779],[239755.8985550079,9207519.033030901],[239758.09270641216,9207516.8428149],[239761.13875550003,9207513.233340679],[239763.05519450002,9207510.399390418],[239765.79296450003,9207505.566492887],[239767.70940350002,9207500.909374123],[239770.73488749654,9207487.8224529],[239771.39992783897,9207483.9895749],[239772.2132650859,9207476.8713729],[239772.4189266286,9207474.407379901],[239772.41296715764,9207471.1220559],[239771.38909955608,9207464.8251849],[239769.14008961144,9207456.3380979],[239768.64926245876,9207452.2314429],[239768.69466374372,9207449.4936729],[239769.2363924829,9207446.4821259],[239770.61845652867,9207443.4705789],[239772.9111665,9207443.081133198],[239774.5538285,9207443.758263523],[239776.1964905,9207445.290646082],[239783.04091550002,9207453.644660663],[239785.77868550003,9207457.246081077],[239790.98044850002,9207464.70778053],[239794.8133265,9207470.984883986],[239796.06707343512,9207473.586048901],[239797.42527690023,9207477.4189269],[239799.7700373375,9207486.4535679],[239800.8364205,9207492.368511211],[239801.1984841342,9207498.4997559],[239801.13024565787,9207509.4508359],[239799.94301670868,9207516.0214839],[239798.29732182238,9207522.3183549],[239797.45790342917,9207528.8890029],[239796.67197123624,9207532.7218809],[239794.9598916128,9207537.9236439],[239792.83785040907,9207542.3040759],[239791.5280025,9207544.13499027],[239788.41874835367,9207546.9582849],[239787.69512450002,9207547.888333514],[239786.679606898,9207549.6960549],[239786.26129886624,9207551.3387169],[239785.87623144942,9207562.0160199],[239786.19134664102,9207564.2062359],[239786.13867102453,9207566.3964519],[239786.60001650002,9207567.559252016],[239789.06400950003,9207571.051803224],[239792.34933350002,9207571.684600847],[239795.36088050003,9207570.13616857],[239798.91998150002,9207566.944017664],[239801.1101975,9207564.707047485],[239805.8347464515,9207559.0044729],[239807.09676346654,9207557.0880339],[239808.5021765,9207555.5930705],[239811.51372350001,9207554.10281876],[239812.33505450003,9207553.950626463],[239813.4301625,9207553.843836281],[239819.17947950002,9207554.691076636],[239833.4158835,9207554.849775566],[239851.2184084231,9207555.7191489],[239864.07890750002,9207555.8512298],[239880.2317505,9207555.564395389],[239887.62372950002,9207555.039144292],[239900.4912485,9207552.892839802],[239907.0618965,9207551.09471803],[239909.7996665,9207550.551622769],[239918.28675350003,9207549.636002513],[239927.0476175,9207549.14934526],[239932.24938050003,9207549.38695432],[239933.89204250003,9207549.893764691],[239935.24959305942,9207550.9280514]]}},{"type":"Feature","properties":{"fid":144,"ID":143,"ELEV":44.0},"geometry":{"type":"LineString","coordinates":[[239989.78996980898,9207402.8146944],[239989.60566200002,9207402.625974333]]}},{"type":"Feature","properties":{"fid":145,"ID":144,"ELEV":44.0},"geometry":{"type":"LineString","coordinates":[[240038.337968,9207400.930503862],[240038.20107950002,9207400.930503862],[240037.8752357612,9207402.130251901],[240037.34680387,9207402.951582901],[240036.28464050003,9207403.745834442],[240034.6419785,9207404.597841157],[240026.7024455,9207407.275153134],[240023.6908985,9207407.955378193],[240020.26868600002,9207408.391677957]]}},{"type":"Feature","properties":{"fid":146,"ID":145,"ELEV":38.0},"geometry":{"type":"LineString","coordinates":[[239519.53055300002,9207661.39025585],[239523.22654250002,9207657.093988054],[239525.9643125,9207654.941307144],[239528.11823643843,9207653.7313149],[239533.74201258726,9207651.5410989],[239534.9989535,9207650.759806434],[239536.44409588582,9207649.0771059],[239539.13674762397,9207644.1491199],[239541.0220475,9207641.831921112],[239542.9384865,9207640.47178135],[239548.41402650002,9207637.771643886],[239551.05492156156,9207635.6620329],[239551.6919242662,9207634.293147901],[239551.8582598682,9207628.8176079],[239552.31497490115,9207623.8896219],[239554.34787239178,9207616.4976429],[239554.82030973045,9207609.1056639],[239555.8210021376,9207604.7252319],[239556.6273365,9207602.467081478],[239558.7676086265,9207598.4283609],[239564.11726101863,9207589.667496901],[239566.02300148256,9207585.0132879],[239566.77953722462,9207581.7279639],[239567.14589121903,9207577.895085901],[239567.41601507453,9207570.5031069],[239567.85016624886,9207565.8488979],[239569.10144889567,9207560.3733579],[239570.69859129676,9207554.8978179],[239571.25948016217,9207551.8862709],[239571.46371223105,9207548.0533929],[239571.1013525794,9207545.041845901],[239569.54830180065,9207539.2925289],[239568.65930624696,9207535.1858739],[239567.59554570785,9207527.5201179],[239567.32538701568,9207523.6872399],[239567.7451611426,9207520.1281389],[239569.68459979352,9207511.0934979],[239570.16055682432,9207506.9868429],[239570.38799822796,9207501.5113029],[239570.05866811433,9207487.2748989],[239570.34861750805,9207482.0731359],[239570.86907969974,9207477.9664809],[239573.28305156733,9207468.6580629],[239575.7621351291,9207457.4332059],[239579.62293090537,9207446.4821259],[239581.82287973637,9207441.554139901],[239584.64710806138,9207436.8999309],[239586.39373250183,9207433.3408299],[239587.66168350662,9207430.0555059],[239590.5756845,9207420.7746674],[239592.06445339983,9207418.2830949],[239594.22701508232,9207416.6404329],[239604.8120885,9207409.882063039],[239612.4778445,9207405.537496977],[239619.59604650002,9207400.11756851],[239623.15514750002,9207398.42037459],[239623.7027015,9207397.937318215],[239624.25025550002,9207398.078985311],[239626.4404715,9207397.647545842],[239631.6422345,9207398.01168962],[239633.55867350003,9207398.607788213],[239634.70020455655,9207399.1187049],[239636.8405121149,9207400.4875899],[239638.3557645779,9207401.8564749],[239639.62034569797,9207404.0466909],[239639.71262424978,9207406.5106839],[239638.53326913534,9207414.1764399],[239638.210115148,9207418.2830949],[239638.2400556708,9207420.1995339],[239638.51992212617,9207424.0324119],[239638.9288837291,9207426.7701819],[239641.29212640072,9207437.9950389],[239641.46924598463,9207443.1968019],[239640.90594178127,9207447.3034569],[239640.82561116805,9207450.862557901],[239641.20730256243,9207452.7789969],[239642.0457605,9207455.362784058],[239646.2309480915,9207464.8251849],[239647.59086620327,9207468.3842859],[239648.3426315,9207470.975100989],[239649.30399994223,9207475.5024879],[239649.72428776635,9207478.5140349],[239650.8103876056,9207490.2864459],[239651.0051869699,9207493.2979929],[239650.95133520002,9207497.4046479],[239648.87843244697,9207512.1886059],[239648.6126243949,9207516.8428149],[239648.70541216637,9207518.4854769],[239649.9445116879,9207521.7708009],[239652.44928650002,9207526.156312251],[239654.3657255,9207527.991882026],[239660.38881950002,9207531.122573042],[239669.42346050002,9207534.699721355],[239679.60960869567,9207539.2925289],[239683.11231050003,9207540.485457005],[239687.7665195,9207541.724536385],[239692.4207285,9207542.6603661],[239695.70605250003,9207543.112867894],[239699.5389305,9207543.35456307],[239703.0980315,9207543.284525579],[239709.1211255,9207542.610626929],[239711.85889550002,9207542.074027527],[239717.33443550003,9207540.488446446],[239723.63130650003,9207537.811678162],[239726.91663050003,9207535.91877659],[239731.57083950003,9207532.695793495],[239735.4037175,9207529.741574597],[239747.8349344257,9207519.5805849],[239751.76033601357,9207516.0214839],[239754.84188450003,9207512.801224187],[239756.11881306785,9207511.0934979],[239759.06678678314,9207506.439288901],[239760.64276071725,9207503.4277419],[239762.07910788752,9207500.1424179],[239763.67555062362,9207495.7619859],[239765.79296450003,9207488.778044028],[239767.1965210713,9207482.6206899],[239768.1166377352,9207475.228710901],[239768.26329086625,9207470.3007249],[239767.62276404712,9207464.8251849],[239766.1981973972,9207458.2545369],[239765.0790049541,9207451.4101119],[239764.63967815737,9207447.5772339],[239764.34317206993,9207439.090146901],[239764.85839046477,9207435.2572689],[239765.66148901536,9207432.7932759],[239766.9373239667,9207430.8768369],[239767.43562650002,9207430.314589502],[239767.70940350002,9207430.32356769],[239770.44717350003,9207431.124244444],[239773.81881824243,9207434.7097149],[239777.8391525,9207439.696044896],[239788.102676565,9207453.8741049],[239797.57349375729,9207468.3842859],[239799.31453175374,9207471.3958329],[239800.7078626971,9207474.6811569],[239801.9918692646,9207479.0615889],[239803.74803933137,9207486.7273449],[239804.41751971244,9207491.9291079],[239804.46868186197,9207494.9406549],[239803.7975295309,9207507.8081739],[239802.3226342486,9207514.9263759],[239800.33016110852,9207522.3183549],[239798.35023778075,9207532.7218809],[239796.5474250229,9207538.7449749],[239794.36246475406,9207543.6729609],[239792.8968875,9207545.938095015],[239791.38527300916,9207547.5058389],[239789.66017653217,9207549.6960549],[239788.50532496415,9207552.1600479],[239788.4481020603,9207552.9813789],[239789.06400950003,9207557.554773701],[239789.62234929125,9207558.7306959],[239791.5280025,9207560.58318857],[239796.1822115,9207561.3497125],[239799.1937585,9207559.90867151],[239802.7528595,9207556.543264663],[239807.4070685,9207551.46801333],[239809.87106150002,9207549.236046102],[239812.0612775,9207547.613098433],[239813.4301625,9207546.92380355],[239814.7990475,9207546.628932323],[239816.48420380452,9207546.6845079],[239818.0843715,9207547.32498621],[239823.83368850002,9207550.442478295],[239826.29768150003,9207551.381715616],[239829.3092285,9207552.103539152],[239836.9749845,9207553.19602239],[239843.81940950002,9207553.776088094],[239863.5313535,9207554.585802902],[239882.42196650003,9207554.290379735],[239885.98106750002,9207554.057174645],[239900.21747150001,9207551.665842585],[239907.33567350003,9207549.77351498],[239911.1685515,9207549.001500266],[239922.1196315,9207547.817776447],[239929.51161050002,9207547.514204772],[239932.52315750002,9207547.589408739],[239936.21914700003,9207548.608125243]]}},{"type":"Feature","properties":{"fid":147,"ID":146,"ELEV":38.5},"geometry":{"type":"LineString","coordinates":[[239519.40129992022,9207656.8797504],[239521.87991916516,9207654.2788689],[239524.3216505,9207652.486337135],[239530.6185215,9207649.695104996],[239531.9874065,9207648.96997577],[239533.3562915,9207647.919995103],[239534.47766709587,9207646.6131129],[239537.61811172796,9207641.4113499],[239541.911106661,9207635.935809901],[239544.32648686474,9207632.1029319],[239544.91104681563,9207629.3651619],[239545.0802985971,9207623.342067901],[239545.81535424956,9207618.6878589],[239546.77136450002,9207616.020423876],[239548.75775887055,9207612.1172109],[239549.27092267846,9207609.926994901],[239550.0762467555,9207604.4514549],[239551.19345620263,9207600.0710229],[239552.79445850002,9207596.356921412],[239557.36238900773,9207588.5723889],[239560.2844060961,9207583.0968489],[239561.62191303293,9207580.0853019],[239562.60758894178,9207577.073754901],[239563.4075937033,9207571.8719919],[239564.9299379035,9207552.4338249],[239564.90464015288,9207549.9698319],[239564.51668724965,9207546.9582849],[239562.80174778786,9207541.2089679],[239561.9985937141,9207537.3760899],[239561.46760341467,9207532.1743269],[239561.35564013204,9207529.162779901],[239561.6533016681,9207523.4134629],[239564.1836625198,9207511.0934979],[239564.61837369754,9207508.081950901],[239564.97249288423,9207503.1539649],[239564.9363842345,9207495.488208901],[239563.831445066,9207483.1682439],[239564.03513322273,9207478.2402579],[239564.66324471514,9207475.7762649],[239567.8273259289,9207469.2056169],[239568.89088824097,9207466.1940699],[239569.95165113715,9207461.5398609],[239571.2475705906,9207452.7789969],[239571.82810313842,9207450.3150039],[239573.23831091097,9207446.2083489],[239575.81945832112,9207440.1852549],[239579.95972801358,9207432.2457219],[239586.3107957821,9207419.3782029],[239588.8002121441,9207415.2715479],[239590.30190750002,9207413.912742535],[239596.01285399921,9207410.3435619],[239603.1694265,9207405.228022706],[239607.2122499253,9207402.6778059],[239617.4058305,9207397.137840632],[239622.88137050002,9207394.951996148],[239625.3453635,9207394.398088682],[239628.0831335,9207394.361691771],[239633.0111195,9207394.97210067],[239637.3915515,9207396.269926231],[239641.32752305828,9207397.7498199],[239642.86709150003,9207398.459625313],[239645.09854847591,9207399.9400359],[239645.00391967004,9207400.7613669],[239645.19319339233,9207402.4040289],[239644.9836405964,9207403.772913901],[239642.92777233408,9207411.1648929],[239642.41887040588,9207414.9977709],[239642.22580347833,9207418.2830949],[239642.60226828832,9207424.3061889],[239644.25934449452,9207435.2572689],[239644.42648046755,9207439.3639239],[239644.10522246436,9207442.3754709],[239642.86709150003,9207447.6242208],[239642.85840312383,9207450.041226901],[239644.23597650003,9207453.435832681],[239646.49251253583,9207457.1594289],[239648.2271870716,9207459.6234219],[239650.68444431524,9207464.0038539],[239651.84017360513,9207466.7416239],[239653.20231996867,9207471.1220559],[239654.34666045278,9207476.3238189],[239657.55229257428,9207495.2144319],[239657.54551593697,9207500.6899719],[239656.41050290313,9207513.2837139],[239656.3609360902,9207515.2001529],[239656.5559415,9207516.519448103],[239656.95298266635,9207517.9379229],[239658.5995512362,9207521.2232469],[239659.90243355054,9207522.8659089],[239661.48392750003,9207524.349386167],[239663.12658950003,9207525.37539469],[239672.1612305,9207528.602834132],[239683.11231050003,9207533.489153657],[239688.04029650002,9207534.950923271],[239691.8731745,9207535.801436834],[239694.8847215,9207536.230922185],[239698.71759950003,9207536.498782575],[239704.4669165,9207536.40402186],[239708.8473485,9207535.919767175],[239713.5015575,9207535.012016244],[239718.4295435,9207533.644016821],[239723.3575295,9207531.590907969],[239725.87111229624,9207530.2578879],[239733.7610555,9207524.921439886],[239746.273168648,9207513.8312679],[239750.22350873155,9207509.4508359],[239753.74553511554,9207504.2490729],[239755.10884749467,9207501.7850799],[239757.6709445828,9207496.0357629],[239760.17569484806,9207489.4651149],[239761.3563119074,9207485.9060139],[239762.51234270257,9207481.2518049],[239763.46966192764,9207474.1336029],[239763.67680672658,9207468.1105089],[239762.30534593583,9207455.5167669],[239760.4291129688,9207443.4705789],[239760.16151852082,9207439.6377009],[239760.34399747712,9207433.0670529],[239761.4023127695,9207425.4012969],[239762.37732467038,9207421.8421959],[239763.03883096832,9207420.1995339],[239763.7372985631,9207419.6519799],[239764.69785650002,9207419.233746445],[239766.6142955,9207419.358902544],[239771.54437073626,9207422.1159729],[239774.78186776332,9207424.5799659],[239781.87690469547,9207437.447484901],[239784.58259510828,9207441.8279169],[239790.59828869658,9207450.862557901],[239796.94666092846,9207461.2660839],[239802.4303700013,9207468.9318399],[239803.57419050002,9207471.116177747],[239804.66929850003,9207473.984679295],[239805.71680646075,9207477.6927039],[239807.12689718197,9207483.9895749],[239807.41873657476,9207486.179790901],[239807.79092594402,9207491.6553309],[239807.5993662719,9207495.488208901],[239805.59700419928,9207509.724612901],[239802.54599674293,9207521.2232469],[239799.91410675237,9207534.9120969],[239798.9551779452,9207538.7449749],[239798.14943367106,9207540.935190901],[239798.20878554723,9207541.756521901],[239797.46054880886,9207544.7680689],[239797.70384102265,9207546.6845079],[239797.6065102816,9207549.1485009],[239798.37242750003,9207550.359369071],[239801.65775150002,9207550.332010865],[239802.4790825,9207550.021580929],[239804.3955215,9207548.704562228],[239808.0458815,9207545.5893999],[239811.7875005,9207542.99101716],[239814.25149350002,9207541.538987119],[239817.53681750002,9207540.583411379],[239819.4532565,9207540.698134784],[239821.3696955,9207541.490701756],[239827.94034350003,9207547.446029425],[239831.7732215,9207549.490334885],[239832.59455250003,9207549.50374778],[239841.3554165,9207551.380189205],[239844.91451750003,9207551.919555351],[239860.51980650003,9207552.910313053],[239863.2575765,9207553.265415829],[239882.42196650003,9207553.087626044],[239885.98106750002,9207552.887521546],[239891.4566075,9207552.149805155],[239898.02725550003,9207550.917828642],[239909.25211250002,9207548.16332248],[239916.3703145,9207546.989751438],[239925.6787325,9207546.077353043],[239930.3329415,9207545.919736266],[239932.24938050003,9207545.96375517],[239935.397816,9207546.514840681]]}},{"type":"Feature","properties":{"fid":148,"ID":147,"ELEV":39.0},"geometry":{"type":"LineString","coordinates":[[239516.20573429714,9207655.5108654],[239518.64436832906,9207652.9099839],[239521.3101035,9207650.771265244],[239522.95276550003,9207649.845294522],[239529.24963650003,9207647.063053671],[239531.4398525,9207645.641032914],[239533.90384550003,9207642.684873283],[239538.87816169224,9207635.3882559],[239539.97845693727,9207632.9242629],[239540.6422210712,9207630.4602699],[239540.87040430887,9207622.2469599],[239541.64048603736,9207617.3189739],[239544.76602889854,9207608.8318869],[239546.77747931625,9207597.8808069],[239547.97916981287,9207594.5954829],[239550.6042425,9207588.78136163],[239552.645165548,9207585.5608419],[239557.50895307728,9207578.716416901],[239558.36131351462,9207577.073754901],[239559.15452208905,9207574.8835389],[239559.85488270764,9207571.3244379],[239560.2304562364,9207566.122674901],[239560.02628824738,9207559.5520269],[239559.40091808865,9207551.8862709],[239559.10704271702,9207549.6960549],[239558.61519558696,9207547.7796159],[239557.42255464158,9207544.4942919],[239556.3535595,9207542.220236987],[239554.98303204332,9207538.1974209],[239554.41043392677,9207534.9120969],[239554.2440169443,9207531.626772901],[239554.2477946671,9207529.7103339],[239554.61588953715,9207527.2463409],[239555.21056523413,9207524.7823479],[239558.44920756223,9207514.6525989],[239559.50178116743,9207509.724612901],[239559.99634793826,9207505.6179579],[239560.2519306026,9207500.1424179],[239560.1421694535,9207494.9406549],[239558.31306542637,9207484.537128901],[239557.6617810773,9207479.6091429],[239557.63745116474,9207476.8713729],[239558.03293605338,9207474.6811569],[239558.79920297067,9207472.764717901],[239563.1979845,9207466.249281742],[239564.0165694483,9207464.5514079],[239564.8406465,9207462.156522486],[239565.88858121823,9207457.7069829],[239566.83505841708,9207450.3150039],[239568.0815790097,9207445.9345719],[239569.2399472555,9207442.9230249],[239573.05395650002,9207433.876543911],[239575.92121671428,9207428.139066901],[239585.53037016498,9207414.1764399],[239589.7543535,9207409.536214527],[239593.04192110224,9207406.5106839],[239595.5036705,9207403.93100459],[239599.71451026283,9207400.4875899],[239603.99075750003,9207397.980944203],[239607.8236355,9207396.722508704],[239611.65651350003,9207395.84341939],[239620.4173775,9207392.895571062],[239624.7978095,9207391.820203712],[239626.7142485,9207391.684241714],[239632.7373425,9207392.133575855],[239638.21288250003,9207393.342498055],[239643.9621995,9207394.13618837],[239645.3310845,9207394.570730736],[239646.9737465,9207395.430088012],[239647.8755855428,9207396.6547119],[239648.23745988062,9207398.8449279],[239648.1999737529,9207401.3089209],[239646.31134136452,9207411.1648929],[239645.88781996243,9207418.009317901],[239646.15302803883,9207421.8421959],[239647.24997294942,9207430.6030599],[239647.5659799204,9207434.4359379],[239647.59197994386,9207438.268815901],[239647.16495510604,9207441.2803629],[239645.9089786951,9207446.2083489],[239645.87863850003,9207448.640021004],[239646.54603319467,9207450.5887809],[239647.41595905824,9207452.2314429],[239652.51024394424,9207458.5283139],[239653.76123293056,9207460.7185299],[239656.0083875,9207465.941933993],[239658.1979631692,9207472.4909409],[239663.4782785765,9207492.2028849],[239664.02607183877,9207495.7619859],[239664.7887591168,9207509.1770589],[239665.11974196456,9207510.8197209],[239666.51433700087,9207514.6525989],[239669.14968350003,9207518.056061035],[239672.29097450626,9207520.1281389],[239680.07668627374,9207524.2347939],[239683.9336415,9207526.08641599],[239689.95673550002,9207528.37377594],[239691.59939750002,9207528.804910362],[239696.5273835,9207529.484315483],[239701.1815925,9207529.580655765],[239707.7522405,9207529.251777457],[239712.4064495,9207528.553154582],[239715.96555050003,9207527.777610019],[239719.25087450002,9207526.767095225],[239724.17886050002,9207524.57210629],[239727.19040750002,9207522.913045159],[239730.46070453452,9207520.675692901],[239741.4816507154,9207510.8197209],[239744.43835850002,9207507.461774513],[239746.65770649925,9207504.5228499],[239750.09972067628,9207498.773532901],[239751.9292657466,9207494.9406549],[239754.31036986332,9207488.9175609],[239756.05231587146,9207483.9895749],[239756.96489558902,9207480.7042509],[239758.29487387594,9207474.1336029],[239758.95189319615,9207467.2891779],[239758.82874124107,9207460.4447529],[239758.03215099845,9207452.505219901],[239756.69754513513,9207445.9345719],[239756.09912032346,9207441.554139901],[239755.87006847418,9207435.8048229],[239757.206382427,9207416.6404329],[239758.02434217551,9207412.5337779],[239758.6747625,9207410.629475038],[239758.9485395,9207410.299761465],[239760.3174245,9207409.71719331],[239762.2338635,9207410.637951313],[239763.3289715,9207410.832424955],[239765.5191875,9207412.061222205],[239775.9227135,9207418.718986737],[239777.5653755,9207419.948606271],[239779.39502719103,9207421.8421959],[239781.0714003456,9207424.5799659],[239782.76713850003,9207428.130514339],[239785.39681260753,9207434.4359379],[239787.9940058058,9207439.6377009],[239792.62311050002,9207446.883380678],[239798.9107777219,9207457.4332059],[239805.7644065,9207467.008516546],[239807.45730338874,9207470.3007249],[239808.6134272257,9207473.586048901],[239809.62682920025,9207477.4189269],[239810.49599299798,9207482.3469129],[239810.87554711668,9207486.7273449],[239810.7182487484,9207490.5602229],[239809.81473311462,9207497.6784249],[239807.68232030267,9207508.903281901],[239804.77923324791,9207520.9494699],[239803.4535678158,9207529.162779901],[239802.99662531886,9207534.3645429],[239803.25246529814,9207538.1974209],[239804.94307550002,9207540.181988738],[239807.68084550003,9207540.24752664],[239809.87106150002,9207539.450918984],[239819.17947950002,9207533.612291684],[239820.54836450002,9207533.317257749],[239821.91724950002,9207533.383286688],[239823.29625356777,9207534.0907659],[239824.92879650003,9207535.57450528],[239829.39944309945,9207541.756521901],[239830.8723397659,9207543.399183901],[239832.59455250003,9207544.602084413],[239835.3323225,9207545.825951718],[239845.18829450003,9207548.810861237],[239849.2949495,9207549.527665606],[239853.6753815,9207549.872788416],[239859.9722525,9207550.776982585],[239863.5313535,9207551.551375829],[239865.17401550003,9207551.622007504],[239867.9117855,9207551.492005333],[239875.30376450001,9207551.861868903],[239885.1597365,9207551.644115895],[239889.5401685,9207551.317560751],[239899.66991750002,9207549.394354222],[239908.97833550003,9207547.042808995],[239915.54898350002,9207545.75725306],[239920.4769695,9207544.993637033],[239926.22628650002,9207544.375237752],[239931.017384,9207544.295313139]]}},{"type":"Feature","properties":{"fid":149,"ID":148,"ELEV":40.0},"geometry":{"type":"LineString","coordinates":[[240005.34783950003,9207385.123311883],[240005.2540986458,9207386.7987399],[240004.8002855,9207386.966553008],[240004.10253652013,9207385.7036319],[240004.54947636914,9207385.1560779],[240005.0740625,9207384.915609498],[240005.34783950003,9207385.123311883]]}},{"type":"Feature","properties":{"fid":150,"ID":149,"ELEV":43.5},"geometry":{"type":"LineString","coordinates":[[239691.12229535804,9207384.0609699],[239690.97078190386,9207384.0609699],[239691.12229535804,9207384.0609699]]}},{"type":"Feature","properties":{"fid":152,"ID":151,"ELEV":40.5},"geometry":{"type":"LineString","coordinates":[[240003.4314005,9207379.942541793],[240003.97895450002,9207379.985733075],[240005.62161650002,9207380.733426696],[240006.4429475,9207381.596867291],[240008.63316350002,9207384.607034476],[240009.32267674364,9207386.5249629],[240009.48901030302,9207389.8102869],[240008.90694050002,9207391.353280367],[240007.26427850002,9207393.68032163],[240004.5265085,9207393.724116083],[240002.61006950002,9207392.5125439],[239998.22963750002,9207386.060246198],[239997.33536847416,9207383.7871929],[239997.17467686496,9207382.1445309],[239997.4870107498,9207381.5969769],[239998.22963750002,9207381.090525849],[240000.69363050003,9207380.250090318],[240003.4314005,9207379.942541793]]}},{"type":"Feature","properties":{"fid":153,"ID":152,"ELEV":52.5},"geometry":{"type":"LineString","coordinates":[[239426.993927,9207379.51209467],[239427.22921404996,9207379.406760901],[239426.993927,9207379.1390986]]}},{"type":"Feature","properties":{"fid":154,"ID":153,"ELEV":41.0},"geometry":{"type":"LineString","coordinates":[[240004.5265085,9207377.447209504],[240005.89539350002,9207377.951654121],[240008.23529482385,9207380.228091901],[240012.25749521714,9207385.9774089],[240013.68796979668,9207388.4414019],[240013.92223489395,9207390.0840639],[240013.46425869732,9207392.821833901],[240011.64471050003,9207395.863754619],[240010.27582550002,9207396.16251146],[240005.0740625,9207396.402880104],[240002.61006950002,9207396.213315295],[240001.24118450002,9207395.716680355],[239997.999254243,9207393.3693879],[239998.4714742878,9207393.0956109],[239994.19314142852,9207384.6085239],[239994.00636983782,9207383.2396389],[239994.1229825,9207382.34446714],[239994.88793031932,9207380.7756459],[239996.31319850002,9207379.34253145],[239998.10625970882,9207378.3116529],[240000.1460765,9207377.547014909],[240001.7887385,9207377.237315865],[240004.5265085,9207377.447209504]]}},{"type":"Feature","properties":{"fid":155,"ID":154,"ELEV":41.5},"geometry":{"type":"LineString","coordinates":[[240004.8002855,9207375.013784425],[240006.71672450003,9207375.935137952],[240008.35938650003,9207377.329390086],[240012.62036894902,9207382.4183079],[240016.57269650002,9207385.929684745],[240017.84134770624,9207386.7987399],[240019.59881390247,9207388.7151789],[240020.07620729835,9207389.8102869],[240018.74179510187,9207394.464495901],[240018.13436664882,9207395.5596039],[240017.89243804137,9207396.6547119],[240017.3940275,9207397.05117749],[240014.93003450002,9207396.854216173],[240006.4429475,9207397.681277556],[240002.61006950002,9207397.501860062],[240000.69363050003,9207397.041265193],[239998.22963750002,9207396.006825041],[239996.65859377346,9207395.0120499],[239995.62039932664,9207393.9169419],[239992.95591511155,9207388.4414019],[239991.83486926716,9207385.1560779],[239991.63185756034,9207382.1445309],[239992.2774305098,9207380.228091901],[239994.28633080245,9207378.0378759],[239997.1332791864,9207376.3952139],[240000.69363050003,9207375.18823849],[240002.88384650002,9207374.882586692],[240004.8002855,9207375.013784425]]}},{"type":"Feature","properties":{"fid":156,"ID":155,"ELEV":42.0},"geometry":{"type":"LineString","coordinates":[[240005.62161650002,9207372.776152514],[240006.8450591087,9207373.3836669],[240008.63316350002,9207374.80924539],[240013.28737250002,9207379.881786315],[240015.20381150002,9207381.580593321],[240019.31046650003,9207384.23138775],[240020.60716102162,9207384.8823009],[240021.63342286364,9207385.7036319],[240023.196769995,9207387.0725169],[240024.3554539354,9207388.7151789],[240025.16643409434,9207390.6316179],[240025.22696600266,9207392.821833901],[240024.9570472228,9207397.2022659],[240022.8131045947,9207399.1187049],[240020.95312850003,9207400.002265975],[240018.7629125,9207400.3224216],[240013.01359550003,9207399.27957265],[240005.89539350002,9207399.536332736],[240002.61006950002,9207399.265255658],[239999.32474550002,9207398.440436294],[239996.03942150003,9207397.00160318],[239993.8492055,9207395.719350709],[239992.04802470916,9207393.9169419],[239991.69840771632,9207393.0956109],[239991.55526792078,9207391.7267259],[239990.8376585,9207390.203885531],[239989.3579865391,9207384.8823009],[239989.04551766894,9207381.870753901],[239989.29418760957,9207379.9543149],[239989.74255050003,9207378.63944175],[239990.8376585,9207377.502946183],[239993.57542850001,9207375.767565895],[239997.68208350003,9207373.978914157],[240001.24118450002,9207372.992240714],[240003.70517750003,9207372.640332347],[240005.62161650002,9207372.776152514]]}},{"type":"Feature","properties":{"fid":157,"ID":156,"ELEV":42.5},"geometry":{"type":"LineString","coordinates":[[240005.34783950003,9207370.63641022],[240006.4429475,9207370.890273664],[240007.8118325,9207371.6112837],[240009.4544945,9207372.959523149],[240015.4775885,9207378.955063596],[240023.82277652106,9207384.6085239],[240026.97622250003,9207387.274735255],[240028.0713305,9207388.720930682],[240029.20992146782,9207390.9053949],[240029.63570020566,9207393.0956109],[240028.94652820838,9207396.6547119],[240027.82732223577,9207399.3924819],[240025.87326231287,9207400.7613669],[240023.96467550003,9207401.775073452],[240022.32201350003,9207402.319587965],[240020.4055745,9207402.638230084],[240017.66780450003,9207402.609708246],[240011.91848750002,9207401.739526669],[240003.97895450002,9207401.65578629],[240000.4198535,9207400.969855865],[239996.8607525,9207399.613915803],[239993.02787450003,9207397.406544343],[239990.8376585,9207395.414827332],[239988.62697964913,9207391.4529489],[239986.92287452836,9207384.8823009],[239986.58751655006,9207382.1445309],[239986.72502301913,9207379.9543149],[239986.93709839272,9207378.8592069],[239987.78040843373,9207377.2165449],[239989.4196908351,9207375.5738829],[239991.1114355,9207374.52907493],[239995.4918675,9207372.64149154],[239998.7771915,9207371.53908741],[240001.5149615,9207370.861862747],[240003.70517750003,9207370.52389649],[240005.34783950003,9207370.63641022]]}},{"type":"Feature","properties":{"fid":159,"ID":158,"ELEV":43.0},"geometry":{"type":"LineString","coordinates":[[240004.8002855,9207368.72183875],[240007.26427850002,9207369.33064912],[240008.90694050002,9207370.227463359],[240011.3969661157,9207372.2885589],[240016.02514250003,9207376.742196921],[240019.31046650003,9207379.18293817],[240023.96467550003,9207382.214561563],[240029.4764475196,9207386.5249629],[240031.20716391518,9207388.7151789],[240032.08532604744,9207390.3578409],[240032.88407795047,9207392.5480569],[240032.4764747846,9207397.7498199],[240032.12997679922,9207399.6662589],[240032.4722724152,9207399.9400359],[240032.2583555588,9207400.2138129],[240025.88111450002,9207403.412685668],[240024.0215219347,9207404.0466909],[240022.0482365,9207404.438713228],[240018.4891355,9207404.642133333],[240011.64471050003,9207404.020834183],[240005.0740625,9207403.926855035],[240000.69363050003,9207403.288370628],[239996.8607525,9207402.02625585],[239993.30165150002,9207399.99025836],[239990.29010450002,9207397.433109311],[239988.83934885112,9207395.5596039],[239986.65601823854,9207392.000502901],[239985.8101269685,9207389.8102869],[239984.9536670897,9207386.7987399],[239984.29223188214,9207382.9658619],[239984.3319853996,9207378.8592069],[239984.71825994606,9207377.4903219],[239985.63589550002,9207376.20596689],[239987.5523345,9207374.262612602],[239989.1949965,9207373.105161205],[239990.85039877502,9207372.2885589],[239999.05096850003,9207369.492047697],[240001.7887385,9207368.86563749],[240003.4314005,9207368.663176775],[240004.8002855,9207368.72183875]]}},{"type":"Feature","properties":{"fid":160,"ID":159,"ELEV":43.5},"geometry":{"type":"LineString","coordinates":[[239996.18795919034,9207404.1835794],[239992.99706859415,9207402.4040289],[239990.5638815,9207400.502420867],[239988.18097952724,9207398.0235969],[239984.91550603232,9207393.9169419],[239983.20731117172,9207389.5365099],[239982.24187263087,9207385.9774089],[239981.88393837216,9207381.5969769],[239981.95737765348,9207379.6805379],[239982.38873502825,9207377.4903219],[239983.044880748,9207375.8476599],[239984.07850751418,9207374.4787749],[239986.73100350003,9207372.182920454],[239988.92121950001,9207371.002318917],[239993.02787450003,9207369.421938565],[239999.8722995,9207367.380271936],[240002.61006950002,9207366.868577199],[240005.0740625,9207366.95224482],[240007.26427850002,9207367.5900644],[240009.1807175,9207368.550939994],[240011.05618448483,9207369.8245659],[240017.66780450003,9207375.627271809],[240030.6983030196,9207384.8823009],[240032.40034714655,9207386.5249629],[240034.23738184848,9207388.9889559],[240036.04101560023,9207392.5480569],[240035.50975000142,9207399.1187049],[240035.65369126564,9207400.4875899],[240035.50824614428,9207400.7613669],[240032.97293232896,9207402.4040289],[240029.84867736002,9207404.0466909],[240025.3335605,9207405.59798962],[240020.95312850003,9207406.33513946],[240017.94158150002,9207406.449649332],[240011.37093350003,9207406.12772849],[240007.12739,9207406.120836945]]}},{"type":"Feature","properties":{"fid":161,"ID":160,"ELEV":44.0},"geometry":{"type":"LineString","coordinates":[[239989.4659123426,9207402.5409174],[239983.1719025,9207395.87810061],[239982.47456390646,9207394.7382729],[239981.2554635,9207391.99088976],[239979.6057838451,9207387.0725169],[239979.1764477467,9207382.4183079],[239979.77001274057,9207378.5854299],[239980.38117563506,9207376.1214369],[239981.00214392415,9207374.7525519],[239982.8981255,9207372.507278817],[239983.76396864073,9207371.741004901],[239987.00478050002,9207369.791505976],[239990.01632750002,9207368.502974661],[239993.8492055,9207367.261957146],[240000.96740750002,9207365.262319453],[240003.1576235,9207364.975947006],[240004.8002855,9207365.117521785],[240007.26427850002,9207365.841975423],[240011.01011817626,9207367.9081269],[240019.5157546173,9207374.7525519],[240030.98017770748,9207382.9658619],[240034.51125459155,9207385.9774089],[240036.3792508035,9207388.1676249],[240037.36289643444,9207390.0840639],[240038.0012732571,9207392.000502901],[240038.16023642203,9207393.0956109],[240038.006034821,9207394.1907189],[240038.1669935936,9207399.3924819],[240038.20107950002,9207399.916405628],[240038.337968,9207399.937765256]]}},{"type":"Feature","properties":{"fid":162,"ID":161,"ELEV":44.5},"geometry":{"type":"LineString","coordinates":[[239984.83786522664,9207401.4458094],[239980.98168650002,9207396.839275174],[239979.8865785,9207395.781768018],[239976.06707252905,9207389.5365099],[239975.20542649686,9207386.5249629],[239975.37352637222,9207384.334746901],[239975.86352685525,9207382.4183079],[239976.8750315,9207380.080081917],[239977.48076953134,9207377.7640989],[239978.78630877993,9207374.2049979],[239979.6128015,9207372.944512976],[239981.90897195294,9207370.6458969],[239985.9096725,9207368.23899715],[239989.74255050003,9207366.660334477],[240000.96740750002,9207363.556188101],[240003.70517750003,9207363.266017355],[240005.62161650002,9207363.487363849],[240008.35938650003,9207364.541182643],[240012.4660415,9207367.071550172],[240021.22690550002,9207373.906462582],[240034.94286375598,9207384.0609699],[240037.36912522395,9207386.5249629],[240038.47485650002,9207388.194700057],[240039.56996450003,9207390.951598192],[240039.706853,9207390.951598192]]}},{"type":"Feature","properties":{"fid":163,"ID":162,"ELEV":45.0},"geometry":{"type":"LineString","coordinates":[[239980.6404405192,9207400.350701401],[239979.6128015,9207399.233441077],[239977.3560415531,9207397.7498199],[239975.7996426146,9207396.1071579],[239973.31593050002,9207392.870131483],[239969.93075657258,9207388.9889559],[239969.3770095147,9207387.0725169],[239969.6609640092,9207385.1560779],[239970.09261333573,9207383.7871929],[239971.55751260289,9207381.5969769],[239973.8634845,9207378.790949807],[239977.69636250002,9207372.44453417],[239978.9155901369,9207370.919673901],[239980.85471223164,9207369.0032349],[239983.99323350002,9207367.154110314],[239987.5523345,9207365.580555107],[239991.38521250003,9207364.359345594],[239998.7771915,9207362.391648162],[240002.61006950002,9207361.70623335],[240005.62161650002,9207361.762636567],[240007.01910157542,9207362.1588099],[240010.27582550002,9207363.807742648],[240013.5087137016,9207365.9916879],[240033.82064750002,9207381.195663566],[240036.28464050003,9207383.20991665],[240039.706853,9207386.981106916]]}},{"type":"Feature","properties":{"fid":164,"ID":163,"ELEV":45.5},"geometry":{"type":"LineString","coordinates":[[239974.01139110737,9207398.9818164],[239972.42159230003,9207397.4760429],[239967.78550886278,9207392.2742799],[239966.6733417895,9207390.3578409],[239965.72770762627,9207387.8938479],[239965.44029179987,9207386.7987399],[239965.65729849203,9207384.6085239],[239966.69682229,9207381.870753901],[239967.32712673326,9207380.7756459],[239972.49459950003,9207375.650422014],[239977.72355518953,9207369.5507889],[239979.6128015,9207367.823997334],[239981.2554635,9207366.638158323],[239985.25884656853,9207364.6228029],[239987.8261115,9207363.6709537],[239999.8722995,9207360.449572617],[240002.61006950002,9207360.040344793],[240005.0740625,9207360.087796792],[240007.26427850002,9207360.607475292],[240010.54960250002,9207362.210553648],[240015.7513655,9207365.844031828],[240034.6419785,9207379.899910308],[240036.73531238933,9207381.5969769],[240039.706853,9207384.51878126]]}},{"type":"Feature","properties":{"fid":165,"ID":164,"ELEV":46.0},"geometry":{"type":"LineString","coordinates":[[239971.81015700003,9207401.808308264],[239969.85736594393,9207399.9400359],[239967.01905950002,9207396.430124456],[239964.75990369692,9207393.0956109],[239963.02948982958,9207389.5365099],[239962.3327787464,9207386.7987399],[239962.47237893226,9207384.0609699],[239963.63540340506,9207380.7756459],[239965.14372160038,9207378.3116529],[239966.40795918857,9207376.9427679],[239972.49459950003,9207371.805005474],[239975.65136855462,9207368.7294579],[239979.09091769427,9207365.9916879],[239981.80301750003,9207364.221227435],[239983.81295741186,9207363.2539179],[239988.92121950001,9207361.53332771],[239997.95586050002,9207359.09471512],[240002.06251550003,9207358.314309143],[240004.5265085,9207358.240929713],[240006.71672450003,9207358.665731974],[240008.0856095,9207359.171933705],[240012.4660415,9207361.710047431],[240026.15489150002,9207371.523712512],[240035.18953250002,9207378.322642861],[240039.706853,9207382.302472154]]}},{"type":"Feature","properties":{"fid":166,"ID":165,"ELEV":46.5},"geometry":{"type":"LineString","coordinates":[[239974.547927,9207409.124944909],[239972.76837650003,9207408.029899433],[239969.75682950002,9207405.631460993],[239968.11416750003,9207403.964472305],[239966.0404122654,9207401.0351439],[239960.30447019674,9207391.179171901],[239959.61608027006,9207389.5365099],[239959.07952650002,9207387.540244909],[239958.98303708684,9207384.334746901],[239959.54734935446,9207381.5969769],[239960.92444264487,9207378.8592069],[239962.8577768094,9207376.1214369],[239964.5550665,9207374.396773225],[239973.62214569657,9207367.3605729],[239979.6128015,9207363.276498381],[239982.7609962274,9207361.611255901],[239986.73100350003,9207360.250734974],[240000.69363050003,9207356.489670817],[240004.25273150002,9207356.189690724],[240006.71672450003,9207356.650812715],[240008.63316350002,9207357.449732203],[240011.91848750002,9207359.498577155],[240019.8642851066,9207365.4441339],[240029.16643850002,9207371.700150013],[240036.0108635,9207376.847055836],[240039.706853,9207380.15964366]]}},{"type":"Feature","properties":{"fid":167,"ID":166,"ELEV":47.0},"geometry":{"type":"LineString","coordinates":[[239971.81015700003,9207412.509265838],[239969.75682950002,9207411.282940006],[239968.20531214037,9207410.0697849],[239965.9239515,9207407.844607431],[239963.76106745616,9207404.8680219],[239961.0447458862,9207399.3924819],[239957.35423144716,9207393.3693879],[239955.59681240856,9207390.0840639],[239954.8283564832,9207387.0725169],[239954.98747414435,9207384.0609699],[239955.425995109,9207381.870753901],[239956.2357135197,9207379.6805379],[239957.57376287397,9207377.2165449],[239960.75558819744,9207373.1098899],[239964.00751250001,9207370.219461875],[239967.5666135,9207367.731870767],[239980.1603555,9207360.394640652],[239984.8145645,9207358.688936327],[240000.4198535,9207354.257572269],[240003.1576235,9207353.807849271],[240005.62161650002,9207353.92587537],[240008.35938650003,9207354.974922333],[240010.8233795,9207356.56252787],[240020.95312850003,9207364.60406602],[240032.08294797968,9207371.741004901],[240035.89283664536,9207374.4787749],[240039.43307600002,9207377.64655205]]}},{"type":"Feature","properties":{"fid":168,"ID":167,"ELEV":47.5},"geometry":{"type":"LineString","coordinates":[[239968.1066670178,9207417.5986524],[239966.82678224423,9207416.9142099],[239965.25096293574,9207415.2715479],[239963.52566193466,9207413.902662901],[239960.9959655,9207410.305513773],[239959.46895068104,9207407.3320149],[239957.84433348724,9207402.951582901],[239956.4751121431,9207399.9400359],[239952.78724255617,9207394.1907189],[239951.7620819573,9207392.2742799],[239951.1918900978,9207390.6316179],[239950.8236531033,9207388.7151789],[239950.7651275478,9207385.4298549],[239951.12987695227,9207382.692084901],[239952.08733778552,9207379.406760901],[239953.05643250002,9207376.929809507],[239954.22125431057,9207374.7525519],[239956.36075405867,9207371.741004901],[239958.91887142314,9207369.0032349],[239961.2697425,9207366.916241087],[239964.00751250001,9207365.04956792],[239968.4894021028,9207362.7063639],[239980.70790950002,9207357.506272752],[239992.4803205,9207354.302814882],[239999.8722995,9207351.744851163],[240002.61006950002,9207351.022766083],[240005.34783950003,9207350.820295526],[240006.99050150003,9207351.244759852],[240008.90694050002,9207352.250058506],[240010.8233795,9207353.677407032],[240015.9373494527,9207358.5997089],[240021.22690550002,9207363.19265424],[240025.39814976038,9207365.9916879],[240032.45176250002,9207370.04445695],[240036.924694076,9207373.1098899],[240039.15929900002,9207374.990937343]]}},{"type":"Feature","properties":{"fid":169,"ID":168,"ELEV":52.0},"geometry":{"type":"LineString","coordinates":[[240040.25440700003,9207348.32765245],[240039.97477638218,9207348.4699599],[240040.25440700003,9207348.867052887]]}},{"type":"Feature","properties":{"fid":170,"ID":169,"ELEV":52.0},"geometry":{"type":"LineString","coordinates":[[240039.99716661638,9207347.6486289],[240039.84374150002,9207347.406414477],[240039.69413407383,9207347.6486289],[240039.84374150002,9207348.105370441],[240039.99716661638,9207347.6486289]]}},{"type":"Feature","properties":{"fid":171,"ID":170,"ELEV":52.0},"geometry":{"type":"LineString","coordinates":[[240039.93128129517,9207346.2797439],[240039.35333049012,9207346.2797439],[240039.56996450003,9207347.212012773],[240039.91662377777,9207347.1010749],[240040.0556446852,9207346.553520901],[240039.93128129517,9207346.2797439]]}},{"type":"Feature","properties":{"fid":172,"ID":171,"ELEV":52.0},"geometry":{"type":"LineString","coordinates":[[240039.30254335573,9207344.6370819],[240039.0224105,9207344.661853798],[240038.90802421918,9207344.910858901],[240039.2961875,9207346.249248726],[240039.45995365072,9207345.4584129],[240039.30254335573,9207344.6370819]]}},{"type":"Feature","properties":{"fid":173,"ID":172,"ELEV":52.0},"geometry":{"type":"LineString","coordinates":[[240038.81502915005,9207342.1730889],[240038.4150495083,9207342.1730889],[240038.47485650002,9207342.564788843],[240038.70929243532,9207342.7206429],[240038.54957325268,9207342.9944199],[240038.7486335,9207344.260867923],[240039.01756805307,9207342.9944199],[240038.81502915005,9207342.1730889]]}},{"type":"Feature","properties":{"fid":174,"ID":173,"ELEV":52.0},"geometry":{"type":"LineString","coordinates":[[240043.53973100003,9207332.34251702],[240041.34961045923,9207336.1499949],[240039.5835320682,9207338.6139879],[240040.11751850002,9207339.469527869],[240041.89706900003,9207341.01735885]]}},{"type":"Feature","properties":{"fid":175,"ID":174,"ELEV":55.5},"geometry":{"type":"LineString","coordinates":[[239381.1642030744,9207335.4655524],[239380.44376922632,9207332.5908939],[239380.17806,9207332.114045415]]}},{"type":"Feature","properties":{"fid":176,"ID":175,"ELEV":55.5},"geometry":{"type":"LineString","coordinates":[[239376.74549515315,9207324.2406954],[239376.2930961914,9207321.5029254]]}},{"type":"Feature","properties":{"fid":177,"ID":176,"ELEV":34.0},"geometry":{"type":"LineString","coordinates":[[239646.9737465,9207318.30507035],[239647.79507750002,9207318.71560927],[239648.89018550003,9207319.605477652],[239650.05817546012,9207321.366036901],[239651.08236143793,9207324.3775839],[239651.32321733143,9207326.5677999],[239650.97948032626,9207329.0317929],[239651.00695888707,9207331.4957859],[239652.46095150374,9207333.959778901],[239653.81817150002,9207335.63906302],[239654.2920594041,9207336.9713259],[239654.1192644922,9207338.6139879],[239653.5547477626,9207339.7090959],[239652.72306350002,9207340.430701971],[239651.08040150002,9207341.141960014],[239648.6164085,9207341.207593665],[239644.50975350002,9207340.235007204],[239644.03731208478,9207339.9828729],[239641.8435372277,9207336.6975489],[239641.77637457705,9207335.8762179],[239642.12071655752,9207333.6860019],[239642.86139446794,9207331.2220089],[239644.4828534642,9207328.2104619],[239643.0986661939,9207323.5562529],[239643.15971742882,9207322.187367901],[239643.5892184708,9207320.2709289],[239645.0573075,9207319.014576113],[239646.9737465,9207318.30507035]]}},{"type":"Feature","properties":{"fid":178,"ID":177,"ELEV":34.5},"geometry":{"type":"LineString","coordinates":[[239646.15241550002,9207314.791818665],[239648.89018550003,9207315.433837317],[239650.80662450002,9207317.16519988],[239652.2341644424,9207318.9020439],[239653.07535278454,9207320.8184829],[239654.84787392014,9207326.0202459],[239655.295576458,9207329.0317929],[239655.1391862495,9207330.6744549],[239657.08765840327,9207336.9713259],[239656.6170855241,9207338.6139879],[239655.61660735073,9207340.5304269],[239653.81817150002,9207342.50013482],[239652.17550950003,9207343.533728853],[239650.2590705,9207344.112818196],[239648.06885450002,9207344.343033541],[239645.0573075,9207343.810980905],[239643.6884225,9207343.80916714],[239641.12476802192,9207342.9944199],[239638.21288250003,9207340.473685155],[239637.01295160048,9207338.6139879],[239636.57022050003,9207336.384418577],[239636.50947362767,9207335.0548869],[239637.77726043938,9207330.9482319],[239637.9016758244,9207329.3055699],[239638.46410339337,9207326.5677999],[239638.1400421807,9207321.0922599],[239638.25240985132,9207319.9971519],[239638.70000290844,9207318.6282669],[239639.7386627808,9207316.7118279],[239640.9506525,9207315.796479026],[239643.6884225,9207315.085190814],[239646.15241550002,9207314.791818665]]}},{"type":"Feature","properties":{"fid":179,"ID":178,"ELEV":35.0},"geometry":{"type":"LineString","coordinates":[[239646.9737465,9207312.591274897],[239648.3426315,9207312.76061417],[239650.2590705,9207313.83301305],[239653.04302982189,9207316.9856049],[239654.12631501057,9207318.6282669],[239656.79306461866,9207325.472691901],[239657.57763194205,9207330.1269009],[239658.41584744447,9207333.4122249],[239658.9883122683,9207336.6975489],[239658.6805677299,9207339.1615419],[239658.13770757525,9207340.5304269],[239657.45469414222,9207341.6255349],[239655.50343763529,9207343.5419739],[239653.81817150002,9207344.808336707],[239652.44928650002,9207345.42529674],[239649.9852935,9207346.286082622],[239648.06885450002,9207346.607298287],[239642.5933145,9207346.32902376],[239640.6768755,9207346.016279133],[239637.74689572968,9207344.6370819],[239635.70811196603,9207342.7206429],[239634.29578319693,9207339.7090959],[239633.9090830099,9207335.8762179],[239634.8761130669,9207326.8415769],[239634.81118084764,9207319.9971519],[239635.24902393718,9207318.0807129],[239636.4084182214,9207315.8904969],[239638.21288250003,9207314.083323546],[239640.72591560837,9207312.878949901],[239643.14086850002,9207312.504831575],[239646.9737465,9207312.591274897]]}},{"type":"Feature","properties":{"fid":180,"ID":179,"ELEV":35.5},"geometry":{"type":"LineString","coordinates":[[239647.2475235,9207310.66278876],[239649.43773950002,9207311.281797344],[239650.2590705,9207311.77394382],[239651.08040150002,9207312.582168596],[239654.09194850002,9207316.19535474],[239655.15371222212,9207317.8069359],[239656.6540996935,9207320.8184829],[239658.25602128232,9207324.9251379],[239660.34967058338,9207333.4122249],[239660.58916656996,9207335.8762179],[239660.33163491997,9207339.4353189],[239659.56331676888,9207341.6255349],[239658.50664129408,9207343.2681969],[239654.9132795,9207346.10478315],[239652.44928650002,9207347.228069196],[239649.9852935,9207348.006869147],[239647.52130050003,9207348.341515323],[239641.77198350002,9207348.360299818],[239639.3079905,9207347.98013415],[239636.57022050003,9207347.128870454],[239634.92755850003,9207346.010150975],[239632.7373425,9207343.230794068],[239631.6607386573,9207341.0779809],[239631.39593295523,9207339.4353189],[239631.42451437484,9207336.9713259],[239632.08981416226,9207327.3891309],[239632.37707270673,9207319.7233749],[239633.0111195,9207317.25336636],[239634.54358735506,9207314.521611901],[239635.20112316005,9207313.700280901],[239636.84399750002,9207312.305031892],[239638.76043650002,9207311.305519637],[239641.49820650002,9207310.702744365],[239643.6884225,9207310.546147235],[239647.2475235,9207310.66278876]]}},{"type":"Feature","properties":{"fid":181,"ID":180,"ELEV":57.0},"geometry":{"type":"LineString","coordinates":[[239357.72834600002,9207309.338476235],[239357.87093737096,9207309.1829604]]}},{"type":"Feature","properties":{"fid":182,"ID":181,"ELEV":36.0},"geometry":{"type":"LineString","coordinates":[[239644.23597650003,9207309.029651688],[239648.3426315,9207309.543456275],[239650.24112429624,9207310.414956901],[239652.14918874128,9207312.057618901],[239654.46203987,9207314.7953889],[239655.79655917085,9207316.7118279],[239657.10349550002,9207318.966378083],[239658.8520860165,9207322.7349219],[239661.21558476402,9207329.5793469],[239661.94745276673,9207332.5908939],[239662.14731118988,9207334.2335559],[239662.0385517483,9207338.3402109],[239661.14779717408,9207341.8993119],[239660.38881950002,9207343.50731299],[239659.7603285058,9207344.3633049],[239657.1156205318,9207346.553520901],[239654.9132795,9207347.857082088],[239652.44928650002,9207348.842453387],[239648.89018550003,9207349.726926036],[239643.6884225,9207350.072349206],[239639.85554450002,9207350.096285015],[239635.20133550002,9207348.868960928],[239633.46768871575,9207347.9224059],[239630.75395506565,9207344.6370819],[239629.561947122,9207342.1730889],[239629.1362847628,9207340.2566499],[239629.14189174306,9207337.245102901],[239629.72112489422,9207329.5793469],[239630.0467001695,9207320.8184829],[239631.0083561759,9207315.8904969],[239631.58954062246,9207314.521611901],[239632.86103341298,9207312.878949901],[239634.94390131073,9207310.9625109],[239636.57022050003,9207309.968409427],[239638.21288250003,9207309.31950132],[239640.6768755,9207308.962238574],[239644.23597650003,9207309.029651688]]}},{"type":"Feature","properties":{"fid":183,"ID":182,"ELEV":36.5},"geometry":{"type":"LineString","coordinates":[[239642.86709150003,9207307.391763356],[239646.9737465,9207308.04714203],[239648.89018550003,9207308.595367802],[239650.2590705,9207309.27528643],[239651.6279555,9207310.208515977],[239653.5443945,9207312.03352376],[239656.5559415,9207315.827208377],[239659.30390716114,9207320.8184829],[239662.99834333366,9207330.1269009],[239663.5151598247,9207332.0433399],[239663.74130275747,9207336.1499949],[239663.18438976584,9207340.2566499],[239661.98736132102,9207343.5419739],[239661.2101505,9207344.894741172],[239660.38881950002,9207345.870998552],[239657.10349550002,9207348.367061114],[239655.18705650003,9207349.393675651],[239652.9968405,9207350.270513473],[239650.2590705,9207351.021439375],[239647.2475235,9207351.448565504],[239639.58176750003,9207351.630126588],[239635.47511250002,9207350.752371076],[239632.7834498165,9207349.5650679],[239631.25423375686,9207348.4699599],[239628.93315344313,9207346.0059669],[239627.49777714378,9207343.2681969],[239626.96425802907,9207340.2566499],[239627.12185539512,9207335.8762179],[239627.72100072418,9207328.7580159],[239627.74655476463,9207323.5562529],[239628.31853332173,9207318.6282669],[239629.25347416758,9207314.7953889],[239629.9995725,9207313.113568958],[239631.91601150003,9207310.625473522],[239633.83245050002,9207308.89320218],[239636.57022050003,9207307.5426537],[239639.58176750003,9207307.141251894],[239642.86709150003,9207307.391763356]]}},{"type":"Feature","properties":{"fid":184,"ID":183,"ELEV":37.0},"geometry":{"type":"LineString","coordinates":[[239639.58176750003,9207305.20446202],[239643.41464550002,9207305.945590436],[239648.89018550003,9207307.484683232],[239650.80662450002,9207308.432010442],[239652.41750498852,9207309.5936259],[239654.7585141573,9207311.7838419],[239657.57757407927,9207315.342942901],[239659.63152463696,9207318.9020439],[239663.48087173677,9207327.3891309],[239664.94331011857,9207331.4957859],[239665.2802748756,9207335.3286639],[239664.91168155734,9207339.1615419],[239664.0192108371,9207342.4468659],[239662.70548003333,9207345.1846359],[239661.1160391469,9207347.1010749],[239659.57585951395,9207348.4699599],[239657.6510495,9207349.778900916],[239655.4514362716,9207350.9339529],[239650.80662450002,9207352.461686136],[239646.9737465,9207353.007085647],[239640.12932150002,9207353.069695711],[239637.3915515,9207352.756457638],[239634.10622750001,9207351.931487493],[239631.64184544218,9207350.9339529],[239628.47226445895,9207348.7437369],[239625.9962577571,9207346.0059669],[239625.1670872222,9207344.0895279],[239624.84078038234,9207341.6255349],[239624.95725783662,9207338.066433901],[239625.7888009605,9207330.1269009],[239626.00145677428,9207321.9135909],[239626.54771231092,9207317.8069359],[239627.4249574013,9207314.521611901],[239628.23492757088,9207312.6051729],[239629.48644500997,9207310.414956901],[239631.23776577256,9207308.2247409],[239632.7373425,9207306.792222146],[239634.6537815,9207305.580832925],[239636.0226665,9207305.106203087],[239637.6653285,9207305.002225189],[239639.58176750003,9207305.20446202]]}},{"type":"Feature","properties":{"fid":185,"ID":184,"ELEV":56.5},"geometry":{"type":"LineString","coordinates":[[239366.76975946754,9207311.9207304],[239367.2260352589,9207311.236287901],[239366.41496889314,9207310.6887339],[239364.43588250002,9207308.666945757],[239361.0923795748,9207306.3083019],[239359.87805729703,9207305.2131939],[239358.2759,9207303.349820739]]}},{"type":"Feature","properties":{"fid":186,"ID":185,"ELEV":37.5},"geometry":{"type":"LineString","coordinates":[[239638.21288250003,9207302.740673356],[239642.86709150003,9207304.089382328],[239649.16396250002,9207306.411194017],[239651.6279555,9207307.666191671],[239653.80914618337,9207309.3198489],[239655.73461050002,9207311.134495934],[239658.44402985752,9207314.521611901],[239659.84126550003,9207316.740198266],[239664.63369077072,9207326.5677999],[239666.34573425952,9207331.2220089],[239666.8191898633,9207334.5073329],[239666.68659180228,9207337.7926569],[239665.98646984508,9207341.3517579],[239665.4446722367,9207342.9944199],[239664.2216975,9207345.53023883],[239662.36548685996,9207347.9224059],[239659.5674885,9207350.32650593],[239656.0083875,9207352.373069603],[239652.44928650002,9207353.713140907],[239648.3426315,9207354.5117695],[239643.41464550002,9207354.709779393],[239637.3915515,9207354.227935893],[239633.0111195,9207353.306313062],[239629.45201850001,9207351.959999537],[239626.77220565942,9207350.3863989],[239625.14127691175,9207349.017513901],[239624.57486333803,9207348.4699599],[239623.4289245,9207346.720887376],[239622.75620885668,9207344.6370819],[239622.63664601167,9207341.8993119],[239622.8130539743,9207339.1615419],[239624.0241581242,9207329.3055699],[239624.45314788062,9207319.9971519],[239625.2332521,9207315.6167199],[239625.7724076966,9207313.9740579],[239627.82089376295,9207309.5936259],[239629.7576386511,9207306.8558559],[239631.28181012368,9207305.2131939],[239632.7373425,9207303.93269414],[239634.6537815,9207302.931914177],[239635.47511250002,9207302.676365772],[239636.84399750002,9207302.592377773],[239638.21288250003,9207302.740673356]]}},{"type":"Feature","properties":{"fid":187,"ID":186,"ELEV":51.0},"geometry":{"type":"LineString","coordinates":[[240013.57430444635,9207301.3803159],[240013.57430444635,9207301.3803159]]}},{"type":"Feature","properties":{"fid":188,"ID":187,"ELEV":38.0},"geometry":{"type":"LineString","coordinates":[[239636.84399750002,9207299.727047099],[239640.12932150002,9207300.809086977],[239646.42619250002,9207304.032608593],[239649.7544823027,9207305.2131939],[239651.9017325,9207306.297018334],[239655.18705650003,9207308.870604077],[239656.5559415,9207310.226255132],[239659.2515572651,9207313.4265039],[239660.995329641,9207316.1642739],[239663.34366375388,9207321.0922599],[239666.01849691756,9207326.0202459],[239667.92491004764,9207331.2220089],[239668.361691048,9207333.6860019],[239668.46679718842,9207335.8762179],[239668.32314872675,9207338.066433901],[239667.4786375663,9207342.1730889],[239666.9594675,9207343.711569695],[239665.84200696438,9207346.0059669],[239663.7566634397,9207348.7437369],[239661.07245874728,9207351.2077299],[239656.29276811687,9207354.2192769],[239653.2706175,9207355.338610662],[239648.89018550003,9207356.260143643],[239643.6884225,9207356.418196704],[239637.3915515,9207355.817479698],[239631.91601150003,9207354.943459745],[239628.0831335,9207353.770776493],[239623.7938471348,9207351.4815069],[239621.57745389783,9207349.2912909],[239620.52740306663,9207346.8272979],[239620.22302938014,9207344.910858901],[239620.31904189137,9207342.7206429],[239622.15634014976,9207329.5793469],[239622.66334794395,9207319.7233749],[239623.05283821494,9207316.9856049],[239623.7027015,9207314.272776654],[239625.24903892836,9207310.414956901],[239626.2716606703,9207308.4985179],[239627.65738281055,9207306.3083019],[239629.9995725,9207303.354348782],[239631.6422345,9207301.68133566],[239633.55867350003,9207300.292839844],[239635.20133550002,9207299.66027974],[239636.84399750002,9207299.727047099]]}},{"type":"Feature","properties":{"fid":189,"ID":188,"ELEV":38.5},"geometry":{"type":"LineString","coordinates":[[239636.2964435,9207295.604951225],[239638.21288250003,9207296.443759723],[239643.41464550002,9207299.887294699],[239644.46459949782,9207300.8327619],[239646.5432490972,9207302.2016469],[239650.80662450002,9207303.893181348],[239652.72306350002,9207304.970405336],[239654.9293380165,9207306.5820789],[239657.9248265,9207309.326313395],[239660.60194732356,9207312.6051729],[239662.5677976426,9207315.8904969],[239664.49547450003,9207320.013010118],[239667.3732919654,9207325.1989149],[239669.1230642813,9207329.5793469],[239669.78912298146,9207331.7695629],[239670.19037893065,9207334.2335559],[239670.23983918826,9207336.423771901],[239669.81500809037,9207340.5304269],[239669.42005163268,9207342.4468659],[239668.8056325362,9207344.0895279],[239667.94829237892,9207346.0059669],[239666.88359258676,9207347.6486289],[239664.1806137169,9207350.9339529],[239662.64069117254,9207352.3028379],[239659.5674885,9207354.480618285],[239656.82971850003,9207356.17354817],[239651.6279555,9207357.967214912],[239648.3426315,9207358.451155523],[239641.22442950003,9207358.45359759],[239639.0342135,9207358.004855214],[239630.54712650002,9207357.088307107],[239626.7142485,9207356.101578576],[239624.25025550002,9207355.20415061],[239622.0600395,9207354.09547357],[239619.7795720915,9207352.5766149],[239618.75304996534,9207351.4815069],[239618.06676752583,9207350.1126219],[239617.58661724327,9207348.4699599],[239617.33222843628,9207345.732189901],[239618.4413518463,9207340.5304269],[239618.94280059333,9207334.781109901],[239620.3712219554,9207327.9366849],[239620.77717653834,9207322.4611449],[239620.6448697585,9207318.6282669],[239621.16750491507,9207315.342942901],[239621.97898114877,9207312.6051729],[239624.31420324126,9207307.4034099],[239626.05396150998,9207304.6656399],[239629.4197732808,9207300.0114309],[239631.31659682683,9207297.8212149],[239633.0111195,9207296.337358851],[239634.10622750001,9207295.700291023],[239635.20133550002,9207295.483262174],[239636.2964435,9207295.604951225]]}},{"type":"Feature","properties":{"fid":190,"ID":189,"ELEV":56.0},"geometry":{"type":"LineString","coordinates":[[239371.66314689364,9207312.4682844],[239370.84408242337,9207307.6771869],[239369.23248099917,9207304.6656399],[239368.5425375,9207303.761588218],[239367.44742950003,9207303.527132414],[239365.80476750003,9207302.618186917],[239364.43588250002,9207302.364234773],[239362.5194435,9207301.348197404],[239360.9968140698,9207300.285207901],[239360.17025340837,9207298.9163229],[239359.07950296876,9207295.3572219],[239358.96670739766,9207294.1252254]]}},{"type":"Feature","properties":{"fid":191,"ID":190,"ELEV":39.0},"geometry":{"type":"LineString","coordinates":[[239635.7488895,9207290.949062053],[239637.3915515,9207291.171053343],[239640.12932150002,9207292.789309394],[239642.84154500868,9207295.6309989],[239644.78353050002,9207297.00293549],[239646.6999695,9207299.499535171],[239648.01088699812,9207300.285207901],[239651.9017325,9207301.845407588],[239654.3657255,9207303.160215633],[239658.27517183925,9207306.3083019],[239661.75770450002,9207310.433229309],[239665.16494052304,9207316.4380509],[239668.8759065,9207323.79491709],[239671.7175211785,9207331.4957859],[239672.26378678545,9207334.781109901],[239672.32459889175,9207338.066433901],[239672.08681983443,9207340.5304269],[239671.4623009316,9207343.8157509],[239670.5372685954,9207346.2797439],[239669.22839014686,9207348.4699599],[239665.8643595,9207352.565780709],[239662.64168222892,9207355.3143849],[239660.38881950002,9207356.966223158],[239657.6510495,9207358.586906202],[239655.46083350002,9207359.593154483],[239651.6279555,9207360.898345323],[239647.79507750002,9207361.38566911],[239644.78353050002,9207361.25852395],[239641.49820650002,9207361.62635669],[239639.0342135,9207361.50270102],[239637.6653285,9207361.245913751],[239631.6422345,9207361.375536596],[239625.3453635,9207360.63738578],[239618.22716150002,9207358.042651199],[239616.0369455,9207356.61929858],[239615.5133865627,9207356.1357159],[239613.9329271633,9207353.6717229],[239613.34552395222,9207351.4815069],[239613.1980390553,9207349.2912909],[239613.37728944502,9207346.2797439],[239615.27097802574,9207339.1615419],[239615.86427006152,9207333.959778901],[239616.99031507203,9207328.4842389],[239617.99099656887,9207322.187367901],[239618.0079595742,9207317.2593819],[239619.00228779658,9207312.6051729],[239620.96493150003,9207307.727020329],[239622.0600395,9207305.547491107],[239625.55072144113,9207299.7376539],[239628.73909531353,9207295.0834449],[239631.3684575,9207292.402110554],[239633.55867350003,9207291.162034146],[239635.7488895,9207290.949062053]]}},{"type":"Feature","properties":{"fid":192,"ID":191,"ELEV":53.5},"geometry":{"type":"LineString","coordinates":[[240043.58689659755,9207285.5012499],[240043.4028425,9207285.256489718],[240043.4028425,9207285.630644077],[240043.58689659755,9207285.5012499]]}},{"type":"Feature","properties":{"fid":193,"ID":192,"ELEV":53.5},"geometry":{"type":"LineString","coordinates":[[240044.35558128648,9207284.1323649],[240043.9503965,9207283.987456301],[240043.77566275993,9207284.1323649],[240043.49763807456,9207284.9536959],[240043.6766195,9207285.178392835],[240044.36680423087,9207284.6799189],[240044.35558128648,9207284.1323649]]}},{"type":"Feature","properties":{"fid":194,"ID":193,"ELEV":39.5},"geometry":{"type":"LineString","coordinates":[[239513.18382447457,9207654.1419804],[239515.83456350002,9207650.992018465],[239518.57233350002,9207648.664661825],[239521.0363265,9207647.298414506],[239526.7856435,9207644.954001449],[239528.7020825,9207643.9116947],[239530.18299214996,9207642.7802349],[239531.8358431084,9207641.1375729],[239533.6300685,9207638.937923543],[239536.1672156598,9207635.114478901],[239536.84190397165,9207633.7455939],[239537.6481499821,9207630.4602699],[239537.3318727777,9207624.163398901],[239537.43027236647,9207621.9731829],[239537.81252850773,9207619.5091899],[239539.82241508897,9207611.8434339],[239542.19142664297,9207601.1661309],[239545.05616607628,9207589.9412739],[239546.1545416205,9207586.9297269],[239548.01748149018,9207583.3706259],[239554.27148387767,9207575.7048699],[239555.4352757172,9207573.5146539],[239556.29680948498,9207570.5031069],[239556.63480833065,9207565.5751209],[239554.74485383005,9207551.3387169],[239554.01956719422,9207548.8747239],[239553.06823550002,9207546.720563173],[239550.71500884858,9207542.577852901],[239549.67741435094,9207540.1138599],[239548.67646616886,9207536.0072049],[239548.0487997044,9207529.984110901],[239548.1685950985,9207528.0676719],[239548.71719486444,9207525.3299019],[239549.4493821806,9207523.1396859],[239552.4783303961,9207517.1165919],[239554.16334350003,9207512.978456607],[239555.06530275685,9207509.724612901],[239555.70024067405,9207505.6179579],[239555.79832472384,9207502.6064109],[239555.57393712943,9207497.130870901],[239555.07942858041,9207493.5717699],[239553.47644192516,9207485.6322369],[239552.69712692488,9207479.0615889],[239552.7152786155,9207476.050041901],[239553.14802194003,9207473.3122719],[239554.30339267757,9207470.3007249],[239557.9962215,9207464.435304368],[239559.6748241913,9207460.992306901],[239560.66823912575,9207457.7069829],[239561.9221249672,9207451.1363349],[239563.24054896316,9207446.4821259],[239566.26024389782,9207438.8163699],[239569.00760510314,9207432.5194989],[239571.41129450002,9207427.706814762],[239573.32773350002,9207424.426683744],[239575.2441725,9207421.598976538],[239580.4146619183,9207414.723993901],[239582.91041980014,9207410.8911159],[239586.11210719633,9207405.415575901],[239586.81382906667,9207403.4991369],[239588.103889771,9207401.3089209],[239588.8271890389,9207398.8449279],[239589.76945608857,9207397.4760429],[239590.44582771845,9207395.285826901],[239590.94601678126,9207394.464495901],[239590.80170324037,9207391.4529489],[239591.63313835676,9207389.8102869],[239589.7543535,9207388.72243127],[239588.1116915,9207386.65217529],[239583.4574825,9207384.942946324],[239580.71971250002,9207383.157843307],[239577.70816550002,9207380.239201691],[239575.9955921319,9207376.9427679],[239575.76923409343,9207375.0263289],[239576.3914538515,9207372.2885589],[239576.96410946822,9207371.4672279],[239577.21822239662,9207370.3721199],[239578.5294965,9207367.26171971],[239579.35082750002,9207366.288613241],[239580.99231196454,9207364.8965799],[239582.63615150002,9207364.204743626],[239584.00503650002,9207363.930279544],[239591.67079250002,9207364.790839395],[239596.71561767426,9207364.6228029],[239598.24144050002,9207364.24357205],[239599.88410250001,9207363.30071104],[239603.0800874521,9207360.2423709],[239604.892277264,9207356.4094929],[239607.8236355,9207348.22485136],[239610.56125866334,9207339.1615419],[239612.22088021578,9207330.4006779],[239614.08288598884,9207317.8069359],[239614.83453203834,9207313.9740579],[239615.86430096216,9207310.414956901],[239617.42287874827,9207306.0345249],[239619.15678883682,9207301.6540929],[239621.63535698393,9207296.4523299],[239623.7027015,9207292.642876176],[239625.89291750002,9207289.19672601],[239629.45201850001,9207284.831237242],[239631.6422345,9207282.833688177],[239633.55867350003,9207281.807640588],[239636.0226665,9207281.73193425],[239638.21288250003,9207282.51926209],[239640.4030985,9207284.017893275],[239642.86709150003,9207286.126558494],[239645.0573075,9207288.538184509],[239648.06885450002,9207291.986817187],[239648.3426315,9207292.57390905],[239650.80662450002,9207295.559641702],[239653.5443945,9207298.080968548],[239658.47238050002,9207300.67761154],[239662.03148150002,9207304.142944343],[239663.11429594512,9207305.7607479],[239666.41191350002,9207311.537783235],[239668.31763513602,9207315.6167199],[239671.76412323784,9207324.3775839],[239673.9586450061,9207330.9482319],[239674.8258759707,9207335.602440901],[239674.9785257533,9207339.4353189],[239674.42053358487,9207344.3633049],[239673.49563941473,9207347.6486289],[239672.1612305,9207350.14294741],[239670.7061424003,9207352.3028379],[239668.32835250002,9207354.829320548],[239663.2171640964,9207358.8734859],[239657.37727250002,9207362.314466542],[239653.5443945,9207364.1094891],[239650.80662450002,9207365.01034864],[239638.62120134002,9207367.634349901],[239634.6537815,9207368.746893888],[239627.80935650002,9207371.09318877],[239625.61914050003,9207371.465664512],[239620.4173775,9207372.940281186],[239613.0253985,9207374.224101564],[239609.4662975,9207375.742722258],[239604.8120885,9207378.702869762],[239602.62187250002,9207380.663493166],[239600.73862402755,9207384.0609699],[239600.66982023173,9207384.6085239],[239603.08207295017,9207388.4414019],[239603.67581271776,9207389.8102869],[239609.7400745,9207391.801128142],[239612.4778445,9207391.987199394],[239621.51248550002,9207389.885033183],[239628.3569105,9207389.28644557],[239631.6422345,9207389.496720828],[239636.84399750002,9207390.352806283],[239639.3079905,9207390.532394478],[239644.23597650003,9207390.437165419],[239646.15241550002,9207390.627958775],[239647.79507750002,9207391.275993217],[239649.1624388802,9207392.5480569],[239650.2590705,9207395.397961669],[239650.6779333018,9207398.0235969],[239650.6670222897,9207401.0351439],[239649.37166379296,9207410.8911159],[239649.157761216,9207416.9142099],[239650.80186227034,9207433.0670529],[239650.92055902164,9207436.3523769],[239650.80649839362,9207439.090146901],[239650.48451913096,9207441.2803629],[239649.59750603643,9207444.5656869],[239649.46406359941,9207446.4821259],[239650.06949107713,9207448.398564901],[239651.24147605873,9207450.5887809],[239654.4975955462,9207454.9692129],[239657.15514823035,9207459.3496449],[239661.50927661732,9207469.2056169],[239665.04009426376,9207477.9664809],[239668.1521464513,9207486.7273449],[239669.44293909243,9207491.1077769],[239671.51701934612,9207500.9637489],[239672.43500750003,9207504.490875944],[239673.38840959207,9207506.9868429],[239674.47659036348,9207508.903281901],[239677.08921650003,9207511.988268271],[239680.13628109978,9207514.6525989],[239685.02874950002,9207517.80564391],[239689.1354045,9207519.694019193],[239694.8847215,9207521.573828116],[239697.34871450003,9207522.100897407],[239701.1815925,9207522.273222964],[239707.4784635,9207521.979842737],[239712.4064495,9207521.394160684],[239717.0606585,9207520.354450494],[239719.7984285,9207519.476894854],[239723.3575295,9207517.659986584],[239727.7379615,9207514.89741457],[239732.11839350002,9207511.475144997],[239737.59393350003,9207506.64832221],[239741.26188419902,9207502.0588569],[239744.4978504546,9207496.5833169],[239746.099177626,9207493.2979929],[239747.97908652353,9207488.6437839],[239751.38464857076,9207478.7878119],[239753.21356299246,9207471.943386901],[239753.7849458136,9207468.9318399],[239754.4336989907,9207463.1825229],[239754.43797850658,9207460.170975901],[239753.84030149848,9207453.8741049],[239751.69532267514,9207442.9230249],[239751.46787270092,9207441.0065859],[239751.23975451707,9207436.6261539],[239751.4202432133,9207433.0670529],[239752.51033500224,9207416.0928789],[239752.9681831114,9207411.7124469],[239753.74677650002,9207407.226319809],[239755.36659433332,9207401.0351439],[239756.2107695,9207399.33685288],[239757.85343150003,9207398.629811993],[239760.04364750002,9207400.099666793],[239765.33423910366,9207405.6893529],[239768.5307345,9207408.603746574],[239771.5422815,9207410.877343876],[239780.30314550002,9207416.31346445],[239782.2195845,9207417.871255487],[239783.2761194092,9207419.1044259],[239784.9651359401,9207421.5684189],[239786.31001931868,9207424.0324119],[239789.5182175694,9207433.0670529],[239791.25422550002,9207436.920382714],[239802.0427628007,9207454.9692129],[239807.23336027103,9207462.3611919],[239809.29756562063,9207465.6465159],[239812.10169992285,9207471.6696099],[239813.48762376126,9207478.2402579],[239813.92076324782,9207483.715797901],[239813.81393511777,9207487.001121901],[239812.26230993212,9207496.5833169],[239808.2147685255,9207516.0214839],[239807.73795346913,9207519.3068079],[239807.48714914965,9207523.1396859],[239807.04836181778,9207524.5085709],[239806.8570979035,9207527.5201179],[239807.78834506808,9207531.3529959],[239809.32350750003,9207532.660239903],[239809.87106150002,9207532.86013544],[239812.0612775,9207532.391569782],[239819.17947950002,9207527.946136547],[239822.7385805,9207526.480484977],[239824.1074655,9207526.328146927],[239825.47635050002,9207526.855129685],[239827.3927895,9207528.481119687],[239829.0354515,9207530.619806528],[239833.6896605,9207537.61587864],[239835.38790010064,9207539.2925289],[239837.52253850002,9207540.635028966],[239843.2718555,9207542.694543889],[239849.56872650003,9207544.636465767],[239862.9837995,9207548.213786803],[239864.9002385,9207548.626036389],[239874.75621050003,9207549.762636194],[239878.31531150002,9207549.692538284],[239886.2548445,9207550.029091867],[239890.9090535,9207549.826023072],[239901.03880250003,9207547.79868198],[239912.53743650002,9207544.86194489],[239916.64409150003,9207544.020978365],[239921.29830050003,9207543.227365732],[239927.0476175,9207542.610864399],[239931.56493800002,9207542.57845599]]}},{"type":"Feature","properties":{"fid":195,"ID":194,"ELEV":52.5},"geometry":{"type":"LineString","coordinates":[[239988.9818559644,9207277.2879399],[239988.37366550002,9207277.152629366],[239984.18816401923,9207277.2879399],[239983.71945650002,9207278.23632162],[239982.2506230222,9207279.4781559],[239982.22917488098,9207279.7519329],[239985.701855732,9207284.6799189],[239986.45722650003,9207285.32676906],[239986.73100350003,9207285.34181506],[239987.3009370913,9207284.4061419],[239989.4687735,9207282.28188209],[239992.4803205,9207280.099372417],[239993.02787450003,9207279.922817161],[239994.67053650002,9207280.381600047],[239995.81502185672,9207280.2994869],[239992.4803205,9207278.350625347],[239988.9818559644,9207277.2879399]]}},{"type":"Feature","properties":{"fid":196,"ID":195,"ELEV":53.5},"geometry":{"type":"LineString","coordinates":[[240055.56383497154,9207272.0861769],[240055.36528648256,9207272.0861769],[240055.56383497154,9207272.0861769]]}},{"type":"Feature","properties":{"fid":197,"ID":196,"ELEV":53.5},"geometry":{"type":"LineString","coordinates":[[240057.50235800003,9207271.059966713],[240055.89567184972,9207271.8123999],[240056.0307795148,9207272.3599539],[240056.954804,9207272.573797692]]}},{"type":"Feature","properties":{"fid":198,"ID":197,"ELEV":53.0},"geometry":{"type":"LineString","coordinates":[[240058.597466,9207267.854747243],[240054.51496779412,9207269.3484069],[240048.87838250003,9207271.863526475],[240046.41438950002,9207273.716239937],[240044.82079632248,9207275.3715009],[240043.19108580163,9207278.1092709],[240039.403000035,9207285.7750269],[240037.36195280284,9207288.7865739],[240035.36045328973,9207291.2505669],[240034.35666782138,9207292.8932289],[240034.13577673878,9207293.7145599],[240034.4659101123,9207294.5358909],[240035.21723789827,9207295.0834449],[240039.0224105,9207296.390991883],[240040.6650725,9207296.615545461],[240042.3077345,9207296.442149973],[240046.41438950002,9207295.091719108],[240052.026818,9207293.969148831]]}},{"type":"Feature","properties":{"fid":199,"ID":198,"ELEV":52.5},"geometry":{"type":"LineString","coordinates":[[240060.240128,9207264.812633786],[240056.81791550003,9207265.355585495],[240053.2588145,9207266.307217725],[240048.6046055,9207268.08694168],[240044.49795050002,9207270.98039954],[240040.93884950003,9207275.251965135],[240036.1261653374,9207283.8585879],[240032.9993165,9207287.153963886],[240029.4402155,9207289.677189717],[240027.24999950003,9207290.417931916],[240026.4286685,9207290.989648174],[240025.3335605,9207291.39800114],[240023.625216574,9207291.5243439],[240023.63333433936,9207292.619451901],[240024.1272767873,9207293.7145599],[240026.7459563746,9207295.6309989],[240035.55598833892,9207299.7376539],[240041.21262650003,9207301.54869657],[240049.89711382586,9207302.6123124]]}},{"type":"Feature","properties":{"fid":200,"ID":199,"ELEV":52.0},"geometry":{"type":"LineString","coordinates":[[240061.34328937807,9207262.367093401],[240059.82946250003,9207261.844354004],[240057.9130235,9207261.533208707],[240054.08014550002,9207261.949277978],[240051.06859850002,9207262.538574412],[240047.78327450002,9207263.498152608],[240045.63797632215,9207264.4204209],[240043.4028425,9207265.865982177],[240041.2356776055,9207267.7057449],[240039.52672759347,9207269.895960901],[240032.7255395,9207281.401882945],[240031.3566545,9207282.385182254],[240029.23497421228,9207283.3110339],[240025.88111450002,9207284.004797507],[240020.4055745,9207283.822163118],[240016.02514250003,9207283.013560034],[240008.35938650003,9207280.243398346],[240002.06251550003,9207276.85884086],[239995.4918675,9207273.912662053],[239985.08834150003,9207271.076360453],[239977.86378008995,9207269.6221839],[239973.8634845,9207268.556318825],[239962.09107350002,9207266.78203129],[239959.07952650002,9207267.197841363],[239958.31035516103,9207267.7057449],[239957.3637672418,9207268.8008529],[239957.2490933794,9207269.895960901],[239957.3875670338,9207270.9910689],[239957.9844185,9207272.46495613],[239959.02938710758,9207274.2763929],[239962.11167165107,9207278.1092709],[239964.31364648778,9207280.2994869],[239966.99261148772,9207282.2159259],[239971.26302627925,9207284.4061419],[239979.33902450002,9207287.604237929],[239983.71945650002,9207289.043532655],[239985.36211850002,9207289.85273717],[239996.03942150003,9207292.442017134],[239996.03942150003,9207292.114566043],[239994.94431350002,9207291.050558824],[239994.9411696493,9207290.4292359],[239995.4918675,9207289.574474039],[239996.58697550002,9207289.256568799],[240000.1460765,9207289.960253999],[240005.0740625,9207290.251179509],[240013.8349265,9207291.602616567],[240014.93003450002,9207292.00981134],[240016.02514250003,9207292.72265776],[240019.0498357105,9207296.1785529],[240021.2783893187,9207297.8212149],[240023.77163823703,9207298.9163229],[240029.54052143672,9207300.5589849],[240032.45176250002,9207301.89553114],[240034.35519950456,9207303.2967549],[240035.98605201632,9207305.2131939],[240036.53016718812,9207306.8558559],[240036.35879471496,9207308.2247409],[240041.48640350002,9207313.37979672],[240045.52944560884,9207318.9020439],[240046.003724,9207319.169528158]]}},{"type":"Feature","properties":{"fid":201,"ID":200,"ELEV":51.5},"geometry":{"type":"LineString","coordinates":[[240029.4402155,9207261.394476153],[240031.0828775,9207261.516156964],[240032.7255395,9207262.092559181],[240033.54687050002,9207263.259710345],[240033.7527338256,9207263.8728669],[240033.8630817984,9207265.789305901],[240032.89101411297,9207269.074629901],[240032.88425489486,9207270.9910689],[240032.3155508282,9207272.6337309],[240031.7068032243,9207273.4550619],[240029.9877695,9207274.941481775],[240027.52377650002,9207276.02453886],[240026.15489150002,9207276.244946634],[240021.3356541799,9207274.5501699],[240018.3886255877,9207272.9075079],[240018.1313617215,9207272.6337309],[240017.87068722735,9207270.4435149],[240019.09524735835,9207268.253298901],[240023.4171215,9207264.782890342],[240026.7024455,9207262.421869433],[240029.4402155,9207261.394476153]]}},{"type":"Feature","properties":{"fid":202,"ID":201,"ELEV":53.0},"geometry":{"type":"LineString","coordinates":[[240021.07125723246,9207248.8151319],[240019.58424350002,9207248.790286638],[240017.1202505,9207250.167399827],[240015.59399792852,9207252.374232901],[240015.353984538,9207253.195563901],[240015.43984692276,9207253.7431179],[240017.66780450003,9207252.666999258],[240019.91752398704,9207251.0053479],[240021.39431585584,9207249.0889089],[240021.07125723246,9207248.8151319]]}},{"type":"Feature","properties":{"fid":203,"ID":202,"ELEV":40.0},"geometry":{"type":"LineString","coordinates":[[239510.3692241253,9207653.0468724],[239512.00168550003,9207650.713413164],[239514.19190150002,9207648.108060542],[239516.92967150002,9207645.811429564],[239519.94121850003,9207644.19339541],[239525.14298150002,9207642.122799354],[239526.7856435,9207641.311582312],[239528.15452850002,9207640.353351273],[239530.6571521895,9207637.8522489],[239532.1652971319,9207635.935809901],[239533.0633723136,9207634.293147901],[239534.03107040378,9207631.2816009],[239534.2215852678,9207629.6389389],[239533.9637568439,9207623.6158449],[239534.13856886854,9207621.1518519],[239536.4520480323,9207612.1172109],[239537.23114927753,9207603.9039009],[239537.4655113181,9207602.8087929],[239539.63145280592,9207597.0594759],[239540.10033976514,9207595.1430369],[239541.25418234497,9207588.024834901],[239541.99604368355,9207585.2870649],[239543.22144224733,9207582.0017409],[239544.5811485,9207579.28281073],[239546.16192590387,9207576.7999779],[239548.38581715664,9207574.0622079],[239549.84089251023,9207571.8719919],[239550.7402085331,9207570.2293299],[239551.4048357456,9207568.3128909],[239551.60447289512,9207565.8488979],[239551.48897947447,9207563.6586819],[239550.61777276092,9207554.8978179],[239550.19014679792,9207552.707601901],[239549.16536732836,9207549.6960549],[239546.22381050003,9207544.414626947],[239544.74749786852,9207540.6614139],[239543.2526354378,9207534.6383199],[239542.46629684643,9207527.7938949],[239542.46332827123,9207524.7823479],[239542.9329341725,9207522.3183549],[239544.13558224932,9207520.1281389],[239548.14024950002,9207515.056790365],[239549.22439615522,9207513.2837139],[239550.73798433135,9207509.4508359],[239551.2304242653,9207506.9868429],[239551.35129265557,9207504.2490729],[239551.1455347643,9207500.9637489],[239548.7222411049,9207487.2748989],[239547.95413195709,9207479.8829199],[239547.8820786808,9207475.228710901],[239548.06251174683,9207473.3122719],[239548.62969285552,9207470.8482789],[239549.6869322069,9207468.1105089],[239553.41272157757,9207461.2660839],[239554.71089750002,9207458.152448649],[239557.9124015843,9207447.3034569],[239562.58172378805,9207436.3523769],[239570.04240950002,9207422.050080601],[239575.31508156867,9207413.902662901],[239577.58672069586,9207408.7008999],[239578.27043686053,9207405.9631299],[239578.37061775135,9207402.951582901],[239577.79220655918,9207401.0351439],[239576.8868345,9207399.62481225],[239575.34083422073,9207398.0235969],[239574.42284150003,9207396.027767383],[239573.62330576227,9207393.643164901],[239569.619396108,9207385.9774089],[239567.38657074043,9207379.6805379],[239567.20238816732,9207377.2165449],[239567.38546512663,9207375.3001059],[239568.96671283545,9207365.7179109],[239569.53907070882,9207363.5276949],[239571.37622911937,9207360.5161479],[239573.8752875,9207358.58466388],[239577.1606115,9207356.911262777],[239580.71971250002,9207355.920747515],[239582.36237450002,9207355.738121146],[239591.67079250002,9207355.845445203],[239594.1347855,9207355.362800103],[239596.59877850002,9207354.476864394],[239600.1578795,9207351.120212058],[239602.1274405086,9207348.4699599],[239604.8120885,9207343.726591317],[239605.49360177334,9207342.1730889],[239606.3016102078,9207339.1615419],[239607.44327442872,9207332.8646709],[239608.2633116339,9207329.5793469],[239609.8518469477,9207318.0807129],[239610.56140550002,9207314.213263437],[239612.9645384024,9207306.5820789],[239616.2713549335,9207295.0834449],[239620.4173775,9207284.92123347],[239623.73395482867,9207277.561716901],[239624.3698531575,9207275.097723901],[239625.0314871354,9207273.4550619],[239625.4557685465,9207269.3484069],[239625.78489604688,9207268.253298901],[239625.87140856183,9207265.2417519],[239626.45784045797,9207263.3253129],[239625.9383932618,9207259.2186579],[239626.201742435,9207255.1120029],[239625.56644959736,9207252.1004559],[239625.89291750002,9207248.373556094],[239629.17824150002,9207243.215730857],[239630.82090350002,9207243.509149252],[239633.0111195,9207243.184142249],[239637.6653285,9207245.198162904],[239642.43197118613,9207248.5413549],[239643.41878508352,9207249.3626859],[239643.94484743662,9207250.1840169],[239644.4311962065,9207251.5529019],[239644.7566084047,9207253.4693409],[239645.47375956803,9207255.1120029],[239646.73498878934,9207264.146643901],[239648.7440202587,9207273.4550619],[239650.79546590938,9207278.1092709],[239653.00127448764,9207282.4897029],[239655.78489983772,9207286.5963579],[239659.5283059206,9207290.976789901],[239662.3052585,9207293.777584812],[239665.04302850002,9207297.365928827],[239668.50878447984,9207303.8443089],[239670.12111197345,9207307.9509639],[239676.88297023493,9207331.4957859],[239678.14964643243,9207338.066433901],[239678.28548619853,9207341.8993119],[239677.83620249285,9207345.4584129],[239676.527150272,9207350.6601759],[239675.7990516618,9207352.3028379],[239674.34297656358,9207354.4930539],[239672.43500750003,9207356.523115404],[239669.4021354285,9207358.8734859],[239663.89985314975,9207362.4325869],[239657.9248265,9207365.765289925],[239645.3310845,9207371.52334803],[239640.4030985,9207374.026930463],[239631.3684575,9207377.676817957],[239618.22716150002,9207382.03408677],[239616.86997324767,9207383.2396389],[239616.46515787664,9207384.334746901],[239617.95338450003,9207385.955573926],[239621.23870850002,9207385.870133305],[239622.60759350003,9207386.162711753],[239627.53557950002,9207386.208448362],[239637.9391055,9207387.622901551],[239643.6884225,9207387.154700888],[239646.6999695,9207387.212156417],[239648.89018550003,9207387.835345441],[239650.2590705,9207388.795890093],[239651.16117359453,9207390.0840639],[239652.70896702877,9207394.464495901],[239653.21708174908,9207398.0235969],[239653.2170881692,9207401.0351439],[239652.25764685916,9207410.3435619],[239652.15037062534,9207414.1764399],[239653.04479283278,9207425.1275199],[239653.8338486426,9207431.1506139],[239654.09776041968,9207436.6261539],[239653.99248514214,9207443.1968019],[239654.1238579307,9207444.8394639],[239654.6404891451,9207447.3034569],[239656.16615841317,9207450.5887809],[239659.13658068088,9207455.7905439],[239665.38747376387,9207468.1105089],[239670.3517506733,9207477.4189269],[239674.08467597966,9207486.179790901],[239677.47837567667,9207495.7619859],[239679.4128291264,9207500.4161949],[239680.37454050002,9207502.02031446],[239683.38608750002,9207505.681546725],[239685.8500805,9207508.041686716],[239688.58785050001,9207509.906162415],[239692.1469515,9207511.611705383],[239695.4322755,9207512.711904708],[239699.8127075,9207513.592208268],[239704.4669165,9207514.072850812],[239708.02601750003,9207514.085541157],[239711.58511850002,9207513.846307352],[239714.59666550002,9207513.373396626],[239718.4295435,9207512.208065968],[239723.98674400224,9207509.4508359],[239725.82152250002,9207508.189811986],[239729.1068465,9207505.601014923],[239733.7883134622,9207501.2375259],[239735.9512715,9207498.767599894],[239738.04816732492,9207495.7619859],[239739.89492692094,9207492.2028849],[239742.417169147,9207485.9060139],[239745.79404942773,9207476.3238189],[239749.26416403754,9207465.0989619],[239749.7039659194,9207459.0758679],[239749.5365148002,9207456.0643209],[239749.18476400452,9207453.8741049],[239746.81588497738,9207444.0181329],[239746.31039662313,9207441.0065859],[239746.02250424202,9207437.7212619],[239746.12721479512,9207432.7932759],[239746.5794564613,9207426.2226279],[239747.2143077205,9207419.9257569],[239748.49698492928,9207411.1648929],[239751.5565605,9207395.966548907],[239752.10916426155,9207393.9169419],[239753.19922250003,9207391.217273457],[239754.2943305,9207389.786143292],[239755.9369925,9207389.488514084],[239758.5735119748,9207391.179171901],[239760.28978799665,9207392.821833901],[239767.37169348748,9207401.5826979],[239770.1733965,9207404.516915709],[239773.1849435,9207406.912912853],[239776.47026750003,9207409.020263681],[239780.34655108515,9207410.8911159],[239783.04091550002,9207412.421295164],[239784.94031355114,9207413.902662901],[239786.32623950002,9207415.266409563],[239787.63056573147,9207416.9142099],[239789.474505005,9207419.6519799],[239790.62228468814,9207421.8421959],[239793.11367082913,9207430.3292829],[239795.72424891332,9207436.0785999],[239804.12898512773,9207450.5887809],[239811.70945303395,9207462.0874149],[239813.75901250675,9207465.9202929],[239815.28371286282,9207469.7531709],[239816.30718931317,9207473.586048901],[239816.62960329631,9207475.7762649],[239816.93835758723,9207481.2518049],[239816.83816931926,9207484.2633519],[239816.4331418856,9207487.2748989],[239812.55675532922,9207505.8917349],[239811.84407722895,9207511.3672749],[239811.72115148217,9207514.3788219],[239812.0125602895,9207518.4854769],[239813.58880742322,9207521.7708009],[239813.6686868022,9207522.5921319],[239813.97771650003,9207522.743836567],[239814.7990475,9207522.604309667],[239817.26304050002,9207522.833268963],[239824.6550195,9207519.363893533],[239826.84523550002,9207519.030068118],[239828.21412050002,9207519.732080162],[239830.13010686918,9207521.497023901],[239835.87987650002,9207529.896439815],[239837.275128247,9207531.626772901],[239838.89142350003,9207533.145651681],[239841.08163950001,9207534.526779033],[239844.21590889627,9207536.0072049],[239853.6753815,9207539.264953544],[239867.09045450002,9207544.254764862],[239873.11354850003,9207545.81757188],[239882.1481895,9207547.031057442],[239886.5286215,9207548.033695735],[239892.5517155,9207548.079294488],[239895.01570850002,9207547.356161103],[239901.8601335,9207546.178535592],[239913.0849905,9207543.084426424],[239920.20319250002,9207541.47283732],[239927.59517150003,9207540.349630838],[239932.386269,9207540.566215174]]}},{"type":"Feature","properties":{"fid":204,"ID":203,"ELEV":51.5},"geometry":{"type":"LineString","coordinates":[[239991.93276650002,9207233.913976466],[239993.1429999177,9207235.1262819],[239993.36104365607,9207235.6738359],[239993.2990246418,9207236.2213899],[239992.75409750003,9207236.880459474],[239991.93276650002,9207237.405935556],[239991.1114355,9207237.56817483],[239990.5638815,9207237.453599956],[239990.09989560794,9207236.7689439],[239990.31285605126,9207235.1262819],[239990.42530844384,9207234.8525049],[239991.65898950002,9207233.942322789],[239991.93276650002,9207233.913976466]]}},{"type":"Feature","properties":{"fid":205,"ID":204,"ELEV":52.5},"geometry":{"type":"LineString","coordinates":[[240033.1670146624,9207234.0311739],[240030.80910050002,9207233.975890419],[240028.61888450003,9207234.40735748],[240019.85802050002,9207237.440689614],[240017.94158150002,9207238.32665722],[240016.56227815204,9207239.2329369],[240013.99386328904,9207241.9707069],[240008.03902814604,9207250.1840169],[240006.71672450003,9207252.649895579],[240005.75895977908,9207255.3857799],[240005.69537439913,9207255.659556901],[240006.1691705,9207256.474891871],[240008.0856095,9207257.82145572],[240010.00204850003,9207258.525773564],[240012.4660415,9207258.37710862],[240015.4775885,9207257.496066015],[240017.66780450003,9207256.384324757],[240018.94392694917,9207255.659556901],[240021.7744595,9207253.371477505],[240025.71649796737,9207248.8151319],[240029.56383031805,9207243.065814901],[240034.14436492661,9207235.400058901],[240033.99383792267,9207234.578727901],[240033.1670146624,9207234.0311739]]}},{"type":"Feature","properties":{"fid":206,"ID":205,"ELEV":57.0},"geometry":{"type":"LineString","coordinates":[[239341.94177222974,9207233.6205084],[239341.575503,9207233.404118625]]}},{"type":"Feature","properties":{"fid":207,"ID":206,"ELEV":51.0},"geometry":{"type":"LineString","coordinates":[[240058.34890313778,9207240.1911564],[240057.36546950002,9207240.31619878],[240055.72280750002,9207239.326461842],[240055.25981507558,9207237.8640519],[240054.77701649553,9207237.0427209],[240054.99539022185,9207234.8525049],[240055.59996764796,9207232.936065901],[240056.43904475635,9207232.114734901],[240056.954804,9207231.932113161]]}},{"type":"Feature","properties":{"fid":208,"ID":207,"ELEV":51.5},"geometry":{"type":"LineString","coordinates":[[240060.51390500003,9207250.686839549],[240059.82946250003,9207250.769248195],[240057.9130235,9207252.644902216],[240054.9014765,9207253.699313581],[240052.16370650003,9207254.322017867],[240048.0570515,9207254.696823549],[240044.22417350003,9207254.748240486],[240041.21262650003,9207254.382754909],[240040.11751850002,9207254.507112103],[240038.88903196156,9207254.016894901],[240039.06384192908,9207252.6480099],[240038.46753856135,9207251.5529019],[240038.36613777533,9207251.0053479],[240038.90604244973,9207248.2675779],[240039.84374150002,9207245.7398036],[240043.0068671807,9207241.1493759],[240045.59305850003,9207238.21937139],[240049.6997135,9207234.901641414],[240052.11492847494,9207232.6622889],[240053.53259150003,9207231.854285296],[240054.9014765,9207230.732006308],[240056.40725000002,9207230.127536848]]}},{"type":"Feature","properties":{"fid":209,"ID":208,"ELEV":52.5},"geometry":{"type":"LineString","coordinates":[[240055.24492488804,9207226.5023064],[240055.24492488804,9207226.6391949],[240055.585919,9207226.674336897]]}},{"type":"Feature","properties":{"fid":210,"ID":209,"ELEV":52.5},"geometry":{"type":"LineString","coordinates":[[240052.31896893133,9207225.6809754],[240051.6161525,9207226.104855817],[240049.9734905,9207226.26201779],[240049.6997135,9207226.691135112],[240048.80795572692,9207226.9129719],[240050.5802192825,9207226.9129719],[240051.6161525,9207226.686662287],[240052.43748350002,9207226.789760128],[240053.2588145,9207226.608617961],[240054.9014765,9207226.67539158],[240055.07913441697,9207226.5023064]]}},{"type":"Feature","properties":{"fid":211,"ID":210,"ELEV":52.5},"geometry":{"type":"LineString","coordinates":[[240030.03882979992,9207224.9965329],[240027.19275840092,9207226.3654179],[240024.51222950002,9207227.399474813],[240020.53927628897,9207228.2818569],[240020.26312770878,9207228.5556339],[240020.26556444858,9207228.829410901],[240021.58446162968,9207229.9245189],[240022.59579050003,9207230.372236788],[240026.7024455,9207231.057093436],[240028.0713305,9207230.826765342],[240028.84365968403,9207230.1982959],[240029.29007972582,9207229.3769649],[240029.76267604483,9207226.0916409],[240030.086174213,9207225.5440869],[240030.03882979992,9207224.9965329]]}},{"type":"Feature","properties":{"fid":212,"ID":211,"ELEV":40.5},"geometry":{"type":"LineString","coordinates":[[239507.484365,9207651.798855478],[239511.7279085,9207646.312857086],[239514.4656785,9207643.640184632],[239517.7510025,9207641.381568335],[239524.0478735,9207638.277790233],[239525.9643125,9207637.14856069],[239527.3633176763,9207635.935809901],[239528.4283055,9207634.556419356],[239529.24963650003,9207633.076434838],[239530.0528556018,9207630.4602699],[239530.4558953284,9207628.2700539],[239530.7441059545,9207622.2469599],[239531.10987187873,9207619.7829669],[239532.80873750002,9207614.413696181],[239533.3742150792,9207611.569656901],[239533.44628722937,9207609.1056639],[239533.05195661046,9207604.7252319],[239533.14750506304,9207603.0825699],[239533.72004662745,9207600.8923539],[239535.986775586,9207595.9643679],[239536.4935294412,9207593.2265979],[239537.32897428182,9207585.8346189],[239538.3798034541,9207581.4541869],[239540.20071650003,9207575.974726198],[239543.70384581387,9207567.2177829],[239544.2044896292,9207565.0275669],[239544.71334921705,9207559.8258039],[239544.67211593772,9207555.992925901],[239544.43474044095,9207554.350263901],[239543.9472134085,9207552.4338249],[239541.7062503353,9207546.6845079],[239540.07242148428,9207541.756521901],[239536.28814937323,9207525.3299019],[239536.0435966748,9207522.0445779],[239536.58522713376,9207519.854361901],[239537.67529881382,9207517.9379229],[239538.8899452312,9207516.5690379],[239541.93858349658,9207513.8312679],[239544.37145216207,9207511.0934979],[239545.28398642797,9207509.4508359],[239546.1356414546,9207506.9868429],[239546.2626292634,9207504.5228499],[239546.04314337816,9207502.6064109],[239544.1794387561,9207493.5717699],[239543.30646451365,9207487.001121901],[239542.99093116322,9207477.4189269],[239543.0849549497,9207474.1336029],[239543.4220155162,9207471.1220559],[239544.52529936994,9207467.0154009],[239548.93350691837,9207457.4332059],[239553.0353839026,9207446.2083489],[239555.1708722984,9207441.0065859],[239558.85561155714,9207433.3408299],[239564.01931550002,9207424.83718273],[239567.6307638479,9207417.7355409],[239569.7632211918,9207412.8075549],[239570.7508276505,9207409.7960079],[239571.18277108652,9207407.058237901],[239571.08091402953,9207404.3204679],[239570.01571072364,9207400.2138129],[239568.36310315356,9207395.285826901],[239563.92739037593,9207383.7871929],[239562.07730609126,9207377.7640989],[239561.36559254257,9207373.9312209],[239560.93542244003,9207369.5507889],[239560.89268030107,9207366.8130189],[239561.42545156582,9207364.0752489],[239561.9624721751,9207362.7063639],[239563.0360179852,9207361.0637019],[239564.50082728703,9207359.147262901],[239565.6619775,9207358.06401981],[239569.26518136245,9207355.5881619],[239574.1490645,9207353.268624268],[239577.1606115,9207352.185879637],[239580.44593550003,9207351.427810553],[239585.37392150002,9207350.81093416],[239589.2067995,9207350.845408788],[239591.1232385,9207350.679623011],[239592.7659005,9207350.25476053],[239594.68233950002,9207349.435965793],[239596.8725555,9207348.045393502],[239599.29530332919,9207345.732189901],[239601.8005415,9207342.285152666],[239602.68855911822,9207340.5304269],[239603.52124911526,9207337.5188799],[239604.3484025905,9207332.5908939],[239605.5321842633,9207328.2104619],[239606.4712908574,9207323.5562529],[239608.3711895,9207310.80536579],[239610.700455957,9207301.6540929],[239611.12833487184,9207299.1900999],[239615.03244513975,9207285.7750269],[239617.70794722246,9207278.383047901],[239618.31161785597,9207276.1928319],[239619.0274774793,9207272.3599539],[239619.4360601886,9207264.4204209],[239618.77726039386,9207259.2186579],[239617.2477837169,9207250.4577939],[239617.0375128835,9207247.7200239],[239617.27571661034,9207238.9591599],[239617.77204358877,9207234.3049509],[239618.4468567823,9207231.5671809],[239620.6911545,9207227.257202992],[239623.3705149036,9207224.7227559],[239623.9764785,9207224.445606116],[239626.7142485,9207224.148192076],[239628.6306875,9207224.84837002],[239629.9995725,9207225.752872918],[239637.8062230769,9207232.6622889],[239649.43773950002,9207241.206404418],[239655.18705650003,9207246.938353425],[239657.35489308447,9207249.9102399],[239658.29952856232,9207251.8266789],[239658.72056678007,9207253.7431179],[239658.7148062734,9207255.9333339],[239658.93823309045,9207257.8497729],[239658.6256774515,9207259.2186579],[239658.31233765293,9207263.3253129],[239658.18615909092,9207268.253298901],[239658.59977459573,9207271.8123999],[239659.22690609796,9207274.5501699],[239660.51231274466,9207278.1092709],[239661.2101505,9207279.515001528],[239663.32952909442,9207283.3110339],[239664.76925150002,9207285.17860158],[239668.81836029724,9207293.4407829],[239670.5185685,9207296.20337436],[239672.1612305,9207299.425498946],[239674.53559412502,9207306.8558559],[239676.29955794217,9207317.5331589],[239680.7463995177,9207333.6860019],[239681.9667531448,9207339.9828729],[239682.0796741393,9207341.8993119],[239681.56141523956,9207346.2797439],[239680.17173769127,9207351.7552839],[239679.06093202552,9207354.2192769],[239677.9105475,9207356.018945273],[239676.2678855,9207357.733577417],[239674.00480018955,9207359.6948169],[239671.6136765,9207361.304931263],[239660.9234110682,9207367.634349901],[239649.97657709554,9207373.6574439],[239643.18853162674,9207377.7640989],[239641.8499313975,9207379.406760901],[239641.97282556392,9207381.5969769],[239642.25253958386,9207381.870753901],[239643.6884225,9207382.402142415],[239644.78353050002,9207382.601673746],[239649.43773950002,9207384.29658734],[239650.53284750003,9207384.850175275],[239651.9017325,9207385.888430648],[239652.83595238658,9207387.0725169],[239653.5443945,9207388.4796436],[239655.06493813975,9207392.821833901],[239655.8571303303,9207396.9284889],[239656.03421886286,9207400.2138129],[239655.691468281,9207404.8680219],[239654.93336352703,9207410.6173389],[239655.08736668227,9207415.2715479],[239655.87355923036,9207424.5799659],[239656.89883224928,9207432.7932759],[239657.75227754927,9207442.9230249],[239658.37966083502,9207445.9345719],[239659.2896768305,9207448.398564901],[239664.49547450003,9207458.635959286],[239668.6021295,9207465.589049954],[239675.08838284388,9207475.7762649],[239684.0778752366,9207492.2028849],[239686.67141150002,9207495.910917222],[239688.87812967214,9207498.2259789],[239689.95673550002,9207499.257981254],[239693.60514656248,9207501.7850799],[239697.62249150002,9207503.752528518],[239700.90781550002,9207504.812610116],[239706.3833555,9207505.761399928],[239711.58511850002,9207505.884626398],[239714.32288850003,9207505.600533262],[239716.51310450002,9207505.048935104],[239718.42704984566,9207504.2490729],[239722.53619850002,9207501.848573614],[239724.1249376609,9207500.6899719],[239727.46418450002,9207497.766732411],[239730.47573150002,9207494.623911055],[239732.3673802384,9207492.4766619],[239733.51617642248,9207490.5602229],[239735.06322866774,9207486.7273449],[239739.1581720324,9207474.1336029],[239742.32238485102,9207465.3727389],[239742.9560631372,9207462.634968901],[239743.52866044315,9207458.5283139],[239743.67206274022,9207456.0643209],[239743.28011370153,9207451.9576659],[239741.16483998473,9207444.0181329],[239740.60935848748,9207441.0065859],[239740.2205991718,9207437.447484901],[239740.12068039333,9207434.7097149],[239740.34514474808,9207428.139066901],[239740.8799174308,9207423.4848579],[239741.4725471857,9207420.1995339],[239744.80240453655,9207406.236906901],[239748.95413735547,9207390.3578409],[239750.28676378535,9207386.5249629],[239752.18813878097,9207382.4183079],[239752.9254455,9207381.343272265],[239754.84188450003,9207380.456017045],[239756.75832350002,9207381.601234302],[239760.3174245,9207385.93292286],[239766.90604677514,9207394.7382729],[239770.44717350003,9207398.915414553],[239772.9111665,9207401.287278634],[239776.47026750003,9207403.872610893],[239783.5884695,9207407.286539815],[239785.77868550003,9207408.532356076],[239787.86703759443,9207410.0697849],[239790.4328945,9207412.790779782],[239792.62311050002,9207415.735390313],[239794.62879655036,9207419.1044259],[239795.4365009385,9207421.2946419],[239797.48438068948,9207428.6866209],[239798.69813987942,9207431.6981679],[239801.32427789105,9207437.1737079],[239806.80685658508,9207447.0296799],[239814.3492967784,9207458.8020909],[239816.3622966752,9207462.3611919],[239817.59435823205,9207465.0989619],[239818.75625253154,9207468.6580629],[239819.5406837376,9207473.3122719],[239819.71955411846,9207476.3238189],[239819.63270610146,9207482.0731359],[239819.20931276347,9207485.358459901],[239815.74810813073,9207501.5113029],[239815.34219680063,9207504.5228499],[239815.50193428178,9207506.7130659],[239816.16793250002,9207509.984074762],[239818.23237024067,9207513.5574909],[239819.17947950002,9207514.201637847],[239821.3696955,9207514.468185632],[239826.57145850002,9207512.877707977],[239827.94034350003,9207512.631566314],[239829.85678250002,9207512.782109404],[239830.6781135,9207513.06634188],[239831.8642630441,9207513.8312679],[239833.4514381811,9207515.4739299],[239841.18364428738,9207526.1512329],[239844.09318650002,9207528.884161513],[239845.79946473238,9207529.984110901],[239854.77048950002,9207533.79279485],[239859.69847550002,9207535.621998234],[239867.09045450002,9207537.878299303],[239879.41041950003,9207540.866489017],[239883.2432975,9207542.098395424],[239888.71883750003,9207544.463251425],[239890.9090535,9207544.815828236],[239896.38459350003,9207545.090327995],[239900.87929850546,9207544.7680689],[239905.96678850002,9207543.327163998],[239908.70455850003,9207542.263967277],[239915.27520650002,9207540.290860835],[239926.50006350002,9207537.607741259],[239929.51161050002,9207537.150181886],[239932.79693450002,9207537.549534466],[239933.755154,9207537.86505664]]}},{"type":"Feature","properties":{"fid":213,"ID":212,"ELEV":50.0},"geometry":{"type":"LineString","coordinates":[[239894.74193150003,9207222.517115844],[239897.3477344241,9207223.0800939],[239897.58719366777,9207223.627647901],[239897.53541486742,9207224.7227559],[239897.2059245,9207224.89104205],[239896.8961122823,9207224.7227559],[239894.2429195213,9207222.5325399],[239894.74193150003,9207222.517115844]]}},{"type":"Feature","properties":{"fid":214,"ID":213,"ELEV":57.0},"geometry":{"type":"LineString","coordinates":[[239341.21250890498,9207233.3467314],[239341.21250890498,9207233.2098429],[239340.3435065,9207232.890834777],[239335.6892975,9207231.596175134],[239332.13019650002,9207230.289351929],[239311.18625600002,9207220.522275085]]}},{"type":"Feature","properties":{"fid":215,"ID":214,"ELEV":52.0},"geometry":{"type":"LineString","coordinates":[[240036.1956517485,9207219.9316584],[240035.46330950002,9207219.90884365],[240034.64761177162,9207219.3841044]]}},{"type":"Feature","properties":{"fid":216,"ID":215,"ELEV":52.0},"geometry":{"type":"LineString","coordinates":[[240034.50509000002,9207219.342544356],[240034.26171025692,9207219.1103274]]}},{"type":"Feature","properties":{"fid":217,"ID":216,"ELEV":52.0},"geometry":{"type":"LineString","coordinates":[[240032.0893744758,9207218.5627734],[240029.7139925,9207221.174539976],[240026.86385661722,9207223.3538709],[240024.23845250002,9207224.674528943],[240021.67830725605,9207225.5440869],[240015.43515166678,9207227.1867489],[240014.13733377453,9207228.5556339],[240012.95880919095,9207231.293403901],[240009.7282715,9207234.708970541],[240008.35938650003,9207236.493681505],[240004.8002855,9207242.300192488],[240000.667455438,9207248.2675779],[239999.69450362268,9207250.4577939],[239999.60448365615,9207252.1004559],[239999.9610959365,9207253.4693409],[239999.94886322148,9207253.7431179],[239999.5882832261,9207254.016894901],[240000.1191309457,9207256.2071109],[240003.4592077428,9207260.3137659],[240008.06613374606,9207262.7777589],[240011.64471050003,9207263.067030078],[240014.3824805,9207262.413501898],[240017.3940275,9207261.282159546],[240021.22690550002,9207258.72246018],[240026.29799671762,9207254.5644489],[240028.3451075,9207252.35662509],[240030.77623984436,9207249.3626859],[240035.64286886816,9207241.6969299],[240037.4523919293,9207239.2329369],[240040.3912955,9207236.228061361],[240043.9503965,9207233.256043868],[240045.59305850003,9207232.554474233],[240048.51127531382,9207230.7458499],[240056.13347300002,9207228.20110818]]}},{"type":"Feature","properties":{"fid":218,"ID":217,"ELEV":50.0},"geometry":{"type":"LineString","coordinates":[[239788.04622093847,9207218.4258849],[239784.63449188258,9207218.4258849],[239782.76713850003,9207219.574286731],[239781.63567681212,9207220.6161009],[239780.95691053956,9207222.5325399],[239780.90492525313,9207223.0800939],[239781.3740967059,9207225.2703099],[239782.3301270303,9207226.9129719],[239784.62277837773,9207229.650741901],[239787.96890150002,9207232.19346312],[239792.07555650003,9207234.608389718],[239795.36088050003,9207236.211334946],[239798.37242750003,9207237.105468549],[239800.56264350002,9207237.4308657],[239803.02663650003,9207237.28002132],[239806.03818350003,9207236.46580138],[239808.04077372016,9207235.6738359],[239809.1773715371,9207234.0311739],[239809.6336802607,9207231.293403901],[239809.32350750003,9207230.387063041],[239807.8826635453,9207228.2818569],[239804.11758736553,9207225.2703099],[239801.93152850002,9207224.149194704],[239796.53782104643,9207220.8898779],[239794.8133265,9207220.156006126],[239791.25422550002,9207219.104602287],[239788.04622093847,9207218.4258849]]}},{"type":"Feature","properties":{"fid":219,"ID":218,"ELEV":51.5},"geometry":{"type":"LineString","coordinates":[[240029.57710400003,9207217.373945536],[240026.7024455,9207220.330036718],[240025.0597835,9207221.37973747],[240022.86956750002,9207222.393969508],[240019.31046650003,9207223.58168324],[240011.91848750002,9207224.957857452],[240006.71672450003,9207226.262362543],[240005.0013023253,9207226.9129719],[240000.1460765,9207229.348324867],[239991.35096859137,9207232.936065901],[239987.00338535343,9207235.400058901],[239988.1310170996,9207235.9476129],[239988.33148396027,9207236.7689439],[239988.2563879766,9207237.5902749],[239987.55150612784,9207238.4116059],[239984.5407875,9207240.26147521],[239983.99323350002,9207240.199198382],[239982.8981255,9207239.515044669],[239982.62434850002,9207239.74319421],[239981.96115042307,9207242.7920379],[239982.0761206251,9207245.2560309],[239982.3824886665,9207246.6249159],[239983.44567950003,9207248.692364797],[239988.90036610715,9207257.0284419],[239990.05771664187,9207259.4924349],[239990.82904916038,9207261.4088739],[239990.6303088975,9207263.8728669],[239990.43318393722,9207264.146643901],[239988.64744250002,9207264.777770108],[239987.8261115,9207264.832845232],[239979.8865785,9207263.641085193],[239964.5550665,9207259.324797427],[239956.06797950002,9207255.85911754],[239950.86621650003,9207254.226288915],[239945.11689950002,9207253.112704484],[239943.20046050003,9207253.144829303],[239941.2840215,9207253.631884161],[239937.45114350002,9207255.64597731],[239935.75101577633,9207257.5759959],[239935.1613159814,9207259.2186579],[239934.86090795195,9207261.4088739],[239934.973826312,9207262.5039819],[239936.7731567618,9207267.9795219],[239939.4664597821,9207274.2763929],[239940.9923057256,9207278.383047901],[239942.6364825947,9207281.6683719],[239945.11689950002,9207284.350779392],[239948.12844650002,9207285.901358446],[239955.79420250002,9207287.554220362],[239971.41889670157,9207291.5243439],[239986.73100350003,9207294.158556955],[239997.95586050002,9207295.738617994],[240006.1691705,9207296.583325777],[240006.29924013218,9207296.4523299],[240006.2491492589,9207295.3572219],[240007.1476080474,9207294.8096679],[240008.90694050002,9207294.493792025],[240011.0971565,9207294.696583698],[240012.4660415,9207295.134112317],[240013.56114950002,9207295.739926754],[240016.66757659861,9207298.3687689],[240017.94158150002,9207299.2168771],[240022.86956750002,9207301.538358461],[240027.22421842933,9207303.2967549],[240029.9877695,9207305.083846182],[240031.039943516,9207306.3083019],[240031.77925932515,9207307.6771869],[240031.63869933304,9207307.9509639],[240033.27309350003,9207309.058616856],[240036.0108635,9207311.43084537],[240039.56996450003,9207315.243514596],[240042.41646266592,9207319.9971519],[240043.2229869424,9207324.1038069],[240042.60752351585,9207327.3891309],[240042.19239953702,9207328.4842389],[240040.59198909547,9207332.0433399],[240036.5687834882,9207338.3402109],[240035.46587376832,9207341.6255349],[240035.91417588244,9207346.2797439],[240037.1064056991,9207349.838844901],[240039.25123145955,9207354.6299424]]}},{"type":"Feature","properties":{"fid":220,"ID":219,"ELEV":51.0},"geometry":{"type":"LineString","coordinates":[[240026.38123504305,9207216.098780401],[240023.96467550003,9207218.458276726],[240021.7744595,9207219.760223651],[240017.66780450003,9207220.967511766],[240014.65625750003,9207221.317023896],[240009.4544945,9207221.48564199],[240004.8002855,9207222.480642006],[239998.6145391434,9207224.4489789],[239989.74255050003,9207227.648469873],[239982.39236529893,9207231.0196269],[239979.1693147807,9207233.4836199],[239976.68602112628,9207235.6738359],[239975.10876030146,9207237.5902749],[239973.61456687268,9207241.6969299],[239973.23664905984,9207244.4346999],[239973.35439085492,9207247.7200239],[239973.1058810712,9207249.3626859],[239971.9470455,9207251.736996049],[239969.5905099725,9207252.6480099],[239966.47150550003,9207252.2566967],[239961.81729650003,9207251.16942701],[239958.2581955,9207250.024334697],[239954.9728715,9207248.51984431],[239951.21075396828,9207246.351138901],[239945.3906765,9207242.487770408],[239942.92668350003,9207240.436750473],[239940.7364675,9207239.153895952],[239938.27247450003,9207236.90229726],[239934.6746970667,9207234.3049509],[239931.9756035,9207232.87538337],[239928.6902795,9207232.61863998],[239928.26996086026,9207235.400058901],[239928.65415422348,9207236.4951669],[239929.1221581848,9207239.5067139],[239929.50315147548,9207244.1609229],[239928.81259026367,9207246.6249159],[239928.34880392853,9207247.4462469],[239927.39893454572,9207248.2675779],[239926.22628650002,9207248.78587449],[239921.84585450002,9207250.167886864],[239919.65563850003,9207250.620717738],[239918.28675350003,9207251.24645401],[239916.0965375,9207251.662441872],[239912.57703946228,9207253.195563901],[239912.27230748505,9207253.7431179],[239913.20337717535,9207257.302218901],[239915.32273175466,9207260.0399889],[239920.59161099035,9207265.2417519],[239923.7622935,9207268.754684772],[239926.50946667307,9207272.6337309],[239928.95825666835,9207277.8354939],[239929.76782283618,9207281.9421489],[239930.15279149803,9207286.870134901],[239929.95455347956,9207292.619451901],[239929.64019101765,9207295.6309989],[239929.5731515746,9207300.285207901],[239929.9548406432,9207301.6540929],[239931.2253915828,9207304.1180859],[239934.16581950002,9207304.243612114],[239935.80848150002,9207303.375181349],[239938.54625150003,9207302.453066936],[239944.84312250002,9207299.410300188],[239949.77110850002,9207296.008923415],[239951.6875475,9207295.122225152],[239954.9728715,9207294.936233053],[239957.43686450002,9207295.058209293],[239963.73373550002,9207297.054279787],[239970.5781605,9207297.950385474],[239973.5897075,9207298.0196241],[239982.8981255,9207297.638243841],[239985.9096725,9207297.713038612],[239992.4803205,9207298.086396521],[240001.7887385,9207298.911012301],[240005.89539350002,9207299.403895576],[240011.37093350003,9207300.621341918],[240013.01359550003,9207301.188357314],[240013.56114950002,9207300.95485842],[240015.7513655,9207301.525546573],[240017.3940275,9207302.585195027],[240019.85802050002,9207303.674374485],[240021.06091955665,9207305.2131939],[240021.1431004011,9207305.7607479],[240020.92905812262,9207306.0345249],[240021.22690550002,9207305.85371374],[240021.47924404586,9207306.0345249],[240021.3240400279,9207306.3083019],[240024.23845250002,9207307.897348031],[240026.00288462688,9207308.4985179],[240029.4402155,9207310.076468095],[240032.45176250002,9207311.970320523],[240034.91575550003,9207313.952710917],[240037.74065907244,9207316.9856049],[240039.73209231405,9207319.9971519],[240040.4997394039,9207323.008698901],[240040.2325716676,9207326.294022901],[240038.7486335,9207329.928386826],[240035.36705748783,9207334.5073329],[240033.22412006598,9207337.7926569],[240031.9215283283,9207341.6255349],[240032.03532254716,9207343.5419739],[240032.52679185028,9207347.1010749],[240034.11671338667,9207351.4815069],[240036.28464050003,9207355.7369324],[240038.67589941662,9207358.8734859],[240038.88552200003,9207358.934563352]]}},{"type":"Feature","properties":{"fid":221,"ID":220,"ELEV":56.5},"geometry":{"type":"LineString","coordinates":[[239357.62069804408,9207237.4533864],[239357.81651863753,9207235.1262819],[239357.70250956313,9207233.4836199],[239356.49634950003,9207231.546532914],[239353.66701771633,9207229.1031879],[239349.6519245,9207226.88339599],[239346.6403775,9207225.813230442],[239338.9746215,9207224.736515922],[239334.5941895,9207223.725155048],[239332.6777505,9207223.1539873],[239331.3088655,9207222.356463147],[239328.2973185,9207221.849554006],[239323.6431095,9207220.319742586],[239318.9889005,9207218.30719545],[239315.7035765,9207217.225571118],[239313.7871375,9207216.41265254],[239312.28136400002,9207215.10356902]]}},{"type":"Feature","properties":{"fid":222,"ID":221,"ELEV":50.5},"geometry":{"type":"LineString","coordinates":[[240022.47347543866,9207214.456118401],[240020.4055745,9207215.843235906],[240016.29891950003,9207217.366700854],[240014.3824805,9207217.508876862],[240008.35938650003,9207217.019238919],[240006.4429475,9207217.148486705],[240002.88384650002,9207217.67426521],[240001.24118450002,9207218.32529951],[239995.4918675,9207218.733491588],[239992.2065435,9207219.92940999],[239986.45722650003,9207221.404704258],[239979.06524750002,9207220.547936015],[239977.14880850003,9207219.632328881],[239975.2323695,9207219.86412674],[239973.31593050002,9207218.960158672],[239970.79885828574,9207220.6161009],[239970.3242044593,9207221.4374319],[239968.92429853184,9207222.806316901],[239967.38256601957,9207225.2703099],[239966.74528250002,9207227.136072345],[239965.3414472447,9207227.7343029],[239964.1615525142,9207229.1031879],[239963.18618150003,9207229.876027033],[239962.36485050002,9207231.271985972],[239959.9008575,9207233.375904359],[239958.1235302471,9207232.3885119],[239957.95590006252,9207231.0196269],[239957.3222993554,9207230.1982959],[239957.3831827353,9207227.4605259],[239954.6990945,9207224.354082767],[239948.9497775,9207223.340342699],[239930.88049550002,9207221.084245551],[239923.21473950002,9207219.735773385],[239920.20319250002,9207219.651783686],[239916.3703145,9207219.315018263],[239912.53743650002,9207218.697232954],[239910.34722050003,9207218.672552085],[239907.60945050002,9207216.80920955],[239906.5143425,9207216.52468961],[239903.7765725,9207215.173006559],[239903.5027955,9207215.204806525],[239902.70933997637,9207215.4143379],[239903.3637195471,9207216.5094459],[239904.49969041444,9207219.520992901],[239908.97833550003,9207224.298782522],[239916.38309566135,9207233.757396901],[239917.3541020866,9207235.400058901],[239918.70560342382,9207238.1378289],[239919.16185807905,9207239.7804909],[239919.16326436048,9207241.1493759],[239918.28675350003,9207242.077387601],[239915.27520650002,9207242.674309742],[239913.90632150002,9207242.706507863],[239912.53743650002,9207242.420224577],[239905.41356456216,9207239.7804909],[239893.64682350002,9207234.47284588],[239890.9090535,9207233.58145004],[239885.1597365,9207232.215340426],[239881.6006355,9207230.75081002],[239879.68419650002,9207230.252056383],[239877.4939805,9207230.012253283],[239875.02998750002,9207230.119845182],[239872.8397715,9207231.002370087],[239871.56467408693,9207231.0196269],[239870.67758311576,9207231.8409579],[239870.7905059733,9207233.4836199],[239870.66284003799,9207234.3049509],[239871.99072199877,9207236.2213899],[239873.06033934886,9207238.4116059],[239878.8628655,9207245.680715641],[239887.0268122826,9207252.9217869],[239890.1538270288,9207255.3857799],[239894.1943775,9207257.756850867],[239903.5027955,9207261.984714588],[239905.60175250002,9207263.3253129],[239911.65858538577,9207267.9795219],[239917.7391995,9207273.853692539],[239918.98476252885,9207275.3715009],[239922.25602250197,9207281.6683719],[239923.21473950002,9207284.14504955],[239923.6601869817,9207286.3225809],[239923.7560810329,9207287.9652429],[239923.3179818653,9207292.619451901],[239922.48888678264,9207296.4523299],[239920.81575695108,9207301.106538901],[239916.36904214782,9207308.7722949],[239913.9361982762,9207311.236287901],[239910.89477450002,9207313.56228335],[239909.30437392325,9207314.521611901],[239906.94372022705,9207316.7118279],[239905.2532556196,9207319.1758209],[239903.75029784,9207322.4611449],[239903.46354580854,9207326.294022901],[239904.62777008183,9207329.5793469],[239906.5143425,9207331.845131263],[239908.1570045,9207333.154081134],[239910.89477450002,9207334.580724038],[239913.90632150002,9207335.618093738],[239917.7391995,9207336.102879098],[239919.92941550002,9207336.02634526],[239921.57207750002,9207335.6376408],[239926.7738405,9207333.537105637],[239930.8609508221,9207330.6744549],[239935.80848150002,9207326.004277326],[239937.9986975,9207324.316850837],[239940.46269050002,9207323.143656371],[239943.20046050003,9207323.215772893],[239947.58089250003,9207325.10486743],[239949.49733150002,9207325.158725578],[239951.41377050002,9207324.534970678],[239954.6990945,9207322.328622859],[239960.7786436242,9207315.0691659],[239962.36485050002,9207313.470377192],[239965.08585864288,9207311.236287901],[239966.709698752,9207310.1411799],[239970.28073202324,9207308.2247409],[239981.5292405,9207302.748338824],[239985.08834150003,9207301.860790836],[239987.8261115,9207301.450066281],[239992.75409750003,9207301.242379816],[239999.59852250002,9207301.465835867],[240004.8002855,9207302.09793549],[240006.5098528266,9207302.4754239],[240011.0971565,9207303.80637311],[240014.65625750003,9207305.432889337],[240021.22690550002,9207309.332195707],[240028.3451075,9207312.716937741],[240031.3566545,9207314.499240255],[240034.09942251252,9207316.7118279],[240036.40201477447,9207319.1758209],[240037.83476314048,9207321.366036901],[240038.20107950002,9207323.450344428],[240038.03137432807,9207325.1989149],[240037.58067801435,9207326.5677999],[240035.46330950002,9207329.639459869],[240031.8373458303,9207333.4122249],[240029.62045308077,9207336.1499949],[240028.54476447875,9207338.066433901],[240027.71487276943,9207341.0779809],[240027.81796699337,9207343.8157509],[240028.6631482337,9207347.374851901],[240030.31993726463,9207351.7552839],[240031.86148223406,9207355.0406079],[240033.58683579855,9207358.0521549],[240034.8073592738,9207359.6948169],[240038.61174500003,9207362.250149934]]}},{"type":"Feature","properties":{"fid":223,"ID":222,"ELEV":50.5},"geometry":{"type":"LineString","coordinates":[[239975.85143241793,9207208.8436899],[239975.5061465,9207208.70313006],[239974.41103850002,9207208.816529484],[239973.3532637273,9207209.391243901],[239973.04750855136,9207211.033905901],[239972.04061485446,9207211.855236901],[239971.76551944567,9207212.6765679],[239971.12571450003,9207212.940052532],[239970.36964429653,9207214.0454529],[239970.43801275,9207215.6881149],[239972.49459950003,9207216.382044721],[239972.76837650003,9207216.226440461],[239974.5662900915,9207213.2241219],[239974.41103850002,9207211.67494473],[239975.81936594917,9207211.3076829],[239976.97033362027,9207209.9387979],[239977.06912713434,9207209.6650209],[239975.85143241793,9207208.8436899]]}},{"type":"Feature","properties":{"fid":224,"ID":223,"ELEV":50.0},"geometry":{"type":"LineString","coordinates":[[240024.375341,9207206.88865161],[240024.2091379039,9207207.0641394]]}},{"type":"Feature","properties":{"fid":225,"ID":224,"ELEV":41.0},"geometry":{"type":"LineString","coordinates":[[239504.94592993823,9207650.5828794],[239510.3590235,9207643.253210679],[239512.27546250002,9207641.153192846],[239515.56078650002,9207638.316353962],[239521.85765750002,9207633.913318025],[239523.50031950002,9207632.405836862],[239525.6905355,9207629.340631243],[239526.93797627423,9207626.9011689],[239527.1749614621,9207626.0798379],[239528.01691584996,9207619.2354129],[239530.1754654817,9207612.9385419],[239530.44650453562,9207611.569656901],[239530.20824391933,9207608.2843329],[239529.1132381864,9207603.3563469],[239529.01602417993,9207601.439907901],[239529.35149505662,9207599.2496919],[239531.19143704817,9207593.2265979],[239532.38830479776,9207585.8346189],[239533.77631284395,9207578.9901939],[239537.1546377011,9207566.3964519],[239538.0163071638,9207560.6471349],[239537.99943222653,9207555.992925901],[239536.98147215595,9207549.4222779],[239534.68029202128,9207538.4711979],[239532.7480351151,9207532.1743269],[239530.4848278842,9207525.8774559],[239530.03709419706,9207523.1396859],[239529.88471424792,9207519.854361901],[239530.3447445,9207516.85119397],[239531.32152852556,9207514.3788219],[239532.6758156554,9207512.1886059],[239536.74824243973,9207507.260619901],[239537.69072075258,9207505.3441809],[239538.2054819198,9207503.1539649],[239538.19346694718,9207499.0473099],[239537.53258728082,9207492.4766619],[239537.33740858294,9207486.4535679],[239537.79188817224,9207474.407379901],[239538.31426720673,9207469.4793939],[239538.95786089232,9207466.4678469],[239540.60902742547,9207461.813637901],[239544.77873413792,9207452.7789969],[239550.54827748146,9207439.3639239],[239553.90314014163,9207432.2457219],[239561.0198129796,9207420.4733109],[239563.32023768823,9207414.9977709],[239564.0252003441,9207412.8075549],[239564.5412969231,9207410.3435619],[239564.86458824849,9207407.058237901],[239564.84979527193,9207402.951582901],[239564.2993210907,9207398.8449279],[239563.12876408937,9207395.0120499],[239561.13955040183,9207389.5365099],[239554.19378424023,9207371.741004901],[239553.1968405997,9207367.3605729],[239553.00503896904,9207365.4441339],[239553.3544724971,9207363.5276949],[239554.7512278609,9207361.3374789],[239558.00863065582,9207358.5997089],[239561.2815455,9207356.406355388],[239562.58041743882,9207355.3143849],[239564.8406465,9207353.96825088],[239571.67426692275,9207350.6601759],[239578.5294965,9207348.125877054],[239584.00503650002,9207346.671158934],[239590.5756845,9207345.356860043],[239593.31345450002,9207344.453311296],[239596.8725555,9207342.42153978],[239598.60137770436,9207341.0779809],[239599.61032550002,9207339.94563877],[239600.4316565,9207338.242792895],[239604.2651366828,9207323.5562529],[239606.4547505,9207309.211343626],[239609.5093473075,9207294.5358909],[239610.62528593442,9207287.9652429],[239611.3827365,9207284.302494802],[239614.01965340835,9207275.919054901],[239614.64806133247,9207271.2648459],[239615.2558152802,9207264.4204209],[239614.61126531794,9207259.7662119],[239613.3774726364,9207254.838225901],[239612.58216921586,9207250.4577939],[239611.46971797742,9207234.578727901],[239611.43760418738,9207231.293403901],[239611.69528951964,9207227.7343029],[239613.0589645611,9207223.0800939],[239615.77283997013,9207216.7832229],[239620.23920516667,9207209.6650209],[239622.88137050002,9207206.48671773],[239623.9764785,9207206.492307063],[239625.0715865,9207207.318159856],[239628.90446450002,9207208.75311825],[239632.46356550002,9207210.79815555],[239634.3578137921,9207212.9503449],[239635.27640585817,9207214.3192299],[239637.83537351462,9207220.6161009],[239639.61521756693,9207223.9014249],[239641.73886036783,9207226.9129719],[239645.42098441822,9207230.7458499],[239655.48307566767,9207238.6853829],[239657.9248265,9207240.923780747],[239660.20299892174,9207243.6133689],[239662.3052585,9207247.169624971],[239663.58058396736,9207250.1840169],[239664.00227139404,9207251.8266789],[239664.37201881976,9207254.5644489],[239664.6388904319,9207260.0399889],[239664.5675713858,9207267.1581909],[239665.54128349476,9207274.5501699],[239666.28556695188,9207277.8354939],[239668.1839034018,9207283.0372569],[239675.28837541936,9207300.0114309],[239676.72699713582,9207304.1180859],[239677.63677050002,9207307.524190938],[239679.5532095,9207317.984618986],[239684.51687396292,9207333.959778901],[239685.43361899213,9207339.1615419],[239685.595743287,9207343.5419739],[239684.8582032579,9207347.9224059],[239683.9336415,9207351.394679971],[239683.1368714388,9207353.6717229],[239681.8491416748,9207356.1357159],[239680.65810314167,9207357.7783779],[239679.00565550002,9207359.464606583],[239676.2678855,9207361.674939236],[239672.70878450002,9207364.031049011],[239665.04302850002,9207368.400089042],[239659.33230254927,9207372.2885589],[239657.10349550002,9207374.04267411],[239654.18538938882,9207376.6689909],[239652.8131573044,9207379.406760901],[239653.28975404426,9207381.049422901],[239655.05852798218,9207383.7871929],[239655.7533084466,9207385.4298549],[239658.1417946315,9207392.821833901],[239658.69799348945,9207395.5596039],[239659.11023457616,9207399.3924819],[239659.1036835369,9207401.0351439],[239658.84166510255,9207404.594244901],[239657.98113031936,9207410.8911159],[239657.93494005152,9207412.5337779],[239658.55626427673,9207422.9373039],[239660.7316575786,9207440.732808901],[239662.03148150002,9207445.868150234],[239664.4413396773,9207451.1363349],[239667.25127569365,9207456.0643209],[239669.9710145,9207460.236745447],[239681.26164593885,9207475.228710901],[239684.69479543282,9207480.7042509],[239689.1354045,9207486.187876504],[239692.1469515,9207489.112484228],[239697.34871450003,9207493.171634285],[239701.7291465,9207495.015921846],[239708.29979450002,9207496.407173883],[239710.21623350002,9207496.536895538],[239713.7753345,9207496.325222824],[239717.88198950002,9207494.61672351],[239720.61975950003,9207492.917466331],[239723.32252959945,9207490.8339999],[239727.19040750002,9207486.062283037],[239728.59069296322,9207482.6206899],[239729.71219277615,9207478.7878119],[239731.52266150984,9207470.8482789],[239735.6774945,9207455.623750528],[239736.16769063243,9207452.2314429],[239735.99664092052,9207449.7674499],[239734.4889040458,9207441.0065859],[239734.09624578932,9207437.1737079],[239733.9406281037,9207433.0670529],[239734.06001687841,9207428.139066901],[239734.43891385096,9207424.0324119],[239735.3376730484,9207418.830648901],[239736.9979873247,9207413.0813319],[239743.0694735,9207396.013832381],[239745.26786485303,9207388.7151789],[239748.04281203795,9207380.7756459],[239749.4154322774,9207377.7640989],[239751.83033750003,9207373.706865543],[239754.0205535,9207370.844015952],[239755.38943850002,9207370.142365312],[239756.75832350002,9207370.804666776],[239758.4540197494,9207372.562335901],[239760.3174245,9207376.002972491],[239764.149649186,9207384.0609699],[239767.28486668435,9207388.7151789],[239771.9516507951,9207394.1907189],[239774.61462646213,9207396.6547119],[239776.74404450002,9207398.339154087],[239778.9342605,9207399.727583604],[239786.8737935,9207403.788243461],[239790.70667150003,9207406.290631142],[239793.71821850003,9207409.484136153],[239795.1907160374,9207411.4386699],[239797.9878879069,9207416.0928789],[239798.80890391424,9207418.009317901],[239801.91452534933,9207427.0439589],[239803.56631638276,9207431.1506139],[239807.79416270816,9207440.1852549],[239811.887658447,9207447.5772339],[239818.03638266702,9207457.1594289],[239819.8750333636,9207460.4447529],[239820.99200265267,9207462.9087459],[239821.76466602544,9207465.3727389],[239822.5106464436,9207470.8482789],[239822.53936209608,9207477.6927039],[239822.20296012127,9207481.7993589],[239821.32200897112,9207487.001121901],[239819.9159582302,9207492.7504389],[239819.69212385596,9207497.130870901],[239819.72642332703,9207500.4161949],[239820.14800470628,9207503.1539649],[239820.36439534381,9207503.7015189],[239822.0301266445,9207505.8917349],[239824.92879650003,9207506.92242036],[239831.22566750002,9207506.42577339],[239832.59455250003,9207506.69117071],[239834.23721450003,9207507.53289626],[239835.87987650002,9207508.94807371],[239841.90297050003,9207516.731983954],[239846.32099835866,9207521.7708009],[239848.76594142034,9207523.9610169],[239851.0090277864,9207525.6036789],[239859.15092150003,9207530.367010742],[239862.43624550002,9207531.518342702],[239865.17401550003,9207532.173290147],[239876.12509550003,9207533.642767172],[239881.8744125,9207534.746998973],[239890.36149950002,9207537.261375314],[239899.1223635,9207540.645673491],[239901.31257950002,9207540.904532287],[239904.32412650003,9207540.707251687],[239908.97833550003,9207539.027765658],[239910.89477450002,9207538.080057746],[239918.471273672,9207535.7334279],[239927.59517150003,9207531.83332706],[239931.4280495,9207530.559617512],[239932.79693450002,9207530.476362515],[239934.16581950002,9207531.03436982],[239935.24300931193,9207531.9005499],[239936.21914700003,9207533.31050145]]}},{"type":"Feature","properties":{"fid":226,"ID":225,"ELEV":50.0},"geometry":{"type":"LineString","coordinates":[[240024.64911800003,9207206.604286846],[240024.44996394264,9207206.790362401]]}},{"type":"Feature","properties":{"fid":227,"ID":226,"ELEV":49.5},"geometry":{"type":"LineString","coordinates":[[239933.89204250003,9207202.317374438],[239934.57636266891,9207204.1894809],[239934.44808570933,9207206.105919901],[239933.47162148904,9207208.2961359],[239931.4280495,9207210.243408175],[239929.51161050002,9207211.344540546],[239925.4049555,9207212.17811904],[239922.6671855,9207212.353592448],[239920.4769695,9207211.789291454],[239920.30191243376,9207211.3076829],[239920.34020399058,9207210.212574901],[239922.1196315,9207208.687791072],[239925.6787325,9207206.803719064],[239927.0476175,9207205.570752563],[239928.96405650003,9207204.212560939],[239930.3329415,9207203.690885326],[239931.9756035,9207202.687040813],[239933.89204250003,9207202.317374438]]}},{"type":"Feature","properties":{"fid":228,"ID":227,"ELEV":49.5},"geometry":{"type":"LineString","coordinates":[[240018.21535850002,9207198.41388809],[240018.90983228807,9207199.8090489],[240018.7629125,9207200.144218318],[240018.21535850002,9207200.429237615],[240018.02939676418,9207199.8090489],[240018.21535850002,9207198.41388809]]}},{"type":"Feature","properties":{"fid":229,"ID":228,"ELEV":41.5},"geometry":{"type":"LineString","coordinates":[[239501.99486172383,9207649.2139944],[239509.8114695,9207638.681286281],[239512.8230165,9207635.395776521],[239517.9238599147,9207630.4602699],[239521.1903606303,9207626.6273919],[239523.6372291607,9207621.9731829],[239524.86450940324,9207617.8665279],[239526.7856435,9207613.63609355],[239527.38670813394,9207611.8434339],[239527.33745207574,9207610.2007719],[239527.00121462208,9207608.2843329],[239525.61431695882,9207604.4514549],[239524.996274642,9207601.7136849],[239524.73303849978,9207598.975914901],[239524.7441807006,9207596.5119219],[239526.7615425092,9207582.5492949],[239527.73330869828,9207577.073754901],[239531.24345071247,9207562.0160199],[239531.80911937548,9207557.9093649],[239531.90163008467,9207555.171594901],[239531.6537991669,9207549.9698319],[239531.14912682897,9207545.3156229],[239530.45441309657,9207541.2089679],[239528.36592342675,9207534.3645429],[239525.6856430736,9207527.5201179],[239524.7630042398,9207523.9610169],[239524.50612516812,9207519.3068079],[239524.9914466889,9207512.7361599],[239525.83094135407,9207508.6295049],[239529.30230138547,9207496.0357629],[239530.51967903355,9207488.0962299],[239530.91249920247,9207480.4304739],[239531.4968936651,9207474.6811569],[239532.69445607348,9207468.1105089],[239534.3754600724,9207462.3611919],[239535.3265620581,9207459.8971989],[239540.51305896032,9207449.4936729],[239549.53682253166,9207430.3292829],[239556.07978250002,9207419.064130956],[239557.73216128562,9207414.1764399],[239558.3846028256,9207410.3435619],[239558.55844819816,9207407.3320149],[239558.5053410377,9207401.8564749],[239557.500212203,9207395.5596039],[239556.5132699951,9207392.000502901],[239554.9846745,9207387.536241645],[239544.95210712604,9207363.2539179],[239544.95545184903,9207360.789924901],[239545.5804417057,9207359.147262901],[239547.3189185,9207357.649688689],[239555.80600550002,9207354.346037054],[239565.38820050002,9207349.943217278],[239577.70816550002,9207344.722538648],[239593.03967750003,9207338.708008938],[239594.68233950002,9207337.780687066],[239596.32644018802,9207336.423771901],[239597.69388650003,9207334.674474385],[239599.19250689322,9207331.7695629],[239601.81443849544,9207325.1989149],[239602.89564950002,9207320.343474448],[239605.13150252344,9207305.2131939],[239607.27756911147,9207292.619451901],[239608.42931116043,9207282.7634799],[239609.45614562285,9207276.740385901],[239610.10091441448,9207270.4435149],[239610.09791665993,9207264.967974901],[239609.75149158342,9207261.1350969],[239607.8736200458,9207252.374232901],[239607.1001981834,9207244.9822539],[239605.33423856314,9207234.578727901],[239605.20249350596,9207231.293403901],[239605.63341950002,9207225.397635331],[239606.1809735,9207222.95941486],[239607.4541094924,9207219.520992901],[239611.1089595,9207211.391610935],[239616.8678169995,9207199.5352719],[239617.4058305,9207198.638255447],[239619.0484925,9207197.49455102],[239621.51248550002,9207196.708235966],[239624.25025550002,9207196.694951072],[239626.7142485,9207197.21508578],[239628.6306875,9207198.346825326],[239630.89920644165,9207200.3566029],[239633.82136905,9207203.6419269],[239634.9136655081,9207205.2845889],[239639.8689519885,9207209.6650209],[239643.72744385197,9207214.3192299],[239645.02992433432,9207216.7832229],[239647.04914140777,9207221.984985901],[239648.60002084367,9207224.9965329],[239649.92764310166,9207226.9129719],[239651.08040150002,9207228.08910488],[239655.18933228555,9207231.0196269],[239660.38881950002,9207235.293378511],[239662.7618190635,9207237.5902749],[239664.03259480465,9207239.2329369],[239664.99914365736,9207240.8755989],[239666.41191350002,9207244.419734927],[239667.2332445,9207247.31162793],[239667.95436695046,9207251.5529019],[239668.67429390404,9207263.5990899],[239668.72414125912,9207268.5270759],[239669.97026767573,9207278.383047901],[239670.9619719223,9207282.2159259],[239672.68008602882,9207287.1439119],[239676.08185135896,9207295.6309989],[239679.32544618053,9207304.6656399],[239682.20121404104,9207316.9856049],[239682.93108775772,9207319.1758209],[239687.84178598106,9207329.8531239],[239688.7094423578,9207332.5908939],[239689.36034081233,9207338.066433901],[239689.2384268033,9207341.3517579],[239688.7213642887,9207345.732189901],[239687.97966488352,9207349.5650679],[239686.67141150002,9207353.32181932],[239685.6789018132,9207355.5881619],[239684.42289677786,9207357.7783779],[239682.7149311435,9207359.968593901],[239680.64831750002,9207362.033104762],[239678.73187850002,9207363.541887354],[239674.35144650002,9207366.528972242],[239668.32835250002,9207370.17367236],[239666.23659045892,9207371.741004901],[239663.84289259827,9207373.9312209],[239661.95508468003,9207376.1214369],[239660.44293944084,9207379.406760901],[239660.0974323761,9207382.9658619],[239660.2862798066,9207386.5249629],[239661.48392750003,9207390.727041679],[239662.05772068616,9207393.643164901],[239662.4453655047,9207396.1071579],[239662.70596401754,9207399.9400359],[239662.55615910134,9207403.772913901],[239661.93087489397,9207409.2484539],[239661.69643774847,9207413.3551089],[239662.096672009,9207425.1275199],[239664.0799345906,9207440.1852549],[239664.52161596698,9207442.3754709],[239665.57949487006,9207445.3870179],[239668.10884080338,9207450.5887809],[239671.8874535,9207455.875361498],[239675.04905287773,9207459.6234219],[239682.01720250002,9207466.76039193],[239694.61094450002,9207478.436123798],[239696.8011605,9207479.84771705],[239700.90781550002,9207481.675938139],[239703.0980315,9207482.485382099],[239704.4669165,9207482.554339757],[239707.7522405,9207483.160254518],[239711.31134150003,9207482.574297035],[239714.01976224716,9207481.2518049],[239716.51310450002,9207479.057735743],[239718.4295435,9207476.886634432],[239719.4723541986,9207474.9549339],[239720.7476760056,9207471.6696099],[239723.79434818664,9207459.3496449],[239726.55146725656,9207453.8741049],[239727.7139543021,9207450.041226901],[239728.0908826734,9207445.1132409],[239727.64970413063,9207431.4243909],[239727.8559621131,9207425.675073901],[239728.14224032706,9207422.3897499],[239728.69498503205,9207419.1044259],[239730.57669059106,9207411.9862239],[239733.216846618,9207405.415575901],[239738.12093721319,9207395.0120499],[239740.61769510395,9207389.2627329],[239745.47978207713,9207376.1214369],[239748.42512274423,9207369.5507889],[239751.84933280305,9207363.5276949],[239753.19922250003,9207362.273377554],[239754.84188450003,9207362.036234139],[239755.8687909601,9207362.1588099],[239757.5796545,9207363.165627044],[239758.40098550002,9207363.871421441],[239761.13875550003,9207367.313874228],[239763.11185946167,9207371.1934509],[239766.31702875742,9207379.406760901],[239767.3455846018,9207381.5969769],[239769.6258425,9207385.093353404],[239772.6373895,9207388.634348128],[239775.64893650002,9207391.550615346],[239777.2915985,9207392.854479639],[239781.67203050002,9207395.608371394],[239789.06400950003,9207399.715872794],[239791.8303062745,9207401.5826979],[239793.99199550002,9207403.333317792],[239797.75113774472,9207407.6057919],[239800.26301391647,9207411.1648929],[239801.16312891216,9207412.8075549],[239802.510578041,9207415.8191019],[239808.74648773202,9207431.6981679],[239812.55687984038,9207440.4590319],[239815.96826080905,9207446.7559029],[239822.42353876604,9207456.8856519],[239824.07742716873,9207460.170975901],[239825.14340969746,9207463.1825229],[239825.50873720486,9207464.8251849],[239825.72487646065,9207469.7531709],[239825.65209933132,9207472.4909409],[239824.79364241243,9207482.0731359],[239823.88578454053,9207487.5486759],[239823.75670465085,9207492.2028849],[239824.34308279396,9207495.488208901],[239824.92879650003,9207497.362639029],[239826.29768150003,9207499.057185058],[239828.7616745,9207499.898665423],[239834.23721450003,9207499.984721906],[239835.60609950003,9207500.319333667],[239836.7012075,9207500.816351112],[239838.3438695,9207502.134408448],[239845.18829450003,9207510.858336156],[239850.6638345,9207516.702430638],[239853.6040821017,9207519.3068079],[239860.06866407453,9207524.5085709],[239861.3411375,9207525.408867605],[239863.2575765,9207526.41259747],[239865.17401550003,9207526.842541939],[239870.37577850002,9207527.105839795],[239876.9464265,9207527.929950772],[239898.02725550003,9207532.513862586],[239902.95524150002,9207533.186764104],[239905.1454575,9207533.15962932],[239908.1570045,9207532.742307354],[239913.35876750003,9207531.378733745],[239927.0476175,9207526.86214574],[239930.3329415,9207526.230438178],[239932.79693450002,9207526.39545372],[239936.0822585,9207527.509231333],[239938.409363,9207529.253625054]]}},{"type":"Feature","properties":{"fid":230,"ID":229,"ELEV":50.0},"geometry":{"type":"LineString","coordinates":[[240026.32473661657,9207193.1015124],[240027.48324866814,9207194.8810629],[240027.79755350002,9207195.874608465],[240028.2785048563,9207198.7139409],[240028.2444670748,9207200.7672684]]}},{"type":"Feature","properties":{"fid":231,"ID":230,"ELEV":42.0},"geometry":{"type":"LineString","coordinates":[[239498.57535722334,9207647.8451094],[239503.24082150002,9207642.109687744],[239508.25118442177,9207634.5669249],[239515.0132325,9207625.705240533],[239520.0676370344,9207617.5927509],[239521.834730576,9207614.3074269],[239522.63583481684,9207612.390987901],[239522.96662267158,9207610.4745489],[239522.74098821657,9207608.2843329],[239521.27399511615,9207603.3563469],[239520.41028174132,9207597.6070299],[239520.25724116096,9207594.3217059],[239520.48877250002,9207584.472037977],[239521.0507381569,9207578.4426399],[239522.0546760084,9207570.7768839],[239525.13577531278,9207556.8142569],[239525.4421062945,9207549.6960549],[239524.84129870226,9207542.0302989],[239524.1904656875,9207538.7449749],[239523.11615727234,9207534.9120969],[239521.79897846043,9207531.626772901],[239520.44595032462,9207527.5201179],[239519.6879501725,9207523.4134629],[239519.26606119456,9207518.211699901],[239519.08991287992,9207512.4623829],[239519.30279048524,9207504.5228499],[239520.4689917534,9207498.2259789],[239522.69481055735,9207488.3700069],[239523.6103783107,9207479.6091429],[239524.22297659406,9207476.3238189],[239525.0543168194,9207473.3122719],[239526.68537217594,9207468.9318399],[239529.0883373001,9207461.5398609],[239530.6185215,9207457.665539593],[239536.3678385,9207446.76382625],[239545.78136579518,9207427.0439589],[239549.9459818508,9207419.3782029],[239550.83780119073,9207416.9142099],[239551.56581932798,9207413.902662901],[239552.00917180965,9207408.4271229],[239552.00316350468,9207399.6662589],[239551.68479281012,9207396.3809349],[239550.59133996605,9207390.9053949],[239549.34881972065,9207387.0725169],[239543.75981750002,9207372.793295972],[239541.1577813268,9207367.634349901],[239537.86383592457,9207362.1588099],[239536.4211747199,9207359.147262901],[239536.0940615,9207357.063269848],[239537.18916950002,9207355.444949193],[239539.10560850002,9207354.531017644],[239539.70437398722,9207353.9454999],[239541.0220475,9207353.31460607],[239557.9962215,9207348.852858724],[239567.5784165,9207345.454691034],[239573.8752875,9207342.613941707],[239590.02813050002,9207334.203141069],[239594.03309306185,9207331.7695629],[239595.5036705,9207330.57519602],[239596.59877850002,9207329.324197132],[239598.5152175,9207326.899982158],[239599.61032550002,9207324.925148947],[239601.16548671824,9207319.7233749],[239604.6902264561,9207295.0834449],[239605.37355522186,9207287.1439119],[239605.94247773013,9207275.3715009],[239605.82338664206,9207272.0861769],[239605.41201357826,9207268.8008529],[239602.94057472667,9207257.302218901],[239601.80107241857,9207247.9938009],[239599.89007892102,9207239.2329369],[239599.40335363205,9207235.9476129],[239599.3499522543,9207233.757396901],[239599.66660630686,9207229.650741901],[239600.6222033489,9207223.3538709],[239601.78318110097,9207219.2472159],[239604.25053195667,9207213.2241219],[239608.69849466882,9207203.6419269],[239611.61367429318,9207195.154839901],[239613.29917550003,9207192.036608934],[239614.6195147823,9207190.2268539],[239616.58449950002,9207188.864218159],[239618.22716150002,9207188.489574568],[239620.4173775,9207188.552172596],[239622.60759350003,9207188.914824542],[239626.7142485,9207190.471539829],[239629.7257955,9207192.555377655],[239632.22664154536,9207195.154839901],[239636.2964435,9207200.409065245],[239640.12932150002,9207204.653109431],[239648.1240628399,9207211.3076829],[239650.20319332337,9207213.4978989],[239654.9132795,9207220.717109049],[239656.82971850003,9207223.086599668],[239661.914383166,9207228.0080799],[239664.49547450003,9207230.897252565],[239666.41191350002,9207233.508746661],[239668.05457550002,9207236.196245376],[239669.42992608232,9207239.2329369],[239670.26785824957,9207241.6969299],[239671.1034120627,9207245.8035849],[239671.42879199272,9207249.3626859],[239671.80063390988,9207262.5039819],[239671.71482760966,9207269.895960901],[239672.6719428364,9207278.383047901],[239673.16675277092,9207281.1208179],[239674.12263567906,9207284.6799189],[239680.42129718087,9207301.106538901],[239684.1398363849,9207313.4265039],[239686.1238575,9207318.543134594],[239687.31324317848,9207320.8184829],[239688.04029650002,9207321.784287503],[239690.4239487287,9207324.1038069],[239692.94744073143,9207327.115353901],[239694.4649465135,9207329.8531239],[239695.10500452988,9207332.0433399],[239695.11978485415,9207333.959778901],[239694.53592901136,9207337.7926569],[239692.08678659468,9207348.7437369],[239690.90385247843,9207352.3028379],[239689.40918150003,9207355.452548759],[239686.39763450003,9207360.489346223],[239684.4811955,9207362.644316478],[239682.01720250002,9207364.984241981],[239672.60725063755,9207372.0147819],[239669.5145328416,9207375.0263289],[239668.39812730526,9207376.6689909],[239667.64497558356,9207378.5854299],[239666.44273876224,9207382.692084901],[239666.01806923715,9207384.8823009],[239666.04509459218,9207388.1676249],[239666.83113453127,9207395.8333809],[239666.9821470556,9207399.6662589],[239666.16712499814,9207410.6173389],[239666.42007049776,9207424.8537429],[239667.40976621295,9207431.1506139],[239668.20822231306,9207439.090146901],[239668.74920523135,9207442.3754709],[239669.71961385128,9207445.1132409],[239671.33989950002,9207448.349095466],[239672.98256150002,9207450.385771323],[239676.42600647119,9207453.8741049],[239688.58785050001,9207463.240500826],[239691.59939750002,9207464.757875895],[239695.4322755,9207465.92315128],[239697.34871450003,9207466.226055088],[239700.90781550002,9207465.84062569],[239703.91936250002,9207464.733347265],[239708.02601750003,9207462.484283144],[239709.66867950003,9207461.346996473],[239711.89573054004,9207459.3496449],[239713.94378097312,9207456.8856519],[239716.94489504423,9207452.505219901],[239719.25087450002,9207448.44875735],[239720.23317019473,9207446.2083489],[239721.1319025004,9207441.0065859],[239721.49829834647,9207427.5915129],[239722.03229925755,9207420.7470879],[239722.67491551978,9207416.9142099],[239723.68282395552,9207412.5337779],[239726.26804040515,9207405.415575901],[239728.8478067539,9207400.2138129],[239735.73164632395,9207387.8938479],[239740.3317035,9207377.620994475],[239744.9859125,9207366.05189759],[239748.0853722892,9207360.2423709],[239749.9138985,9207357.654138591],[239752.6516685,9207354.960368376],[239755.11566150002,9207353.588368224],[239757.85343150003,9207354.075376295],[239758.84655981488,9207354.7668309],[239759.2800440094,9207355.3143849],[239759.9628231876,9207356.683269901],[239761.9600865,9207359.333542721],[239763.6027485,9207362.37048391],[239766.72091492577,9207369.0032349],[239770.3859662347,9207378.3116529],[239771.52765072125,9207380.5018689],[239772.9111665,9207382.512767985],[239775.37515950002,9207385.141102934],[239777.8391525,9207387.37576659],[239781.12447650003,9207389.54119133],[239789.33778650002,9207394.344337726],[239793.4444415,9207397.181786167],[239796.68299105315,9207399.9400359],[239800.6035400022,9207404.3204679],[239802.61260618726,9207407.058237901],[239804.10210783582,9207409.5222309],[239807.35875703415,9207416.366655901],[239811.73744851453,9207427.0439589],[239815.35619696535,9207436.6261539],[239817.61967196123,9207441.8279169],[239819.62335807685,9207445.3870179],[239825.60196664932,9207454.4216589],[239827.5996979862,9207458.5283139],[239828.7377180264,9207462.9087459],[239828.9414976452,9207467.8367319],[239827.93964444732,9207481.7993589],[239827.63565709916,9207483.9895749],[239827.94034350003,9207487.144579235],[239828.7616745,9207489.681540338],[239829.85678250002,9207491.176267179],[239832.3207755,9207492.301728547],[239837.52253850002,9207492.831671175],[239838.6176465,9207493.141838612],[239840.80786250002,9207494.602849955],[239842.19021094395,9207496.0357629],[239846.2847526668,9207502.0588569],[239847.6522875,9207503.775325874],[239853.6753815,9207510.208393691],[239860.2460295,9207515.556606239],[239862.71002250002,9207517.19762106],[239866.2691235,9207518.955017678],[239869.00689350002,9207519.816147452],[239891.1828305,9207524.98085777],[239898.30103250002,9207526.135841362],[239903.5027955,9207526.571175301],[239907.33567350003,9207526.48048733],[239914.7276525,9207525.716540212],[239918.56053050002,9207524.954406787],[239927.59517150003,9207522.260686489],[239929.23783350002,9207521.919019084],[239932.24938050003,9207521.9956427],[239934.85752111423,9207523.0027974]]}},{"type":"Feature","properties":{"fid":232,"ID":231,"ELEV":57.5},"geometry":{"type":"LineString","coordinates":[[239301.8346730288,9207188.5841919],[239301.3171467987,9207188.5841919],[239301.20726150548,9207188.8579689],[239301.4671725,9207189.127887364],[239302.01472650003,9207189.150621694],[239302.56228050002,9207189.577186694],[239303.3791809963,9207189.6792999],[239303.65738850003,9207190.208885636],[239304.20494250002,9207190.38503421],[239305.30005050002,9207191.304153774],[239305.57382750002,9207191.18485344],[239305.7706883516,9207190.7744079],[239304.7524965,9207189.887417803],[239301.8346730288,9207188.5841919]]}},{"type":"Feature","properties":{"fid":233,"ID":232,"ELEV":49.5},"geometry":{"type":"LineString","coordinates":[[240006.4429475,9207187.211611053],[240007.53805550002,9207187.296829246],[240008.63316350002,9207187.647626463],[240012.8394954041,9207190.2268539],[240013.09834359292,9207190.5006309],[240013.47096874815,9207191.5957389],[240014.3824805,9207192.812271008],[240015.25496607518,9207193.5121779],[240015.53297087023,9207194.333508901],[240017.15683450442,9207196.5237249],[240014.93003450002,9207197.291374136],[240013.8349265,9207196.762807745],[240012.7398185,9207196.71737755],[240010.54960250002,9207195.95817398],[240006.99050150003,9207193.852196172],[240005.6510186074,9207192.6908469],[240004.19391277764,9207191.0481849],[240001.69162956413,9207189.131745901],[240001.74708334455,9207188.310414901],[240002.4900020445,9207187.489083901],[240003.1576235,9207187.360673219],[240005.62161650002,9207187.45308554],[240006.4429475,9207187.211611053]]}},{"type":"Feature","properties":{"fid":234,"ID":233,"ELEV":57.5},"geometry":{"type":"LineString","coordinates":[[239295.52258227955,9207187.2153069],[239295.1703015,9207187.071593758],[239295.01875941202,9207187.2153069],[239295.52258227955,9207187.2153069]]}},{"type":"Feature","properties":{"fid":235,"ID":234,"ELEV":57.5},"geometry":{"type":"LineString","coordinates":[[239295.0258324972,9207186.9415299],[239294.71727239783,9207186.9415299],[239294.8965245,9207187.078709776],[239295.0258324972,9207186.9415299]]}},{"type":"Feature","properties":{"fid":236,"ID":235,"ELEV":57.5},"geometry":{"type":"LineString","coordinates":[[239287.86911519655,9207185.1619794],[239288.32587650002,9207185.478030175],[239288.8734305,9207185.559229262],[239291.33742350002,9207185.219456801],[239291.61120050002,9207185.601732085],[239293.5276395,9207186.282405233],[239294.0751935,9207186.822066123],[239294.62274750002,9207186.829737626],[239294.72151074992,9207186.667752901],[239294.11312469677,9207186.1201989],[239288.188988,9207183.386551872]]}},{"type":"Feature","properties":{"fid":237,"ID":236,"ELEV":42.5},"geometry":{"type":"LineString","coordinates":[[239494.75939719312,9207646.2024474],[239499.95549750002,9207640.676089395],[239502.69326750003,9207637.00068806],[239506.5261455,9207629.822621617],[239510.09403055737,9207623.8896219],[239512.9811541809,9207618.4140819],[239516.3821175,9207613.14421115],[239517.4772255,9207610.84919111],[239518.0234556267,9207609.1056639],[239518.03590222704,9207606.9154479],[239516.86663993305,9207600.618576901],[239515.80510019528,9207593.2265979],[239515.51822033882,9207590.2150509],[239515.40667527565,9207585.8346189],[239516.28907017855,9207568.5866679],[239517.28291425674,9207557.3618109],[239517.23028938237,9207542.3040759],[239516.94697075838,9207538.7449749],[239516.27331427476,9207534.6383199],[239514.89587954202,9207528.3414489],[239513.53948390574,9207518.211699901],[239512.59435237,9207503.9752959],[239512.70734351673,9207499.8686409],[239513.01325282184,9207497.4046479],[239515.05060364443,9207488.3700069],[239516.76353105792,9207478.5140349],[239518.8250444499,9207472.2171639],[239522.11317400454,9207465.9202929],[239525.6905355,9207455.684419312],[239531.13341617477,9207446.2083489],[239536.77966033045,9207434.7097149],[239543.80808454336,9207418.5568719],[239544.5044261778,9207416.366655901],[239545.2329208392,9207412.2600009],[239545.7608759133,9207401.0351439],[239545.65403863648,9207395.5596039],[239545.1156454431,9207392.2742799],[239543.85162652915,9207387.0725169],[239541.0220475,9207378.48337035],[239538.62043216472,9207372.2885589],[239536.2693038938,9207367.9081269],[239534.17762250002,9207364.696250115],[239530.0709675,9207359.135883044],[239524.61536019112,9207352.5766149],[239524.14504619074,9207351.4815069],[239524.0478735,9207350.271204973],[239525.04480526198,9207348.7437369],[239526.7856435,9207348.137292527],[239528.9758595,9207348.055487394],[239534.7251765,9207348.692342924],[239538.2845336057,9207348.7437369],[239556.3535595,9207344.783979004],[239563.74553850002,9207342.820074348],[239570.04240950002,9207340.292784754],[239575.79172650003,9207337.272005456],[239592.4921235,9207327.25051472],[239596.32500150002,9207324.44925194],[239597.4201095,9207323.073164718],[239598.43315839922,9207321.0922599],[239599.30125347024,9207318.3544899],[239600.6852613445,9207310.9625109],[239602.7970303826,9207292.619451901],[239603.05735484045,9207287.4176889],[239603.0929685487,9207281.1208179],[239602.86143030674,9207276.4666089],[239602.4353805878,9207273.4550619],[239597.95518795121,9207258.3973269],[239595.9834898511,9207247.4462469],[239594.0732461713,9207239.5067139],[239593.8194965792,9207233.4836199],[239594.25402787558,9207228.5556339],[239595.25423226622,9207222.5325399],[239596.6342334105,9207217.0569999],[239599.44025577937,9207210.212574901],[239604.57486241512,9207199.261494901],[239607.4025668506,9207190.2268539],[239608.74940998832,9207186.9415299],[239610.01385150003,9207185.077174941],[239611.65651350003,9207183.821327485],[239612.7516215,9207183.216143988],[239615.98325006192,9207182.0135439],[239619.3222695,9207181.755186679],[239620.96493150003,9207181.960662317],[239622.88137050002,9207182.508712694],[239626.16669450002,9207182.745049838],[239627.80935650002,9207183.39521962],[239630.14452251754,9207185.025090901],[239632.18978850002,9207187.471136296],[239634.57864767627,9207192.1432929],[239637.11777450002,9207196.125511318],[239639.25070701257,9207198.9877179],[239641.21362841726,9207201.1779339],[239643.41464550002,9207203.241014889],[239645.6048615,9207204.944729859],[239654.5508393494,9207210.7601289],[239657.37727250002,9207212.854590382],[239666.61495784044,9207220.8898779],[239668.90068307158,9207223.627647901],[239670.16356659553,9207225.5440869],[239671.17001570592,9207227.4605259],[239672.56801656884,9207231.293403901],[239674.18138215653,9207237.3164979],[239674.80023841673,9207240.3280449],[239675.0892832683,9207243.6133689],[239675.11149072257,9207246.6249159],[239674.24702040106,9207256.480887901],[239674.0456838296,9207269.6221839],[239674.71855055203,9207277.2879399],[239675.95119961098,9207283.8585879],[239678.47114269037,9207290.4292359],[239682.75488422991,9207300.5589849],[239685.5763035,9207308.236196773],[239687.36086129068,9207312.3313959],[239688.58785050001,9207314.632111864],[239690.2305125,9207316.774055406],[239692.69450550003,9207318.888700148],[239698.5017344755,9207322.187367901],[239700.36026150003,9207323.52545617],[239701.8321962446,9207324.9251379],[239702.8443851618,9207327.115353901],[239702.80921249933,9207331.4957859],[239702.16151013688,9207334.5073329],[239699.88002606793,9207342.4468659],[239696.9929730728,9207350.3863989],[239694.98256176073,9207355.0406079],[239689.68295850002,9207362.492482752],[239683.65986450002,9207368.417064225],[239678.95981976498,9207372.2885589],[239676.35969351805,9207375.3001059],[239675.0139120248,9207378.0378759],[239673.58572734526,9207381.870753901],[239671.7907321595,9207387.8938479],[239671.58006611635,9207389.8102869],[239672.04373097574,9207397.4760429],[239671.53107204795,9207402.6778059],[239670.72881109096,9207404.0466909],[239671.3598600435,9207404.594244901],[239671.6338938785,9207405.9631299],[239671.29550322975,9207407.058237901],[239670.33689106046,9207408.7008999],[239671.2021508038,9207412.8075549],[239671.59173444536,9207416.9142099],[239671.73355665992,9207421.5684189],[239671.98948985548,9207423.2110809],[239674.6252235,9207430.374749787],[239675.3536368609,9207431.6981679],[239678.1843245,9207435.561077036],[239680.10076350003,9207436.578643791],[239681.8393753832,9207438.8163699],[239681.42151188463,9207442.3754709],[239681.81213538098,9207444.2919099],[239681.88226259075,9207445.6607949],[239682.45664844435,9207446.7559029],[239683.716474361,9207448.398564901],[239684.75497250003,9207449.010654427],[239685.8500805,9207450.329858245],[239691.59939750002,9207452.861468345],[239696.25360650002,9207454.10775802],[239698.4438225,9207453.983881647],[239700.90781550002,9207452.60835979],[239704.1931395,9207449.793569967],[239708.29979450002,9207445.465194685],[239710.21623350002,9207442.906992914],[239712.1331929886,9207439.090146901],[239713.05106619274,9207436.3523769],[239713.91279671545,9207432.7932759],[239715.12809478948,9207424.5799659],[239716.00841806308,9207416.0928789],[239717.40379002818,9207409.7960079],[239718.42278509113,9207406.5106839],[239719.8228424833,9207402.951582901],[239721.82493653326,9207398.8449279],[239724.89626666016,9207393.643164901],[239730.7495085,9207384.949306661],[239732.50822600504,9207381.870753901],[239735.74881674093,9207375.3001059],[239737.1001659367,9207371.741004901],[239741.71015498196,9207361.3374789],[239743.71859788036,9207357.7783779],[239748.67445889008,9207351.7552839],[239750.46145250002,9207349.936535487],[239751.95026715135,9207348.7437369],[239754.0205535,9207347.552673679],[239755.38943850002,9207347.134650964],[239756.48454650003,9207346.963745043],[239758.6747625,9207347.247775927],[239760.5912015,9207348.460929582],[239761.80716005212,9207349.838844901],[239762.64160194728,9207351.2077299],[239774.14695110946,9207375.3001059],[239775.37515950002,9207377.48292648],[239776.39369565865,9207378.8592069],[239779.64894202733,9207382.1445309],[239782.4933615,9207384.353432817],[239792.11699301892,9207390.3578409],[239797.17668166693,9207394.1907189],[239800.01508950003,9207396.78561522],[239803.77520314403,9207401.0351439],[239805.96324310568,9207404.0466909],[239808.13827362432,9207407.6057919],[239810.04566533776,9207411.4386699],[239813.81676175524,9207420.1995339],[239816.9282413562,9207428.139066901],[239819.85306858295,9207436.6261539],[239822.12937509487,9207441.8279169],[239828.00598433916,9207450.862557901],[239830.47124388174,9207455.7905439],[239831.2750206568,9207458.2545369],[239831.93182941398,9207462.9087459],[239832.26915028246,9207479.6091429],[239832.9637932314,9207482.0731359],[239834.20694258602,9207483.9895749],[239836.4274305,9207484.977588715],[239841.3554165,9207485.911924757],[239842.9980785,9207486.497522192],[239844.09318650002,9207487.231700646],[239845.18829450003,9207488.448997369],[239849.0211725,9207494.332423052],[239850.9663764456,9207496.8570939],[239853.9491585,9207500.162993537],[239857.50825950003,9207503.578110404],[239862.71002250002,9207507.737824826],[239865.72156950002,9207509.73273934],[239869.64370180905,9207511.9148289],[239875.5775415,9207514.563555773],[239888.1712835,9207517.918211363],[239899.1223635,9207519.804656418],[239905.69301150003,9207520.555682357],[239913.90632150002,9207520.935014542],[239918.83430750002,9207520.653337715],[239927.0476175,9207518.006966423],[239929.23783350002,9207517.546305813],[239931.15427250002,9207517.456555214],[239933.3444885,9207517.854451137],[239935.26092750003,9207518.665283874],[239936.6114543207,9207519.7174734]]}},{"type":"Feature","properties":{"fid":238,"ID":237,"ELEV":57.0},"geometry":{"type":"LineString","coordinates":[[239285.177441,9207194.627770266],[239289.4209845,9207195.83731108],[239291.33742350002,9207196.146537943],[239294.62274750002,9207196.179990578],[239299.8245105,9207195.607411047],[239304.7524965,9207196.361064922],[239306.46496585215,9207197.0712789],[239308.0378205,9207198.479842775],[239309.2718887935,9207200.6303799],[239309.1329285,9207200.967937551],[239310.7755905,9207199.434451312],[239311.26017138374,9207198.440163901],[239311.97866005034,9207195.976170901],[239311.1035170682,9207193.2384009],[239309.27785313802,9207190.7744079],[239305.8476045,9207188.247113416],[239304.7524965,9207187.684066836],[239296.26540950002,9207184.566201976],[239292.33654378811,9207182.8348749],[239288.462765,9207180.723493483]]}},{"type":"Feature","properties":{"fid":239,"ID":238,"ELEV":55.5},"geometry":{"type":"LineString","coordinates":[[239322.27422450003,9207179.235585779],[239323.91761205744,9207179.8233279],[239324.3446871287,9207182.0135439],[239321.4528935,9207182.456357457],[239320.3577855,9207181.656772338],[239320.42972418075,9207179.8233279],[239321.17911650002,9207179.427697355],[239322.27422450003,9207179.235585779]]}},{"type":"Feature","properties":{"fid":240,"ID":239,"ELEV":43.0},"geometry":{"type":"LineString","coordinates":[[239490.1921783134,9207644.2860084],[239491.1946335,9207643.280539194],[239496.94395050002,9207638.746456325],[239498.4153863155,9207637.3046949],[239500.03302079046,9207635.114478901],[239501.46429870406,9207632.3767089],[239503.7883755,9207625.380365565],[239511.49553045034,9207609.926994901],[239512.4648952932,9207607.7367789],[239512.8534227245,9207605.8203399],[239512.77464923,9207600.618576901],[239511.5154130794,9207594.3217059],[239510.94248603136,9207588.846165901],[239511.16681700092,9207562.0160199],[239509.80264936472,9207549.1485009],[239509.73798226815,9207541.2089679],[239509.4637563162,9207536.2809819],[239505.86504316895,9207510.545943901],[239504.04314772307,9207500.9637489],[239504.31687625396,9207497.6784249],[239505.23982595289,9207494.9406549],[239507.42866784724,9207490.2864459],[239508.7173459721,9207487.001121901],[239509.42596275746,9207484.8109059],[239511.18614394154,9207477.1451499],[239513.548989396,9207471.1220559],[239517.0796685593,9207464.0038539],[239520.81001454545,9207454.1478819],[239528.919475523,9207439.3639239],[239531.31322051596,9207434.1621609],[239533.43424345859,9207428.960397901],[239538.10222148735,9207414.9977709],[239539.05819538597,9207410.3435619],[239539.58018980248,9207405.6893529],[239539.68677507062,9207399.1187049],[239539.02229553432,9207392.821833901],[239538.15093044104,9207388.4414019],[239535.28363138888,9207376.3952139],[239534.42907384303,9207373.6574439],[239532.4170832839,9207369.277011901],[239530.2602419383,9207365.7179109],[239527.00177214993,9207361.3374789],[239521.1777808216,9207354.2192769],[239518.7858540585,9207350.3863989],[239517.89917731716,9207347.6486289],[239518.15517953917,9207345.1846359],[239519.3936645,9207343.371489339],[239521.0363265,9207342.708294323],[239526.7856435,9207342.776291093],[239535.2727305,9207343.499496935],[239538.55805450003,9207343.410548989],[239559.6388835,9207339.491734603],[239566.48330850003,9207337.523385175],[239571.13751750003,9207335.506044626],[239575.77710887685,9207332.8646709],[239585.9214755,9207326.104692005],[239593.8610085,9207321.362436151],[239594.95611650002,9207320.5293349],[239596.18928573333,9207318.9020439],[239597.69388650003,9207314.967698565],[239599.29350430856,9207307.1296329],[239600.62677439585,9207293.4407829],[239600.820652326,9207287.4176889],[239600.7197665096,9207283.8585879],[239600.1184057313,9207278.6568249],[239599.2993323048,9207274.5501699],[239593.6339687566,9207258.123549901],[239592.57393925407,9207254.5644489],[239589.23876946233,9207241.1493759],[239588.4300350619,9207236.2213899],[239588.2769884869,9207233.757396901],[239588.60497609468,9207228.0080799],[239589.94860458485,9207219.2472159],[239591.35195327274,9207213.7716759],[239593.49394850255,9207208.2961359],[239599.33654850002,9207196.066267936],[239602.6664147744,9207185.5726449],[239603.64231918353,9207183.9299829],[239605.17360921027,9207182.2873209],[239607.0533284011,9207180.9184359],[239609.64600589967,9207179.8233279],[239615.21561450002,9207178.500378758],[239617.95338450003,9207178.373183176],[239623.15514750002,9207179.258139003],[239631.91601150003,9207180.13943884],[239633.83245050002,9207180.850383656],[239634.92755850003,9207181.94069694],[239635.3644084082,9207182.8348749],[239636.0226665,9207184.637755474],[239637.48547668592,9207190.5006309],[239639.0342135,9207193.703511896],[239641.22442950003,9207196.898471832],[239643.16553413542,9207198.9877179],[239646.00023897708,9207201.4517109],[239649.9852935,9207204.063782742],[239652.17550950003,9207205.195491398],[239660.6625965,9207208.98760826],[239663.47911659454,9207209.9387979],[239665.5905825,9207210.95184711],[239672.84049654414,9207213.7716759],[239675.6954689636,9207215.4143379],[239677.2178334396,9207217.3307769],[239678.35256088007,9207220.342323901],[239678.8822845014,9207223.3538709],[239679.88791221412,9207237.3164979],[239679.84265171757,9207241.1493759],[239679.24415547724,9207245.529807901],[239676.97961926984,9207254.5644489],[239676.19879170184,9207261.4088739],[239676.01787588978,9207267.431967901],[239676.13970190703,9207271.5386229],[239676.6920121414,9207276.740385901],[239677.81484311636,9207282.4897029],[239678.60374381006,9207284.9536959],[239681.1958715,9207290.89211757],[239687.4927425,9207303.993239798],[239688.93524478804,9207306.3083019],[239691.05184350003,9207308.907970045],[239693.24205950001,9207310.88595195],[239703.91936250002,9207317.377053186],[239708.02601750003,9207320.451568611],[239710.55309010338,9207323.2824759],[239711.42389698394,9207325.472691901],[239711.31139865596,9207327.6629079],[239709.20660574967,9207335.0548869],[239708.56722679103,9207338.3402109],[239707.5011832677,9207346.553520901],[239705.14975584796,9207355.3143849],[239704.665416027,9207356.4094929],[239704.0454032321,9207357.504600901],[239703.0119108616,9207358.5997089],[239697.60626522484,9207362.1588099],[239691.33939014128,9207367.634349901],[239686.44913149328,9207372.562335901],[239684.05815589832,9207375.8476599],[239683.36119868184,9207377.2165449],[239680.546573164,9207383.7871929],[239679.94386241445,9207385.7036319],[239679.41710563426,9207387.8938479],[239678.59375030434,9207398.5711509],[239680.79089300032,9207400.7613669],[239682.32544094056,9207403.4991369],[239683.2782119769,9207406.7844609],[239683.73329255462,9207410.3435619],[239683.4558456885,9207411.1648929],[239682.90963062792,9207411.7124469],[239678.45810150003,9207414.00330694],[239677.63677050002,9207414.202212393],[239677.49080158953,9207414.4502169],[239677.71612395885,9207415.2715479],[239677.94799565972,9207419.3782029],[239679.1202342926,9207423.2110809],[239679.49810393085,9207424.0324119],[239681.87268104678,9207426.7701819],[239682.29097950002,9207427.022954844],[239682.5647565,9207426.437711649],[239684.4811955,9207424.383473866],[239685.30252650002,9207424.030851282],[239688.04029650002,9207426.888152273],[239692.1469515,9207429.416975694],[239695.70605250003,9207429.928339513],[239699.26515350002,9207429.930272106],[239702.87664392593,9207428.139066901],[239704.81862924848,9207425.4012969],[239706.0140309568,9207422.6635269],[239706.8828863213,9207418.830648901],[239707.93986162078,9207412.2600009],[239709.16455877328,9207407.058237901],[239711.28637803032,9207400.2138129],[239713.09146475524,9207396.1071579],[239717.36683627943,9207389.8102869],[239723.83866577508,9207381.5969769],[239727.68061341724,9207375.8476599],[239729.70937908778,9207371.741004901],[239732.9613614331,9207365.9916879],[239737.4363002494,9207354.7668309],[239738.18853087185,9207353.9454999],[239743.3432505,9207350.507902237],[239747.54185654593,9207346.553520901],[239750.46145250002,9207344.401021732],[239752.9254455,9207343.152540086],[239755.38943850002,9207342.486240352],[239756.2107695,9207342.35882853],[239758.40098550002,9207342.70569812],[239760.3174245,9207343.494158464],[239761.9600865,9207344.65501213],[239763.6027485,9207346.393390987],[239765.24866148352,9207348.7437369],[239776.96727674254,9207370.098342901],[239779.3190844495,9207373.9312209],[239781.39825350003,9207376.539050754],[239785.34103963556,9207380.228091901],[239788.5164555,9207382.510126507],[239797.8248735,9207388.538343426],[239800.56264350002,9207390.695446258],[239803.30041350002,9207393.208872922],[239805.7644065,9207395.83687643],[239807.58826621118,9207398.0235969],[239810.81968125244,9207402.6778059],[239812.0894445419,9207404.8680219],[239814.33886652737,9207409.5222309],[239818.3581485,9207419.16260822],[239820.98268950987,9207425.9488509],[239824.70354118542,9207436.8999309],[239826.19497523908,9207439.911477901],[239830.89387470842,9207447.8510109],[239832.97859250024,9207452.505219901],[239834.0397476397,9207455.7905439],[239834.86730656406,9207459.6234219],[239835.78537432704,9207468.6580629],[239836.22279394075,9207471.3958329],[239836.98700967315,9207473.586048901],[239838.6176465,9207475.966604294],[239840.53408550002,9207477.470788337],[239846.0096255,9207479.413687209],[239847.6522875,9207480.673770757],[239849.46634342076,9207482.894466901],[239852.3051646745,9207487.5486759],[239854.77048950002,9207490.929845713],[239857.78203650002,9207494.03622747],[239861.70290138456,9207497.4046479],[239866.2691235,9207500.794012727],[239869.5544475,9207502.92322285],[239874.48243350003,9207505.72357545],[239878.5890885,9207507.635800408],[239881.6006355,9207508.792101288],[239886.5286215,9207510.31716495],[239901.58635650002,9207513.948594142],[239905.1454575,9207514.522077834],[239912.53743650002,9207515.088761153],[239917.19164550002,9207515.042326257],[239921.0245235,9207514.477832759],[239927.3213945,9207512.951885689],[239929.51161050002,9207512.635740506],[239931.7018265,9207512.645575855],[239934.16581950002,9207513.037448987],[239935.80848150002,9207513.646902755],[239938.68314,9207515.765142282]]}},{"type":"Feature","properties":{"fid":241,"ID":240,"ELEV":50.0},"geometry":{"type":"LineString","coordinates":[[240024.101564,9207207.203878125],[240023.14334450001,9207208.102515122],[240020.1317975,9207210.183005406],[240017.3940275,9207211.15590409],[240012.8894517914,9207211.3076829],[240010.27582550002,9207210.824159456],[240008.0856095,9207209.867010375],[240005.62161650002,9207208.09436192],[240002.12433977897,9207202.2730419],[240000.1460765,9207199.828940695],[239997.12942433477,9207197.0712789],[239990.40895580684,9207191.5957389],[239988.80274229523,9207189.9530769],[239987.57028055246,9207188.310414901],[239986.59551320216,9207186.3939759],[239986.23095135752,9207184.7513139],[239986.2297001937,9207183.6562059],[239986.9044149756,9207180.9184359],[239987.5499767447,9207179.5495509],[239988.98030806117,9207178.4544429],[239990.8376585,9207178.336246539],[239993.30165150002,9207178.710906535],[239999.32474550002,9207179.124971077],[240001.5149615,9207179.665935537],[240004.66339700003,9207179.894652614]]}},{"type":"Feature","properties":{"fid":242,"ID":241,"ELEV":56.5},"geometry":{"type":"LineString","coordinates":[[239312.897204746,9207204.8739234],[239313.23958350002,9207204.404219447],[239316.52490750002,9207201.630402375],[239317.99490563115,9207199.5352719],[239317.9916261671,9207196.2499479],[239318.16285979844,9207195.4286169],[239315.97735350003,9207192.570181489],[239312.73428136806,9207189.4055229],[239309.1329285,9207187.031484313],[239305.30005050002,9207185.261698581],[239297.0867405,9207182.319080126],[239293.7606140436,9207180.9184359],[239291.33742350002,9207179.701770818],[239289.0056781768,9207177.7700004]]}},{"type":"Feature","properties":{"fid":243,"ID":242,"ELEV":43.5},"geometry":{"type":"LineString","coordinates":[[239485.19974280972,9207642.3695694],[239486.44904167505,9207641.1375729],[239487.9721736403,9207640.0424649],[239494.4799575,9207635.849919077],[239496.8206506062,9207632.9242629],[239497.82470951093,9207631.0078239],[239498.38847338036,9207629.0913849],[239499.5441056997,9207623.0682909],[239500.24992616032,9207620.8780749],[239504.04563792705,9207612.390987901],[239505.55156126144,9207608.5581099],[239506.55411196777,9207604.9990089],[239506.9370051681,9207601.9874619],[239506.95247048137,9207598.975914901],[239506.45372037284,9207590.2150509],[239506.48689799575,9207577.073754901],[239506.0757840651,9207562.5635739],[239505.70888740805,9207559.5520269],[239503.43473691226,9207547.5058389],[239503.35943857444,9207540.935190901],[239502.72878280218,9207533.269434901],[239501.6572135328,9207526.1512329],[239500.74733408744,9207521.497023901],[239500.03224821665,9207518.7592539],[239497.58152593448,9207505.8917349],[239496.39489092462,9207501.2375259],[239496.1529526307,9207499.5948639],[239496.37103037778,9207496.0357629],[239496.7153510438,9207494.9406549],[239498.31283550002,9207491.92403477],[239502.76932251887,9207485.6322369],[239505.1569214048,9207480.9780279],[239507.37892753392,9207475.228710901],[239509.7259927507,9207467.0154009],[239515.5530334437,9207453.0527739],[239516.72860084617,9207450.5887809],[239523.2121356703,9207438.8163699],[239524.70372385086,9207435.5310459],[239527.37011681346,9207428.6866209],[239530.59756249524,9207418.009317901],[239533.1321546725,9207410.8911159],[239533.72366426454,9207408.7008999],[239534.1166184955,9207406.236906901],[239534.22946960165,9207402.130251901],[239533.9592449788,9207398.8449279],[239530.5953273763,9207378.5854299],[239529.79719050002,9207375.314176092],[239527.4393199495,9207369.277011901],[239525.1676377499,9207365.4441339],[239517.31210874586,9207355.3143849],[239515.83456350002,9207353.067562807],[239514.4656785,9207350.50108181],[239513.3661874116,9207347.6486289],[239512.62943597938,9207344.0895279],[239512.65381413107,9207341.8993119],[239513.04967121375,9207340.2566499],[239513.92932956142,9207339.1615419],[239516.1083405,9207338.356931081],[239519.6674415,9207337.95340638],[239523.7740965,9207337.953455687],[239533.3562915,9207338.445900898],[239537.7367235,9207338.284834875],[239560.1864375,9207334.94851306],[239565.6619775,9207333.737917865],[239569.76863250002,9207332.140451616],[239574.97039550002,9207329.093381694],[239583.82217060254,9207322.4611449],[239591.33737516182,9207317.8069359],[239593.03967750003,9207316.41164417],[239594.25914997217,9207315.0691659],[239595.14993257838,9207313.1527269],[239596.30136527872,9207309.8674029],[239596.8725555,9207307.74281359],[239597.6451487553,9207303.0229779],[239598.18646588188,9207295.9047759],[239598.34711116206,9207290.7030129],[239598.00428423705,9207284.4061419],[239597.46388676122,9207280.847040901],[239596.1323900307,9207275.3715009],[239593.03967750003,9207265.938990347],[239589.86441226758,9207257.8497729],[239587.83724943126,9207251.8266789],[239584.54489241846,9207240.601821901],[239583.54106321806,9207235.1262819],[239583.35070637806,9207231.8409579],[239583.3148800299,9207228.5556339],[239583.7068428835,9207223.627647901],[239584.85543549768,9207215.9618919],[239586.64798955419,9207208.8436899],[239590.19131367194,9207199.5352719],[239594.50478142945,9207189.6792999],[239596.33886781998,9207186.3939759],[239597.71731464396,9207184.4775369],[239601.5267645,9207180.36030615],[239603.4432035,9207179.042037828],[239607.54985850002,9207177.597009629],[239612.20406750002,9207176.69128276],[239618.50093850002,9207176.560926873],[239624.7978095,9207177.28364493],[239632.18978850002,9207177.255681232],[239636.2964435,9207178.590481915],[239638.1146699278,9207179.5495509],[239638.81072510604,9207180.3708819],[239639.3240259691,9207182.0135439],[239639.716865853,9207184.203759901],[239640.46948294886,9207189.6792999],[239642.32776726954,9207193.7859549],[239644.50975350002,9207196.540843591],[239648.5261483787,9207199.8090489],[239651.9017325,9207201.548320698],[239654.6395025,9207202.63390406],[239657.9248265,9207203.61282145],[239663.9479205,9207204.953686869],[239674.35144650002,9207206.554849327],[239678.73187850002,9207207.813372243],[239681.4696485,9207208.940994006],[239682.29097950002,9207209.468533771],[239684.12710428087,9207211.033905901],[239686.1401326135,9207213.7716759],[239687.37606499164,9207216.5094459],[239687.6752788104,9207218.4258849],[239687.44365412343,9207221.163654901],[239685.82500594438,9207230.7458499],[239684.9661985424,9207238.9591599],[239683.57101965585,9207244.4346999],[239680.26318217927,9207251.8266789],[239679.40664656917,9207254.2906719],[239678.55754992194,9207258.123549901],[239678.14197884942,9207261.4088739],[239677.92531145332,9207269.3484069],[239678.54867627134,9207275.097723901],[239679.22303186072,9207278.383047901],[239680.19834819107,9207282.2159259],[239681.60158325455,9207286.0488039],[239685.35165116875,9207292.619451901],[239686.94518850002,9207295.806285946],[239689.89719864255,9207299.7376539],[239691.05184350003,9207300.934712332],[239692.96828250002,9207302.480993506],[239700.5787557315,9207307.1296329],[239712.1326725,9207315.389205724],[239715.4179965,9207318.148870774],[239718.11394597418,9207321.366036901],[239718.95972238938,9207323.830029901],[239719.1741403748,9207325.7464689],[239718.85987811856,9207327.6629079],[239717.38982929185,9207333.138447901],[239716.98092303972,9207335.602440901],[239717.25054540992,9207342.7206429],[239717.6449805153,9207345.4584129],[239718.47221004547,9207348.4699599],[239721.4410905,9207355.144519327],[239723.0837525,9207356.326712355],[239726.431028324,9207353.3979459],[239729.6544005,9207351.897209898],[239731.57083950003,9207350.29839595],[239734.3086095,9207348.503363121],[239739.78414950002,9207345.210700473],[239742.52191950002,9207343.836388461],[239747.7236825,9207340.269047702],[239749.3663445,9207339.443984859],[239751.2827835,9207338.789634475],[239754.84188450003,9207338.207345096],[239757.85343150003,9207338.466192074],[239760.04364750002,9207339.232518718],[239763.3289715,9207341.282768242],[239764.67680276252,9207342.4468659],[239766.9022451084,9207344.910858901],[239769.07828850002,9207348.000522194],[239774.2800515,9207356.829927262],[239782.11455594673,9207369.277011901],[239785.14152999903,9207373.3836669],[239787.1475705,9207375.46972641],[239789.84348398194,9207377.7640989],[239792.62311050002,9207379.754499093],[239800.53043817775,9207384.6085239],[239805.62089436292,9207388.4414019],[239808.80901133246,9207391.4529489],[239813.1563855,9207396.998559408],[239816.16793250002,9207402.00696895],[239818.32654942485,9207406.5106839],[239824.45910318464,9207421.8421959],[239829.39080764086,9207435.2572689],[239834.62836858808,9207446.2083489],[239837.0628372082,9207453.6003279],[239839.9223945559,9207465.3727389],[239840.82483546884,9207467.5629549],[239841.6330061417,9207468.9318399],[239843.2718555,9207470.317297032],[239845.18829450003,9207471.509922331],[239849.0211725,9207473.46822008],[239850.36086491722,9207474.407379901],[239851.75894250002,9207475.75957828],[239853.71942260012,9207478.2402579],[239858.05581350002,9207484.7662966],[239860.40777406975,9207487.2748989],[239863.5313535,9207489.966612956],[239870.10200150002,9207494.74212841],[239875.5775415,9207498.075873785],[239879.41041950003,9207500.132395346],[239884.61218250002,9207502.36253337],[239895.28948550002,9207505.218862325],[239901.58635650002,9207507.63412995],[239906.24056550002,9207508.83002339],[239909.52588950002,9207509.055979328],[239915.00142950003,9207508.816608552],[239926.7738405,9207507.574685294],[239930.88049550002,9207507.538890216],[239933.89204250003,9207508.087286383],[239936.6298125,9207509.154495072],[239939.3675825,9207510.808355806],[239940.59957900003,9207511.860104762]]}},{"type":"Feature","properties":{"fid":244,"ID":243,"ELEV":55.5},"geometry":{"type":"LineString","coordinates":[[239302.01472650003,9207175.832189132],[239302.58386865054,9207176.2642269],[239301.43724545953,9207176.2642269],[239301.40411884728,9207175.9904499],[239302.01472650003,9207175.832189132]]}},{"type":"Feature","properties":{"fid":245,"ID":244,"ELEV":44.0},"geometry":{"type":"LineString","coordinates":[[239479.559111,9207639.966727022],[239481.33866150002,9207638.027730674],[239482.43376950003,9207637.166429251],[239484.07643150003,9207636.172342896],[239487.0879785,9207634.770491187],[239490.64707950002,9207632.401447121],[239491.29739724591,9207631.8291549],[239492.88472294487,9207629.6389389],[239493.5614125067,9207627.9962769],[239494.28104173322,9207622.520736901],[239494.86009897772,9207620.0567439],[239496.2436272223,9207615.9500889],[239498.97127486728,9207609.3794409],[239499.8263611803,9207606.6416709],[239500.69659067283,9207602.8087929],[239501.24391187017,9207598.4283609],[239501.69025798983,9207586.6559499],[239501.76225963733,9207578.716416901],[239501.63249700642,9207569.9555529],[239501.30954512747,9207563.6586819],[239500.90964118898,9207560.3733579],[239498.92545882124,9207549.9698319],[239498.68702579424,9207546.6845079],[239498.62329815738,9207537.1023129],[239498.25733197466,9207533.8169889],[239497.96317989216,9207531.9005499],[239495.831212621,9207525.0561249],[239494.51385247416,9207519.854361901],[239492.96809362184,9207512.1886059],[239491.72429836474,9207503.7015189],[239491.2595039595,9207498.773532901],[239491.2016883037,9207496.309539901],[239491.43147985538,9207494.3931009],[239493.5611945417,9207489.7388919],[239495.5425827596,9207486.4535679],[239499.04921988145,9207481.2518049],[239500.71607361056,9207477.9664809],[239502.6637852187,9207473.0384949],[239505.60905470388,9207463.1825229],[239509.34601999217,9207453.326550901],[239511.28653927875,9207448.9461189],[239516.3554178041,9207439.6377009],[239519.87403265986,9207431.4243909],[239521.58019308775,9207426.496404901],[239524.23292371383,9207417.4617639],[239527.5979742288,9207408.4271229],[239528.1248724087,9207405.6893529],[239528.11208397677,9207399.3924819],[239526.81515301391,9207385.9774089],[239526.45111050823,9207383.2396389],[239525.6824973984,9207379.6805379],[239524.79043840736,9207376.6689909],[239522.32359000112,9207371.1934509],[239520.71232128222,9207368.455680901],[239514.4656785,9207359.279906256],[239512.6921558821,9207356.4094929],[239510.39311279578,9207352.0290609],[239508.38754518313,9207347.374851901],[239507.03155649477,9207343.2681969],[239506.09397036606,9207338.8877649],[239506.2126147355,9207336.9713259],[239507.30763722621,9207335.0548869],[239508.7163615,9207334.026656164],[239512.27546250002,9207333.257901253],[239515.0132325,9207333.134524345],[239519.1198875,9207333.28405428],[239529.52341350002,9207333.898073802],[239534.7251765,9207333.803801062],[239538.2842775,9207333.50378345],[239552.2469045,9207331.394436587],[239562.10287650002,9207330.41723988],[239565.9357545,9207329.585789086],[239570.04240950002,9207328.022462528],[239573.70728897525,9207325.7464689],[239581.23783595898,9207319.4495979],[239588.1116915,9207314.792546362],[239590.8494615,9207312.361704372],[239592.55957299133,9207309.8674029],[239594.32673847684,9207305.2131939],[239595.35466428904,9207299.1900999],[239595.56516959373,9207296.1785529],[239595.425270932,9207289.334127901],[239594.79456943274,9207283.5848109],[239592.96759930783,9207275.6452779],[239590.4830417396,9207267.431967901],[239584.4715830414,9207252.9217869],[239582.1424980889,9207246.351138901],[239580.4955438055,9207240.8755989],[239579.5698927696,9207236.7689439],[239578.92330313654,9207232.3885119],[239578.69628135388,9207227.1867489],[239578.9739109258,9207221.984985901],[239580.0982052997,9207213.2241219],[239581.29266090135,9207208.0223589],[239585.37392150002,9207194.987096263],[239586.47284054177,9207191.8695159],[239587.90529073897,9207188.5841919],[239589.7543535,9207186.245463502],[239593.26127523047,9207183.1086519],[239594.95611650002,9207182.16759627],[239599.88410250001,9207178.671890885],[239601.25298750002,9207177.900683327],[239605.7778421213,9207176.2642269],[239609.7400745,9207175.25900147],[239612.4778445,9207174.985803552],[239615.21561450002,9207174.960294152],[239618.50093850002,9207175.07639186],[239622.60759350003,9207175.532301633],[239632.46356550002,9207175.578245772],[239636.84399750002,9207176.529325169],[239640.4030985,9207178.063435696],[239641.87826048152,9207179.5495509],[239642.9878355111,9207181.7397669],[239643.3795625139,9207183.1086519],[239643.9823195945,9207189.4055229],[239644.73993019652,9207191.5957389],[239645.87863850003,9207193.37207331],[239647.52130050003,9207194.933860393],[239649.9852935,9207196.806475967],[239651.87883376933,9207197.8926099],[239655.0455568286,9207199.261494901],[239659.01993450001,9207200.177823598],[239673.80389250003,9207201.358576542],[239680.10076350003,9207201.560540562],[239683.9336415,9207202.141710201],[239686.94518850002,9207203.517477099],[239688.91415317752,9207205.2845889],[239690.2305125,9207206.98164708],[239692.11310469243,9207209.9387979],[239692.96028630523,9207211.855236901],[239693.44966430927,9207214.0454529],[239693.8484922103,9207217.3307769],[239693.71380374287,9207221.163654901],[239691.98403550297,9207229.9245189],[239688.59705204333,9207241.423152901],[239686.92498556036,9207244.9822539],[239683.11231050003,9207251.522672001],[239682.01720250002,9207253.766758218],[239680.9220945,9207256.827620123],[239680.10076350003,9207261.616475327],[239679.84234550787,9207266.3368599],[239680.33223282069,9207272.6337309],[239681.11111340075,9207276.1928319],[239683.15721353883,9207282.4897029],[239686.19267576232,9207287.691465901],[239688.04029650002,9207290.375605335],[239689.89904196002,9207292.619451901],[239692.69450550003,9207295.340134496],[239694.63565361555,9207296.7261069],[239702.00292350003,9207300.617452886],[239706.65713250003,9207303.36680433],[239717.80333810204,9207311.5100649],[239720.3459825,9207313.59343599],[239722.6044187945,9207315.8904969],[239724.61648339653,9207318.3544899],[239725.75094139075,9207320.2709289],[239726.91599577744,9207323.2824759],[239727.58357410744,9207326.8415769],[239728.50718575635,9207330.4006779],[239729.96968401913,9207332.8646709],[239732.3921705,9207335.005284626],[239735.4037175,9207336.043185038],[239738.4152645,9207336.154314512],[239740.87925750003,9207335.72564055],[239747.7236825,9207334.020887775],[239752.10411450002,9207333.48452948],[239754.84188450003,9207333.509676995],[239758.40593887205,9207334.2335559],[239762.2338635,9207335.816281239],[239764.9716335,9207337.559823342],[239767.16184950003,9207339.439570948],[239769.35206550002,9207341.694775704],[239772.66187872709,9207346.0059669],[239781.2499950521,9207358.5997089],[239787.21394518824,9207368.1819039],[239790.28692625317,9207371.741004901],[239794.5395495,9207375.48185052],[239806.76290561998,9207382.9658619],[239811.38096902106,9207386.7987399],[239814.00066172285,9207389.5365099],[239816.21642985666,9207392.2742799],[239818.0843715,9207395.001116792],[239820.10483017005,9207398.5711509],[239822.36255193866,9207403.2253599],[239836.5082581489,9207439.3639239],[239838.17033560274,9207444.0181329],[239841.08163950001,9207453.274407249],[239841.87682660823,9207454.6954359],[239843.81940950002,9207459.262843281],[239846.0096255,9207462.689917954],[239848.19984150003,9207464.739836521],[239854.2229355,9207469.123255765],[239856.41315150002,9207471.219153019],[239858.53977237808,9207473.8598259],[239863.0514319113,9207480.4304739],[239864.6264615,9207482.303173799],[239866.65723620844,9207484.2633519],[239871.1971095,9207487.725250563],[239878.8628655,9207492.55345569],[239883.5170745,9207495.097749729],[239887.8975065,9207496.88854741],[239896.1108165,9207498.596318213],[239906.5143425,9207501.99107119],[239908.70455850003,9207502.541678254],[239910.89477450002,9207502.837492604],[239914.4538755,9207502.966590066],[239923.7622935,9207502.0580202],[239928.4165025,9207502.109470783],[239932.52315750002,9207502.546569588],[239936.0822585,9207503.634212913],[239937.9986975,9207504.574313588],[239940.7364675,9207506.3875014],[239942.78979500002,9207508.075008329]]}},{"type":"Feature","properties":{"fid":246,"ID":245,"ELEV":44.5},"geometry":{"type":"LineString","coordinates":[[239489.68886000002,9207487.447766928],[239494.84601553268,9207478.2402579],[239496.3174478821,9207474.407379901],[239499.13813572074,9207464.5514079],[239504.68972407398,9207448.398564901],[239506.7999225,9207443.692235174],[239511.5570210187,9207434.7097149],[239513.92590165854,9207428.4128439],[239515.96861380144,9207421.5684189],[239519.0002565564,9207414.1764399],[239520.0802838985,9207410.0697849],[239520.8731285433,9207405.9631299],[239521.35555243216,9207400.4875899],[239522.43864039695,9207392.000502901],[239522.5652041078,9207387.8938479],[239522.1902105413,9207384.8823009],[239521.22658070485,9207381.049422901],[239519.901908911,9207377.7640989],[239518.0247795,9207374.250687078],[239510.54359556112,9207362.9801409],[239508.1688075,9207358.957764268],[239504.36540689773,9207351.4815069],[239501.63704519812,9207344.910858901],[239500.80266231176,9207341.3517579],[239500.64954755898,9207338.8877649],[239500.8982503058,9207336.423771901],[239501.59667433766,9207333.959778901],[239502.69733964113,9207331.7695629],[239503.91092865402,9207330.1269009],[239505.4310375,9207329.000718124],[239507.62125350002,9207328.2107887],[239510.90657750002,9207328.004803317],[239525.6905355,9207329.530624408],[239529.79719050002,9207329.758700142],[239533.3562915,9207329.701074395],[239538.83183150002,9207329.104312165],[239551.6993505,9207327.007965192],[239563.1979845,9207326.044585405],[239565.38820050002,9207325.545733944],[239569.76863250002,9207323.959466603],[239571.13751750003,9207323.169550601],[239577.1606115,9207317.571303839],[239584.86810761993,9207312.057618901],[239588.24367098164,9207309.0460719],[239589.7543535,9207306.85809135],[239591.0953368551,9207303.8443089],[239592.01964579328,9207300.5589849],[239592.31501716463,9207298.642545901],[239592.41540494515,9207292.8932289],[239592.21961214786,9207289.0603509],[239591.59011287233,9207283.5848109],[239589.57701211103,9207274.2763929],[239587.95282218102,9207268.5270759],[239586.64024266542,9207265.2417519],[239581.52811257602,9207254.5644489],[239579.03007384783,9207248.2675779],[239576.5740519546,9207241.1493759],[239575.0409707981,9207234.578727901],[239574.60159753505,9207231.0196269],[239574.4192064455,9207225.8178639],[239574.57778706693,9207221.163654901],[239575.4596006657,9207212.1290139],[239576.96064570756,9207203.9157039],[239578.18391273046,9207198.9877179],[239579.9737582425,9207192.9646239],[239581.53174061837,9207188.8579689],[239583.50093844288,9207185.5726449],[239585.10014450003,9207183.875619378],[239587.23204336534,9207182.5610979],[239589.54116979192,9207181.4659899],[239594.1347855,9207179.748759666],[239600.4316565,9207176.655374536],[239602.62187250002,9207175.81630963],[239606.4547505,9207174.684520664],[239611.65651350003,9207173.739608902],[239614.66806050003,9207173.63081207],[239625.0715865,9207174.082638716],[239631.3684575,9207173.871417148],[239634.10622750001,9207174.231976373],[239639.0342135,9207175.526213676],[239642.12658937258,9207176.8117809],[239644.78924186408,9207178.7282199],[239645.6048615,9207179.742347546],[239646.42434549175,9207180.3708819],[239647.1858144302,9207181.4659899],[239647.95686713068,9207183.6562059],[239648.33717938393,9207186.667752901],[239648.9936477384,9207189.6792999],[239650.50837548022,9207191.5957389],[239651.6279555,9207192.608653914],[239654.66119422863,9207194.6072859],[239657.48848626073,9207195.976170901],[239660.38881950002,9207196.727414988],[239661.48392750003,9207196.819184372],[239672.43500750003,9207196.597824303],[239677.08921650003,9207195.97546638],[239682.8385335,9207194.608072454],[239684.75497250003,9207194.497611335],[239686.67141150002,9207194.924731508],[239688.9301206737,9207195.976170901],[239691.8731745,9207198.176691595],[239693.972496536,9207200.6303799],[239695.01616937312,9207202.2730419],[239697.0749375,9207206.436967162],[239698.4713925492,9207209.9387979],[239699.12246197127,9207212.1290139],[239699.73022218343,9207215.4143379],[239699.8648927862,9207218.1521079],[239699.70536477398,9207220.8898779],[239699.05880792817,9207224.7227559],[239697.94270606103,9207229.1031879],[239696.93095864842,9207232.114734901],[239695.32342830373,9207235.9476129],[239691.52568480902,9207243.3395919],[239685.69315321062,9207252.1004559],[239684.09614252712,9207255.1120029],[239682.7385768478,9207259.2186579],[239682.19663063282,9207262.2302049],[239681.98521951796,9207265.5155289],[239682.01720250002,9207267.803800847],[239682.7518303647,9207272.0861769],[239683.9336415,9207275.57775836],[239686.1238575,9207280.55783071],[239687.22512712676,9207282.4897029],[239689.95673550002,9207286.398723379],[239692.72791021757,9207289.0603509],[239694.61094450002,9207290.469375776],[239698.99137650002,9207293.00033287],[239707.7522405,9207296.77588896],[239711.0375645,9207298.47638703],[239720.4121030838,9207305.4869709],[239727.7379615,9207311.810933707],[239731.52893996437,9207315.8904969],[239736.26250555227,9207321.6398139],[239738.6890415,9207323.81394227],[239740.2603857686,9207324.9251379],[239742.52191950002,9207326.00191016],[239746.3547975,9207326.934961349],[239756.2107695,9207328.31309521],[239758.9485395,9207328.984878266],[239762.2338635,9207330.3407396],[239764.69785650002,9207331.695860898],[239767.16184950003,9207333.426976355],[239771.81605850003,9207337.71575387],[239779.36384918776,9207346.8272979],[239783.41656301165,9207352.3028379],[239790.98044850002,9207363.794511467],[239792.55444456823,9207365.9916879],[239794.9323574451,9207368.7294579],[239797.27731950002,9207370.918154793],[239800.28155828442,9207373.1098899],[239807.77776011478,9207377.7640989],[239813.1563855,9207381.52954343],[239817.5353458737,9207385.7036319],[239821.64347250003,9207391.019348064],[239824.1074655,9207395.01722133],[239826.0768864815,9207398.8449279],[239827.50460724032,9207402.130251901],[239838.3438695,9207431.115993535],[239842.45052450002,9207443.519158445],[239844.91451750003,9207449.033267135],[239848.94549734564,9207454.9692129],[239850.61009164652,9207456.8856519],[239855.4436599209,9207461.2660839],[239860.04574189044,9207464.8251849],[239861.6149145,9207466.413481642],[239864.07890750002,9207469.57853541],[239866.3728764946,9207474.1336029],[239867.74474472442,9207476.3238189],[239869.2440699729,9207478.2402579],[239872.75762427325,9207481.5255819],[239877.17937482893,9207484.537128901],[239880.5055275,9207486.485063901],[239886.8023985,9207489.2119947],[239892.27793850002,9207490.704346118],[239909.7996665,9207494.282395437],[239914.7276525,9207495.070297327],[239921.57207750002,9207495.780098373],[239932.79693450002,9207497.366269445],[239935.80848150002,9207498.227149751],[239937.7249205,9207499.053084197],[239939.88113036923,9207500.553083401]]}},{"type":"Feature","properties":{"fid":247,"ID":246,"ELEV":45.0},"geometry":{"type":"LineString","coordinates":[[239488.6712172252,9207480.0198084],[239490.63827428382,9207474.9549339],[239492.95836615335,9207464.8251849],[239496.86028452285,9207454.1478819],[239499.68487999373,9207443.4705789],[239500.41472243957,9207441.554139901],[239503.80438273057,9207436.0785999],[239505.86264275256,9207431.6981679],[239506.89545899283,9207428.960397901],[239509.1668874601,9207421.5684189],[239512.8636432476,9207413.0813319],[239513.48879693478,9207410.6173389],[239513.8619527629,9207408.1533459],[239513.85413830462,9207402.130251901],[239514.22329986902,9207398.8449279],[239515.0304546733,9207396.3809349],[239516.7061428881,9207392.5480569],[239517.32433005783,9207390.0840639],[239517.52035778968,9207388.1676249],[239517.37978534747,9207385.9774089],[239516.87709210537,9207383.7871929],[239516.13055575485,9207381.3231999],[239515.04478443586,9207378.8592069],[239512.59158202857,9207375.0263289],[239506.7999225,9207367.120027674],[239503.53885289733,9207361.8850329],[239499.45631708382,9207354.2192769],[239495.9808905937,9207346.553520901],[239495.57347790257,9207344.910858901],[239495.36331578874,9207342.7206429],[239495.49510461208,9207339.7090959],[239496.04996242424,9207336.1499949],[239496.71002009464,9207333.959778901],[239497.62562813808,9207331.7695629],[239500.78227390195,9207326.5677999],[239501.8719365,9207325.163170494],[239502.96704450002,9207324.317964956],[239504.88348350002,9207323.490152253],[239507.0736995,9207323.03487976],[239510.63280050003,9207323.243462421],[239520.48877250002,9207324.801022619],[239526.51186650002,9207325.547132498],[239530.89229850002,9207325.847190239],[239532.53496050002,9207325.791252946],[239541.0220475,9207324.738132907],[239553.6157895,9207322.258904511],[239563.74553850002,9207321.193486415],[239566.2095315,9207320.699651718],[239568.12597050003,9207319.975803642],[239568.9473015,9207319.454312388],[239572.8383677405,9207315.6167199],[239575.4646259881,9207313.4265039],[239582.9295883174,9207307.9509639],[239584.8263675,9207306.047894053],[239586.35020624637,9207303.8443089],[239587.51259272778,9207301.3803159],[239588.3426321949,9207298.9163229],[239589.03328806735,9207294.5358909],[239589.02017488852,9207291.798120901],[239588.6272216035,9207286.3225809],[239586.9746534837,9207275.6452779],[239585.70364895836,9207270.1697379],[239584.88435135194,9207267.9795219],[239579.30237114977,9207257.5759959],[239573.682123259,9207244.1609229],[239571.5912947303,9207237.3164979],[239570.83563230454,9207233.757396901],[239570.3153641569,9207229.650741901],[239570.16693377207,9207225.5440869],[239570.3526013098,9207220.0685469],[239570.89623354317,9207212.1290139],[239571.6218162962,9207205.0108119],[239573.14447037395,9207197.618832901],[239574.97324116828,9207191.5957389],[239576.0402589807,9207188.8579689],[239577.2100400172,9207186.667752901],[239578.69328145936,9207184.4775369],[239580.0096799316,9207183.1086519],[239581.5410435,9207181.875581054],[239583.29603465888,9207180.9184359],[239585.37392150002,9207180.175224219],[239588.65924550002,9207179.10671606],[239593.31345450002,9207178.08876352],[239603.1694265,9207174.30130856],[239608.64496650003,9207173.012296839],[239612.7516215,9207172.555649862],[239623.4289245,9207172.695945196],[239631.3684575,9207172.230303155],[239636.0226665,9207173.19452622],[239641.49820650002,9207174.940866668],[239644.00905781885,9207175.9904499],[239649.48136898418,9207178.7282199],[239651.1257899492,9207179.8233279],[239652.4064130404,9207181.1922129],[239655.51565057886,9207187.2153069],[239658.07733375346,9207189.6792999],[239660.9363735,9207191.544844458],[239663.67414350001,9207192.188296754],[239667.5070215,9207191.945855966],[239672.1612305,9207191.15056826],[239679.2794325,9207189.083687698],[239680.64831750002,9207188.833443599],[239684.2074185,9207188.665161135],[239688.04029650002,9207189.127904944],[239691.8731745,9207190.317215309],[239695.4322755,9207192.665198626],[239697.6538755525,9207194.8810629],[239699.5236403548,9207197.3450559],[239701.1519832181,9207200.082825901],[239702.60866613308,9207203.3681499],[239703.84497856227,9207206.927250901],[239705.1914953315,9207211.855236901],[239705.66701300687,9207214.3192299],[239705.899891332,9207216.7832229],[239705.70137510617,9207221.163654901],[239705.2082402655,9207224.1752019],[239703.77539844005,9207229.650741901],[239702.27670050002,9207233.460369851],[239700.6297135024,9207236.7689439],[239697.77017678195,9207241.1493759],[239692.25389857744,9207248.5413549],[239687.89686826713,9207253.7431179],[239686.57968348757,9207255.9333339],[239685.9299748173,9207257.8497729],[239684.64332892123,9207263.5990899],[239684.64667463608,9207266.3368599],[239685.8500805,9207270.917848585],[239687.13445817426,9207274.2763929],[239688.30286383338,9207276.740385901],[239692.07508971906,9207281.9421489],[239695.4583595984,9207284.9536959],[239698.71759950003,9207287.006426565],[239707.4784635,9207290.410082579],[239711.0375645,9207292.046668664],[239715.5648431513,9207294.5358909],[239731.06705524426,9207306.3083019],[239734.39161849357,9207309.0460719],[239740.87925750003,9207314.86573957],[239742.52191950002,9207316.11374728],[239745.53346650003,9207317.873310162],[239751.2827835,9207320.180648716],[239759.2223165,9207322.561255772],[239763.3289715,9207324.12779104],[239766.6142955,9207326.096429838],[239768.80451150003,9207327.79528017],[239772.75701895836,9207331.2220089],[239775.10138250003,9207333.541721739],[239784.0480319874,9207343.5419739],[239786.65065399866,9207346.8272979],[239789.06400950003,9207350.298636517],[239795.36088050003,9207360.06692824],[239797.78180107038,9207363.2539179],[239800.01508950003,9207365.814264303],[239801.64285531046,9207367.3605729],[239804.49132893374,9207369.5507889],[239816.4417095,9207377.702580696],[239820.0008105,9207380.889830133],[239822.40379469778,9207383.513415901],[239824.98996393452,9207386.7987399],[239828.5747521676,9207392.2742799],[239830.2666153449,9207395.5596039],[239833.41678814014,9207403.2253599],[239841.98456433046,9207427.0439589],[239845.57329207714,9207438.268815901],[239846.2834025,9207439.788543638],[239847.3785105,9207441.50915178],[239849.2239996533,9207443.7443559],[239854.49671250003,9207449.222977456],[239859.82134127562,9207453.326550901],[239862.10316116782,9207455.5167669],[239868.90374678493,9207464.0038539],[239872.8397715,9207470.988901244],[239874.35555574487,9207473.3122719],[239876.39887250002,9207475.877017573],[239877.4939805,9207476.809672633],[239882.96952050002,9207479.559807077],[239885.43351350003,9207480.539731268],[239900.21747150001,9207484.202128764],[239917.19164550002,9207487.482763408],[239926.22628650002,9207490.207395757],[239934.9871505,9207492.23866201],[239936.90358950003,9207492.81692408],[239939.09380550002,9207493.818334278],[239942.24224100003,9207496.222564196]]}},{"type":"Feature","properties":{"fid":248,"ID":247,"ELEV":51.0},"geometry":{"type":"LineString","coordinates":[[239973.0817262312,9207172.1575719],[239972.49459950003,9207172.38674825],[239971.39949150002,9207172.101466103],[239970.03060650002,9207172.650062256],[239969.181670913,9207173.5264569],[239968.95752290072,9207174.895341901],[239968.44007611414,9207175.716672901],[239968.9354985,9207176.052316729],[239969.75682950002,9207175.993839711],[239970.54764362765,9207175.1691189],[239971.9470455,9207174.359798152],[239973.0817262312,9207172.1575719]]}},{"type":"Feature","properties":{"fid":249,"ID":248,"ELEV":45.5},"geometry":{"type":"LineString","coordinates":[[239485.03465100002,9207475.94201902],[239485.35342617583,9207475.7762649],[239485.70115764329,9207474.6811569],[239487.5377129239,9207466.7416239],[239491.4994913032,9207455.5167669],[239493.66914078096,9207448.6723419],[239496.1226195,9207440.066327143],[239498.68109895245,9207432.2457219],[239501.04153963883,9207423.4848579],[239506.2573085139,9207409.7960079],[239506.20052862796,9207407.3320149],[239505.59788926554,9207402.6778059],[239505.76253743484,9207400.4875899],[239506.34083214143,9207398.2973739],[239509.71268142568,9207390.3578409],[239510.72661173373,9207385.4298549],[239510.47560106366,9207383.7871929],[239508.64505623636,9207379.6805379],[239506.9476344509,9207376.9427679],[239500.57356899694,9207367.9081269],[239498.03411909164,9207363.8014719],[239494.77423448037,9207357.504600901],[239491.93996538065,9207350.9339529],[239490.9622258485,9207347.9224059],[239490.25968288866,9207344.6370819],[239490.0513525422,9207341.8993119],[239490.3093665539,9207339.7090959],[239491.2362934741,9207335.3286639],[239492.89030193843,9207331.4957859],[239495.20391995533,9207327.9366849],[239499.95549750002,9207322.085254684],[239501.32438250002,9207320.864060607],[239503.24082150002,9207319.70015446],[239504.33592950003,9207319.266573226],[239505.7048145,9207318.883418089],[239508.7163615,9207318.58523566],[239511.18035450001,9207318.846818058],[239523.22654250002,9207321.067733787],[239529.52341350002,9207321.79255931],[239533.90384550003,9207321.642823128],[239542.11715550002,9207320.555520376],[239551.15179650002,9207318.2499412],[239561.2815455,9207316.255603665],[239564.5668695,9207315.145913223],[239567.5784165,9207313.348178977],[239577.74543028875,9207306.0345249],[239580.15741575067,9207304.1180859],[239581.17410365157,9207303.0229779],[239582.48830616407,9207301.106538901],[239583.9832111897,9207297.8212149],[239584.8263675,9207295.36986622],[239585.1344083288,9207293.1670059],[239585.20425973722,9207289.0603509],[239584.9157706267,9207283.8585879],[239584.2574358834,9207277.561716901],[239583.12161582822,9207271.5386229],[239582.35451286324,9207269.6221839],[239578.2557195,9207262.887528744],[239576.7324793399,9207260.0399889],[239570.66992777836,9207246.0773619],[239569.27063035,9207242.5182609],[239567.3046395,9207236.397435887],[239566.082216877,9207230.1982959],[239565.86996237346,9207226.0916409],[239565.94119790426,9207223.0800939],[239566.57722246557,9207211.3076829],[239567.1625073211,9207204.1894809],[239568.39974750002,9207197.047854928],[239570.68188666628,9207189.6792999],[239572.57830126077,9207186.1201989],[239573.8752875,9207184.15004293],[239575.29811053444,9207182.5610979],[239576.8868345,9207181.36379024],[239579.19751238002,9207180.0971049],[239582.36237450002,9207178.872830667],[239586.1952525,9207177.8598696],[239592.7659005,9207176.634072894],[239595.2298935,9207175.8854022],[239601.4183984122,9207173.5264569],[239606.7285275,9207172.151318334],[239611.93029050002,9207171.4705304],[239622.43525277099,9207171.3362409],[239630.54712650002,9207170.66048816],[239633.83245050002,9207171.168925859],[239637.6653285,9207172.217499197],[239648.06885450002,9207175.968537154],[239653.5157246372,9207177.6331119],[239655.46083350002,9207178.503487116],[239657.10133224918,9207179.5495509],[239661.48392750003,9207183.460292084],[239663.40036650002,9207184.824299926],[239665.3168055,9207185.673634201],[239666.9594675,9207185.948473357],[239669.9710145,9207185.848739821],[239678.45810150003,9207184.618253144],[239682.5647565,9207184.658539051],[239687.7665195,9207185.36139924],[239691.8731745,9207186.42257821],[239697.62249150002,9207188.93116641],[239701.90611674066,9207192.1432929],[239705.0593817659,9207195.4286169],[239706.6333325383,9207197.618832901],[239708.20006405393,9207200.6303799],[239709.45093458032,9207203.9157039],[239710.90848499388,9207209.1174669],[239711.8521905574,9207214.3192299],[239712.12310608468,9207218.9734389],[239711.90462583868,9207222.2587629],[239711.15679887866,9207226.3654179],[239710.02669557693,9207230.1982959],[239708.58663070956,9207234.0311739],[239706.15023190566,9207238.9591599],[239703.78794703804,9207242.244483901],[239698.20730013103,9207247.9938009],[239695.4322755,9207251.249819666],[239694.00755528934,9207252.6480099],[239692.3582431671,9207254.838225901],[239689.95313011046,9207258.9448809],[239688.84928031286,9207262.5039819],[239688.83382736673,9207264.6941979],[239689.15703687226,9207266.8844139],[239689.68295850002,9207268.986582141],[239691.10671889668,9207272.3599539],[239692.7334151564,9207275.097723901],[239695.97982950002,9207278.105896996],[239698.99137650002,9207280.207304189],[239702.25582702193,9207281.9421489],[239708.29979450002,9207284.5027287],[239711.58511850002,9207286.146423992],[239718.97709750003,9207290.50477202],[239728.0117385,9207296.916006142],[239738.27863992387,9207303.570531901],[239744.43835850002,9207308.339932177],[239746.90235150003,9207310.03348441],[239750.46145250002,9207311.750286046],[239760.5912015,9207314.836276405],[239763.3289715,9207315.81109629],[239765.79296450003,9207316.97404758],[239769.43535695804,9207319.4495979],[239775.10138250003,9207324.76245774],[239783.6905846673,9207333.959778901],[239789.90772656072,9207341.3517579],[239793.37497410746,9207346.2797439],[239800.3577113319,9207356.9570469],[239803.59410608083,9207361.0637019],[239806.0102378515,9207363.5276949],[239808.5021765,9207365.712476255],[239817.26304050002,9207372.021193653],[239822.3067889476,9207376.1214369],[239824.1074655,9207377.836924855],[239827.6665665,9207382.138059359],[239832.8582810482,9207389.8102869],[239835.76897948736,9207395.8333809],[239848.47361850002,9207430.203584354],[239850.27615196494,9207433.6146069],[239851.48516550002,9207435.256228253],[239854.77048950002,9207438.287495269],[239858.05581350002,9207440.830805866],[239863.18080962796,9207444.0181329],[239864.74256996208,9207445.6607949],[239866.2691235,9207448.052467357],[239868.49697841404,9207452.2314429],[239871.1971095,9207456.365943596],[239878.04153450002,9207465.314694306],[239881.5772434461,9207468.9318399],[239885.1597365,9207471.390855137],[239887.9409020788,9207472.764717901],[239893.64682350002,9207475.100449346],[239896.93214750002,9207476.133960944],[239905.96678850002,9207478.750299755],[239919.1080845,9207481.227463681],[239928.4165025,9207483.705373418],[239936.6298125,9207485.388130896],[239938.82002850002,9207486.10930827],[239941.0102445,9207487.147377476],[239942.38329446453,9207488.0962299],[239943.20046050003,9207488.796137722],[239944.980011,9207491.030016005]]}},{"type":"Feature","properties":{"fid":250,"ID":249,"ELEV":46.0},"geometry":{"type":"LineString","coordinates":[[239485.582205,9207460.146166498],[239485.71909350003,9207460.146166498],[239487.688424687,9207454.4216589],[239491.4766856559,9207442.1016939],[239492.15561927098,9207438.5425929],[239492.43851751645,9207430.6030599],[239492.82211790667,9207427.0439589],[239494.280897439,9207421.8421959],[239497.2166284586,9207412.8075549],[239497.70969038198,9207409.2484539],[239497.88827007712,9207403.2253599],[239498.3415019205,9207400.2138129],[239498.99763448047,9207397.7498199],[239501.3310883739,9207391.179171901],[239501.91866355125,9207388.9889559],[239502.21022035764,9207386.5249629],[239502.14314926325,9207384.6085239],[239501.74112238886,9207382.9658619],[239500.72421848,9207380.228091901],[239498.44665576096,9207375.8476599],[239493.93240350002,9207368.474640274],[239491.669301854,9207364.3490259],[239488.34431482753,9207355.861938901],[239485.3358861635,9207347.1010749],[239484.7057719448,9207342.9944199],[239484.8452459209,9207341.0779809],[239485.8174627247,9207337.245102901],[239487.7529255113,9207332.0433399],[239490.04997821723,9207328.2104619],[239495.31306769297,9207322.187367901],[239499.95549750002,9207317.424898913],[239503.5145985,9207315.071314171],[239506.7999225,9207313.912673725],[239508.7163615,9207313.93465108],[239518.84611050002,9207316.29054032],[239524.3216505,9207317.214232817],[239528.9758595,9207317.669583045],[239536.0940615,9207317.329303365],[239540.20071650003,9207316.661482012],[239544.0335945,9207315.69410075],[239557.44866750002,9207311.704567261],[239561.82909950003,9207309.97204855],[239565.6619775,9207307.81740894],[239572.5064025,9207303.22856791],[239576.06550350002,9207300.518401347],[239578.2557195,9207298.385219844],[239579.15961952342,9207296.9998839],[239579.77338868557,9207295.6309989],[239580.3530476022,9207293.4407829],[239580.87415176723,9207290.155458901],[239581.11589609322,9207284.6799189],[239581.05172787068,9207281.1208179],[239580.41353225172,9207277.0141629],[239579.51800656947,9207273.1812849],[239578.95422601877,9207271.8123999],[239575.6372011723,9207266.0630829],[239573.3073696535,9207261.4088739],[239565.7374518175,9207243.6133689],[239563.18182146185,9207236.4951669],[239562.0946772824,9207231.8409579],[239561.7522802152,9207229.3769649],[239561.6700058044,9207222.806316901],[239562.93826301565,9207203.6419269],[239563.6091279972,9207198.440163901],[239564.35043316075,9207194.6072859],[239565.3974731264,9207190.7744079],[239566.31463804533,9207188.310414901],[239568.63296796678,9207184.4775369],[239571.48785925427,9207181.4659899],[239573.4111566487,9207180.0971049],[239575.5179495,9207179.036099056],[239580.99348950002,9207177.14194203],[239585.10014450003,9207176.206915978],[239593.03967750003,9207175.072389048],[239595.2298935,9207174.453562956],[239600.70543350003,9207172.308278035],[239603.4432035,9207171.50127706],[239607.00230450003,9207170.79445122],[239612.20406750002,9207170.230866507],[239619.59604650002,9207170.081220508],[239627.80935650002,9207169.221234713],[239630.54712650002,9207169.158751413],[239633.0111195,9207169.46335231],[239635.47511250002,9207170.049639735],[239648.3426315,9207174.368215417],[239658.74124048275,9207176.8117809],[239663.67414350001,9207179.054858742],[239668.32835250002,9207180.691904603],[239673.2563385,9207181.5856087],[239679.00565550002,9207181.70037659],[239682.5647565,9207181.977777103],[239691.32562050002,9207183.589785527],[239695.8667229238,9207185.2988679],[239702.07540166233,9207188.310414901],[239708.29979450002,9207192.191114033],[239712.3217969003,9207195.7023939],[239713.22797006345,9207196.797501901],[239714.0491115,9207198.470841048],[239715.52205008647,9207202.2730419],[239717.39284060063,9207209.391243901],[239718.24376625,9207213.7716759],[239718.73318054076,9207218.1521079],[239718.45044332164,9207223.627647901],[239717.575244589,9207228.0080799],[239715.96555050003,9207233.146943903],[239713.7753345,9207238.613895971],[239712.01944411572,9207241.9707069],[239709.66867950003,9207245.23197429],[239704.1931395,9207250.509294355],[239702.19150994768,9207252.1004559],[239701.20287519766,9207253.195563901],[239699.36287988196,9207256.2071109],[239698.62099675395,9207257.8497729],[239697.66824626975,9207260.5875429],[239697.32218466085,9207263.5990899],[239697.44755866364,9207264.967974901],[239697.86573109363,9207266.610636901],[239698.69748680588,9207268.5270759],[239700.3239848318,9207270.9910689],[239702.95258430357,9207273.7288389],[239706.65713250003,9207276.564367704],[239730.7495085,9207291.825756678],[239740.6054805,9207297.03226417],[239750.178803739,9207303.2967549],[239753.47299950002,9207304.58215689],[239763.8765255,9207307.570252825],[239766.8880725,9207308.78144658],[239770.97503396118,9207311.236287901],[239773.1849435,9207312.980881734],[239776.5113265575,9207316.1642739],[239785.01178319714,9207325.7464689],[239791.8017795,9207334.200860448],[239795.66415517835,9207339.4353189],[239804.03190636344,9207352.0290609],[239808.17817341647,9207357.504600901],[239813.11666493138,9207362.4325869],[239824.92879650003,9207372.026726795],[239827.97099537787,9207375.0263289],[239830.71544873802,9207378.3116529],[239834.78476850002,9207384.011925789],[239838.57007138315,9207390.9053949],[239842.94591949368,9207401.3089209],[239849.39771393267,9207418.2830949],[239851.75894250002,9207423.614079798],[239852.73158597134,9207425.4012969],[239853.9491585,9207427.034312127],[239856.6869285,9207429.589318117],[239860.84550312912,9207432.7932759],[239865.72156950002,9207436.022966456],[239867.9117855,9207437.937934412],[239869.00689350002,9207439.383570781],[239870.25072846768,9207441.8279169],[239872.26585676247,9207447.0296799],[239873.11354850003,9207448.753311424],[239875.54016195663,9207452.505219901],[239877.76775750003,9207455.086741358],[239885.70729050002,9207462.968575362],[239890.08772250003,9207466.373295344],[239894.11198816524,9207468.6580629],[239896.65837050002,9207469.701651722],[239903.22901850002,9207471.764115015],[239909.25211250002,9207474.041905921],[239913.0849905,9207474.817297785],[239918.01297650003,9207475.275069177],[239928.96405650003,9207476.985854277],[239937.7249205,9207477.997477904],[239939.91513650003,9207478.687935373],[239942.3791295,9207480.083133724],[239943.611126,9207481.131519776]]}},{"type":"Feature","properties":{"fid":251,"ID":250,"ELEV":46.5},"geometry":{"type":"LineString","coordinates":[[239483.118212,9207456.019818673],[239484.06917396534,9207453.326550901],[239485.66568147382,9207447.3034569],[239487.3693295594,9207442.3754709],[239487.79435667972,9207440.4590319],[239487.98707252395,9207437.7212619],[239487.47987237026,9207430.8768369],[239487.6811365371,9207426.496404901],[239488.34442733382,9207422.3897499],[239490.0810558529,9207414.9977709],[239492.49464710907,9207399.9400359],[239495.09831823528,9207390.3578409],[239495.27195525,9207387.3462939],[239494.9287976804,9207384.8823009],[239494.10164746366,9207381.870753901],[239492.68165243205,9207378.3116529],[239488.33733381217,9207369.8245659],[239486.26664750002,9207364.811522968],[239479.86990496446,9207345.1846359],[239479.41534143026,9207342.4468659],[239479.48679120548,9207339.7090959],[239479.93460422894,9207337.7926569],[239481.28523932362,9207334.781109901],[239484.62398550002,9207328.437499799],[239486.34459022246,9207326.0202459],[239488.10225316332,9207324.1038069],[239493.65862650002,9207318.916124953],[239499.9654907376,9207312.3313959],[239502.69326750003,9207310.569867034],[239506.7999225,9207309.590482399],[239510.3590235,9207310.056552483],[239520.48877250002,9207312.70277908],[239526.51186650002,9207313.461261993],[239532.80873750002,9207313.320589688],[239535.82028450002,9207313.009956134],[239539.3793855,9207312.344666066],[239542.6647095,9207311.318874992],[239550.3304655,9207308.494668663],[239557.17489050003,9207305.649416327],[239565.9357545,9207300.576748624],[239568.9681914813,9207298.3687689],[239573.05395650002,9207294.869228877],[239573.8752875,9207293.818445286],[239574.69661850002,9207291.95658381],[239575.3935336384,9207289.6079049],[239575.82442095113,9207286.870134901],[239575.9309720877,9207283.0372569],[239575.32599926883,9207277.561716901],[239574.4127984767,9207274.5501699],[239570.31618650001,9207265.239128439],[239565.66184780936,9207252.9217869],[239560.1864375,9207239.947927602],[239558.35134510862,9207234.0311739],[239557.513246566,9207229.3769649],[239557.46234835885,9207223.0800939],[239558.9229287351,9207201.7254879],[239560.34668146886,9207191.8695159],[239561.0508490375,9207189.131745901],[239562.02906750588,9207186.3939759],[239562.74248016166,9207185.025090901],[239564.18148803487,9207183.1086519],[239566.16835365855,9207181.1922129],[239568.5478078245,9207179.5495509],[239572.5064025,9207177.616333043],[239578.8032735,9207175.589681294],[239584.27881350002,9207174.37724828],[239591.94456950002,9207173.401101328],[239599.61032550002,9207170.916955713],[239605.63341950002,9207169.408344945],[239609.7400745,9207168.896917714],[239618.50093850002,9207168.485080311],[239626.4404715,9207167.564406246],[239629.7257955,9207167.430081133],[239634.6537815,9207168.061483523],[239643.41464550002,9207171.22671527],[239647.52130050003,9207172.40532355],[239649.9852935,9207173.014953285],[239659.2937115,9207174.72057871],[239673.5301155,9207178.585968891],[239685.5763035,9207180.289620522],[239691.8731745,9207181.630764809],[239696.94331394232,9207183.382428901],[239703.91936250002,9207186.30747758],[239709.00762252646,9207188.8579689],[239713.5015575,9207191.377413798],[239715.6917735,9207192.771668453],[239717.5290702412,9207194.333508901],[239719.275603617,9207196.5237249],[239720.55743038817,9207198.7139409],[239721.37233083873,9207200.6303799],[239722.9659884865,9207205.8321429],[239724.5152207765,9207211.855236901],[239725.07359472965,9207214.8667839],[239725.4824937577,9207219.2472159],[239725.4602692565,9207223.627647901],[239725.10398097002,9207226.6391949],[239723.98094405115,9207231.293403901],[239722.73561921983,9207235.400058901],[239720.06012423738,9207242.5182609],[239717.01676074625,9207248.5413549],[239712.13321939774,9207255.3857799],[239710.34918809475,9207258.9448809],[239709.97917428712,9207260.5875429],[239709.94736485262,9207261.9564279],[239710.49214699835,9207266.3368599],[239711.30596080614,9207268.5270759],[239713.30468100208,9207271.5386229],[239716.6258362059,9207275.097723901],[239718.15249083063,9207276.4666089],[239725.54774550002,9207281.780114997],[239732.3921705,9207285.394324388],[239741.9743655,9207289.445561105],[239751.83033750003,9207295.19429809],[239755.38943850002,9207297.03697335],[239757.3058775,9207297.840835484],[239767.70940350002,9207301.373924892],[239772.36361250002,9207303.497389136],[239774.5538285,9207304.80956139],[239776.1767564953,9207306.0345249],[239781.66442558335,9207311.236287901],[239787.69512450002,9207318.139405081],[239794.17443192773,9207326.8415769],[239798.93915030934,9207333.6860019],[239806.5236338807,9207345.4584129],[239811.89192977062,9207353.1241689],[239816.4116748924,9207358.0521549],[239825.47635050002,9207366.177507818],[239829.49547037017,9207370.098342901],[239832.3207755,9207373.15932871],[239835.74648366435,9207377.4903219],[239839.19349567292,9207382.4183079],[239842.48739733416,9207388.7151789],[239851.3483604686,9207408.9746769],[239853.9491585,9207414.406462586],[239856.02789100012,9207418.009317901],[239857.50825950003,9207419.892371528],[239858.71354129276,9207421.0208649],[239869.5544475,9207429.06743557],[239871.47088650003,9207430.913227798],[239872.70343562515,9207432.5194989],[239873.61115081597,9207434.1621609],[239876.10545748737,9207441.2803629],[239877.2202035,9207443.931200523],[239878.04153450002,9207445.21882959],[239880.23886159091,9207448.1247879],[239890.59702013945,9207458.5283139],[239893.92060050002,9207461.228683768],[239896.65837050002,9207462.946542175],[239899.39614050003,9207464.065674514],[239902.68146450003,9207464.968323506],[239905.69301150003,9207466.037535498],[239911.4423285,9207469.037232703],[239912.8112135,9207469.49694008],[239919.8850484763,9207470.3007249],[239927.86894850002,9207470.668626886],[239932.24938050003,9207470.478933875],[239939.6413595,9207469.703538813],[239941.2840215,9207469.771300819],[239943.14683881562,9207470.3007249],[239945.04841428995,9207471.6696099],[239947.17022700002,9207474.908441948]]}},{"type":"Feature","properties":{"fid":252,"ID":251,"ELEV":47.0},"geometry":{"type":"LineString","coordinates":[[239479.728722075,9207455.106101401],[239482.92457440533,9207442.1016939],[239483.31537606192,9207439.6377009],[239482.8605810039,9207428.960397901],[239483.42065786055,9207418.830648901],[239483.90241384634,9207414.1764399],[239484.6959484428,9207409.7960079],[239488.80690394455,9207395.0120499],[239489.2466063958,9207392.2742799],[239489.32738651714,9207390.0840639],[239488.8377667181,9207385.9774089],[239487.60704196047,9207381.3231999],[239481.84110154977,9207367.0867959],[239479.35738515336,9207357.504600901],[239475.8631215,9207347.868147524],[239474.96403077187,9207344.910858901],[239474.7068648503,9207342.7206429],[239474.82001067427,9207339.4353189],[239475.23731888484,9207336.6975489],[239475.99082891314,9207334.781109901],[239482.1599925,9207324.648455651],[239483.5288775,9207322.841009906],[239485.56223194484,9207320.8184829],[239489.95826796954,9207317.2593819],[239492.30955846127,9207315.0691659],[239497.11850475168,9207309.0460719],[239498.58661250002,9207307.494328571],[239500.5030515,9207306.020714449],[239502.61638109482,9207305.2131939],[239503.7883755,9207304.966566058],[239507.34747650003,9207304.988402508],[239509.8114695,9207305.51185371],[239518.57233350002,9207308.347321097],[239522.6789885,9207309.154471394],[239525.4167585,9207309.408996537],[239530.3447445,9207309.072314864],[239535.54650750002,9207308.164627573],[239538.83183150002,9207307.20153041],[239545.66129541147,9207304.3918629],[239552.69696199166,9207301.106538901],[239555.80600550002,9207299.344569094],[239560.08913067312,9207296.4523299],[239563.15832439854,9207293.9883369],[239565.3659750609,9207291.798120901],[239566.9394805757,9207289.6079049],[239568.3937888618,9207286.0488039],[239568.96456775672,9207282.4897029],[239568.9904159882,9207279.7519329],[239568.54148811655,9207277.0141629],[239567.5298037208,9207272.9075079],[239561.0061857707,9207252.374232901],[239557.26661137128,9207243.6133689],[239554.93661754194,9207237.3164979],[239553.8895665,9207233.187247101],[239553.3621088297,9207229.1031879],[239553.24612586835,9207225.8178639],[239553.37223484606,9207221.163654901],[239554.10139620327,9207207.2010279],[239555.37793152622,9207192.6908469],[239555.8728062714,9207189.131745901],[239556.47347271847,9207186.9415299],[239557.49290903044,9207184.4775369],[239558.11080806024,9207183.382428901],[239559.0223466723,9207182.2873209],[239561.61832013013,9207180.0971049],[239566.48330850003,9207177.287872555],[239573.32773350002,9207174.663841125],[239579.62460450002,9207172.958506513],[239585.64769850002,9207171.784177767],[239590.5756845,9207171.098331686],[239595.2298935,9207169.649994725],[239599.61032550002,9207168.538880518],[239605.90719650002,9207167.2245239],[239617.4058305,9207166.34776872],[239626.16669450002,9207165.316243561],[239631.3684575,9207165.384089421],[239636.2964435,9207166.213732585],[239642.553548604,9207168.8722479],[239646.6999695,9207170.29533525],[239651.3541785,9207171.303037021],[239660.6625965,9207172.714594215],[239669.19563087495,9207174.6215649],[239675.1727775,9207176.302610569],[239678.45810150003,9207177.037701517],[239688.8616275,9207178.826003319],[239694.33716750002,9207180.290824896],[239701.7291465,9207182.841467459],[239711.31134150003,9207186.99407253],[239717.91716956164,9207190.2268539],[239719.7984285,9207191.347296212],[239721.88445617538,9207192.9646239],[239723.58871808136,9207194.8810629],[239726.23532590255,9207198.7139409],[239727.48009333643,9207201.1779339],[239728.90472260202,9207204.7370349],[239730.47573150002,9207209.706036814],[239731.12662428492,9207212.6765679],[239731.7613014894,9207216.7832229],[239732.08140863528,9207220.342323901],[239732.0544337539,9207225.2703099],[239731.02374776595,9207233.4836199],[239730.1129319357,9207237.3164979],[239727.0062936644,9207247.1724699],[239725.01881460173,9207254.5644489],[239723.90415334032,9207260.3137659],[239723.99686512866,9207264.967974901],[239724.75058782854,9207267.7057449],[239726.30790327775,9207270.4435149],[239727.73458825398,9207272.0861769],[239730.47573150002,9207274.645000681],[239734.85616350002,9207277.398213657],[239737.86771050002,9207278.467173656],[239742.79569650002,9207280.575563882],[239755.6632155,9207287.893712897],[239760.04364750002,9207290.172139635],[239765.79296450003,9207292.764141329],[239773.1849435,9207295.651226189],[239778.38670650002,9207298.357401712],[239781.67203050002,9207300.513697885],[239784.1360235,9207302.43725704],[239787.67940672103,9207305.4869709],[239789.33778650002,9207307.152897714],[239792.34933350002,9207310.855427328],[239793.86429070876,9207313.1527269],[239805.28397723057,9207331.2220089],[239811.406895485,9207341.6255349],[239816.75555593055,9207349.5650679],[239820.34953996848,9207353.9454999],[239832.59455250003,9207366.367876759],[239835.3323225,9207369.442179928],[239837.79631550002,9207372.560567236],[239841.3554165,9207377.5889095],[239845.28534318905,9207384.334746901],[239854.2229355,9207403.101919327],[239856.14800268627,9207406.5106839],[239858.3295905,9207409.779666757],[239861.06736050002,9207412.839288484],[239870.9233325,9207420.133462891],[239872.8397715,9207421.745008606],[239874.98916110527,9207424.0324119],[239877.4939805,9207427.945339242],[239881.23529771762,9207436.6261539],[239882.55727481062,9207438.8163699],[239885.72429725705,9207442.6492479],[239894.74193150003,9207452.520949211],[239897.4797015,9207454.663822405],[239901.88164779663,9207457.1594289],[239904.05034950003,9207457.969461167],[239909.25211250002,9207459.363845482],[239922.1196315,9207463.777133284],[239923.48851650002,9207463.942529017],[239930.88049550002,9207463.192989638],[239936.0822585,9207461.333514161],[239938.54625150003,9207460.65632765],[239940.46269050002,9207460.393842483],[239942.10535250002,9207460.395503866],[239943.47423750002,9207460.638743851],[239944.84312250002,9207461.348819906],[239946.48578450002,9207462.648242937],[239948.40222350002,9207464.911815453],[239950.72932800002,9207468.55725854]]}},{"type":"Feature","properties":{"fid":253,"ID":252,"ELEV":49.5},"geometry":{"type":"LineString","coordinates":[[239936.3560355,9207163.360181108],[239937.7249205,9207163.72214422],[239939.01294309495,9207164.4918159],[239938.8708060724,9207166.408254901],[239937.87885916905,9207169.9673559],[239937.95767704042,9207171.610017901],[239938.38028431864,9207173.5264569],[239939.1419040151,9207179.8233279],[239939.0762441464,9207185.025090901],[239938.27247450003,9207187.356437016],[239936.90358950003,9207189.07320239],[239936.6298125,9207189.229325203],[239934.43959650001,9207189.357533943],[239931.7018265,9207187.420975083],[239929.91299915474,9207185.846421901],[239926.7787969456,9207182.5610979],[239925.30935359074,9207180.3708819],[239924.68641655575,9207178.7282199],[239924.1585719552,9207176.538003901],[239924.0556664876,9207174.895341901],[239924.58362450002,9207171.953680081],[239925.6787325,9207169.304925622],[239927.0476175,9207167.249263622],[239928.53836793362,9207165.8607009],[239929.6759224057,9207164.4918159],[239930.88049550002,9207163.703558631],[239931.7018265,9207163.42702424],[239934.9871505,9207163.198916655],[239936.3560355,9207163.360181108]]}},{"type":"Feature","properties":{"fid":254,"ID":253,"ELEV":47.5},"geometry":{"type":"LineString","coordinates":[[239476.24800285217,9207454.284770401],[239477.63228112378,9207449.219895901],[239478.6369591178,9207441.0065859],[239478.26885582585,9207431.6981679],[239478.54617555861,9207425.1275199],[239478.33439764797,9207418.830648901],[239478.68773134783,9207414.4502169],[239479.79717320786,9207408.4271229],[239482.43376950003,9207401.280218473],[239483.61739000725,9207397.4760429],[239484.03783962663,9207395.5596039],[239484.20704939458,9207392.000502901],[239483.73334284572,9207388.4414019],[239482.28586554123,9207382.4183079],[239481.0146390573,9207378.5854299],[239478.05333750002,9207371.50500113],[239477.22452302568,9207369.0032349],[239474.9426247672,9207358.5997089],[239472.22927304282,9207350.6601759],[239470.97674984284,9207346.2797439],[239470.5805095438,9207342.7206429],[239470.56263423958,9207339.1615419],[239471.02757825542,9207336.423771901],[239472.33266392016,9207333.138447901],[239473.8287951237,9207330.6744549],[239477.43922532478,9207325.472691901],[239479.99935351664,9207321.0922599],[239481.33866150002,9207319.226801634],[239483.8026545,9207316.710906388],[239487.73055082597,9207313.4265039],[239490.04434398795,9207311.236287901],[239493.93240350002,9207305.718582679],[239496.46050264352,9207303.0229779],[239498.31283550002,9207301.748104218],[239501.09608780808,9207300.5589849],[239502.1457135,9207300.29861187],[239504.60970650002,9207300.171092046],[239507.62125350002,9207300.5459479],[239509.8114695,9207301.102750441],[239518.57233350002,9207303.9746546],[239521.58388050002,9207304.581142554],[239526.23808950002,9207304.740749896],[239528.7020825,9207304.459585791],[239531.4398525,9207303.823580887],[239536.91539250003,9207301.970220866],[239540.0414399485,9207300.5589849],[239548.73789105462,9207295.9047759],[239552.2469045,9207293.34363397],[239554.71089750002,9207291.240485163],[239557.9962215,9207287.761257857],[239560.0990356006,9207284.6799189],[239560.81111545148,9207282.4897029],[239561.3870958061,9207279.204378901],[239561.4191490299,9207275.6452779],[239560.95326496477,9207272.0861769],[239556.02950023615,9207252.6480099],[239551.57165135906,9207240.8755989],[239550.6042781527,9207237.8640519],[239549.6136358071,9207233.4836199],[239549.15386569177,9207229.1031879],[239548.99262022742,9207225.5440869],[239549.17814884003,9207217.3307769],[239550.22837088152,9207190.2268539],[239550.77226464893,9207186.9415299],[239551.7971847855,9207184.203759901],[239553.81780537084,9207181.1922129],[239555.91914753092,9207179.2757739],[239557.72244450002,9207178.014305273],[239562.9242075,9207175.193445522],[239567.3046395,9207173.440760318],[239575.79172650003,9207170.637641894],[239580.71971250002,9207169.392331434],[239585.64769850002,9207168.41848919],[239593.31345450002,9207166.445742117],[239600.4316565,9207164.9220853],[239609.19252050002,9207163.753067756],[239619.3222695,9207162.789342958],[239623.4289245,9207162.215237048],[239628.90446450002,9207162.079357713],[239634.92755850003,9207162.547802642],[239638.76043650002,9207163.71379077],[239645.3310845,9207166.205632256],[239651.08040150002,9207168.028924718],[239659.2937115,9207169.334291913],[239667.78079850003,9207171.030323356],[239674.07766950002,9207172.766443452],[239678.45810150003,9207174.350934763],[239689.40918150003,9207176.371213734],[239694.8847215,9207177.749778384],[239701.4553695,9207179.892696261],[239717.88198950002,9207186.93696978],[239720.61975950003,9207188.255957821],[239722.96692879184,9207189.6792999],[239726.21338170805,9207192.1432929],[239730.27859719598,9207196.5237249],[239732.95498683536,9207200.3566029],[239734.7740781796,9207203.9157039],[239735.70747890914,9207206.3796969],[239737.37043412507,9207212.6765679],[239738.18287183123,9207217.0569999],[239738.54775327884,9207220.342323901],[239738.8016629009,9207229.9245189],[239738.51202728585,9207236.7689439],[239737.122555578,9207250.1840169],[239737.08671458476,9207254.016894901],[239737.59324068602,9207258.123549901],[239738.6967961054,9207261.4088739],[239740.67546466374,9207264.967974901],[239744.28851014204,9207269.074629901],[239746.25134149828,9207270.9910689],[239750.18767550003,9207274.11692842],[239753.47299950002,9207276.348964673],[239756.48454650003,9207278.200194081],[239762.45097078802,9207281.3945949],[239778.38670650002,9207289.34833658],[239782.2195845,9207291.493808305],[239791.5280025,9207297.283018133],[239796.18771204248,9207300.5589849],[239798.51152387905,9207302.4754239],[239800.24892161164,9207304.6656399],[239801.54326965628,9207307.1296329],[239803.58926649718,9207312.6051729],[239805.21685250002,9207316.07346401],[239812.20107388106,9207327.9366849],[239819.57685419937,9207341.0779809],[239822.0001469023,9207344.910858901],[239825.84287148374,9207350.3863989],[239831.71715530698,9207357.504600901],[239838.41494523853,9207365.1703569],[239841.3554165,9207368.983893858],[239844.53335276782,9207373.6574439],[239848.900868483,9207381.049422901],[239856.9607055,9207397.022151634],[239859.9722525,9207401.92441544],[239861.38297099748,9207403.772913901],[239863.2575765,9207405.400350403],[239870.9233325,9207409.667994764],[239873.9348795,9207412.192593351],[239875.95167860138,9207414.4502169],[239880.62365709333,9207420.7470879],[239885.25189699468,9207428.6866209],[239888.089988043,9207433.0670529],[239892.00416150002,9207437.4850087],[239898.25053215184,9207445.6607949],[239899.66991750002,9207447.210181931],[239901.8601335,9207448.724469338],[239904.87168050001,9207450.211551249],[239909.4156826568,9207451.683888901],[239920.4769695,9207453.32798286],[239922.94096250003,9207453.469381073],[239926.7738405,9207453.228172217],[239938.27247450003,9207450.50204129],[239941.0102445,9207450.158104533],[239945.6644535,9207449.99854124],[239950.0448855,9207449.125975832],[239951.41377050002,9207449.506387003],[239952.50887850003,9207450.619670732],[239953.2717034737,9207452.3683314]]}},{"type":"Feature","properties":{"fid":256,"ID":255,"ELEV":51.0},"geometry":{"type":"LineString","coordinates":[[239956.2474491827,9207157.0998369],[239955.79420250002,9207156.95420104],[239955.2466485,9207157.075929614],[239954.9728715,9207156.83251082],[239954.81728566787,9207157.0998369],[239955.79420250002,9207159.015364323],[239956.0373793012,9207158.7424989],[239955.95128205378,9207158.1949449],[239956.34931203412,9207157.3736139],[239956.2474491827,9207157.0998369]]}},{"type":"Feature","properties":{"fid":257,"ID":256,"ELEV":51.0},"geometry":{"type":"LineString","coordinates":[[239954.93463139274,9207156.5522829],[239954.6990945,9207156.470611006],[239954.6990945,9207156.769769302],[239954.93463139274,9207156.5522829]]}},{"type":"Feature","properties":{"fid":259,"ID":258,"ELEV":57.0},"geometry":{"type":"LineString","coordinates":[[239309.56451057634,9207155.1833979],[239309.4067055,9207154.9326642],[239309.1329285,9207154.93260591],[239307.42760859965,9207155.1833979],[239309.1329285,9207155.43421452],[239309.56451057634,9207155.1833979]]}},{"type":"Feature","properties":{"fid":260,"ID":259,"ELEV":57.0},"geometry":{"type":"LineString","coordinates":[[239328.10072900407,9207150.529188901],[239327.65173264386,9207150.529188901],[239328.10072900407,9207150.529188901]]}},{"type":"Feature","properties":{"fid":261,"ID":260,"ELEV":50.0},"geometry":{"type":"LineString","coordinates":[[239924.85740150002,9207148.050337965],[239926.7738405,9207148.439796163],[239931.9756035,9207150.848875998],[239933.89204250003,9207151.981207099],[239939.91513650003,9207154.236009091],[239943.47423750002,9207156.027701987],[239944.95234118466,9207157.0998369],[239946.21200750003,9207158.524625441],[239947.19111356072,9207161.2064919],[239947.275622544,9207165.586923901],[239946.78079093507,9207168.8722479],[239946.71662599265,9207174.895341901],[239947.4014595916,9207186.9415299],[239945.66758476573,9207197.3450559],[239945.89315475608,9207202.5468189],[239946.49792483757,9207205.8321429],[239946.75806486668,9207209.391243901],[239946.3878228616,9207212.1290139],[239945.55126968707,9207213.4978989],[239943.6915486012,9207214.8667839],[239942.10535250002,9207215.56485236],[239938.82002850002,9207216.000691049],[239932.24938050003,9207215.6858888],[239924.0360705,9207215.915896293],[239919.1080845,9207215.504517265],[239916.64409150003,9207215.03094194],[239913.63254450003,9207213.979433935],[239912.21622904524,9207212.9503449],[239911.44383552938,9207211.5814599],[239911.46804269854,9207210.7601289],[239912.37764475215,9207209.1174669],[239913.90632150002,9207207.859426234],[239920.5503575562,9207203.9157039],[239922.17385968158,9207202.5468189],[239925.4049555,9207197.646236211],[239926.9583032233,9207194.8810629],[239927.57063350827,9207193.2384009],[239927.1778794743,9207191.5957389],[239926.1484016638,9207190.2268539],[239924.85740150002,9207189.291108632],[239924.0360705,9207188.978610422],[239915.00142950003,9207183.607147595],[239913.50761208418,9207182.2873209],[239912.26365950002,9207180.490618106],[239911.13915006488,9207177.0855579],[239910.76110420152,9207172.431348901],[239911.28440919315,9207166.9558089],[239912.0664721814,9207163.944261901],[239914.02568489948,9207158.7424989],[239916.69833033963,9207152.993181901],[239917.7391995,9207151.368307153],[239919.8402915702,9207149.4340809],[239921.57207750002,9207148.406028572],[239923.48851650002,9207147.823390175],[239924.85740150002,9207148.050337965]]}},{"type":"Feature","properties":{"fid":262,"ID":261,"ELEV":57.0},"geometry":{"type":"LineString","coordinates":[[239321.2986844143,9207148.065195901],[239318.9889005,9207148.781897243],[239315.97735350003,9207150.830845563],[239312.55109422535,9207153.5407359],[239312.6920295,9207153.714199066],[239312.96580650003,9207153.429574225],[239314.3346915,9207153.234485202],[239316.52490750002,9207154.319714658],[239317.62001550003,9207154.362716585],[239318.35133095796,9207153.814512901],[239319.1127387779,9207152.4456279],[239319.88920926812,9207151.8980739],[239324.4644405,9207150.45321141],[239325.2857715,9207150.376735257],[239326.3808795,9207150.613073343],[239327.27747283905,9207150.2554119],[239323.6431095,9207148.712720523],[239321.2986844143,9207148.065195901]]}},{"type":"Feature","properties":{"fid":263,"ID":262,"ELEV":58.0},"geometry":{"type":"LineString","coordinates":[[239256.97841,9207141.748347946],[239257.20233424648,9207141.9052134]]}},{"type":"Feature","properties":{"fid":264,"ID":263,"ELEV":57.5},"geometry":{"type":"LineString","coordinates":[[239287.83535044207,9207141.4945479],[239287.7783225,9207141.291208142],[239287.7079021693,9207141.4945479],[239287.83535044207,9207141.4945479]]}},{"type":"Feature","properties":{"fid":265,"ID":264,"ELEV":58.0},"geometry":{"type":"LineString","coordinates":[[239256.15707900003,9207141.468035348],[239256.3670259691,9207141.6314364]]}},{"type":"Feature","properties":{"fid":266,"ID":265,"ELEV":56.0},"geometry":{"type":"LineString","coordinates":[[239311.32314450003,9207136.539594572],[239313.39238113601,9207138.4830009],[239312.3650981351,9207142.5896559],[239311.32314450003,9207144.006285805],[239307.2835807573,9207146.6963109],[239304.4787195,9207147.779945357],[239301.1933955,9207148.12758945],[239299.00317950002,9207148.087902524],[239296.96998931654,9207146.9700879],[239296.29988816267,9207145.6012029],[239296.30649966505,9207142.863432901],[239296.5404558419,9207141.7683249],[239297.36051750003,9207140.28020573],[239298.4556255,9207139.120662618],[239304.7524965,9207137.083908146],[239309.1329285,9207136.363311704],[239311.32314450003,9207136.539594572]]}},{"type":"Feature","properties":{"fid":267,"ID":266,"ELEV":45.0},"geometry":{"type":"LineString","coordinates":[[239615.21561450002,9207136.004785718],[239616.37538761966,9207136.2927849],[239618.0271543833,9207137.6616699],[239618.21887488535,9207137.935446901],[239618.2326434894,9207139.3043319],[239617.6796075,9207139.377436249],[239616.58449950002,9207138.684378203],[239612.4778445,9207139.35480032],[239610.93503058236,9207139.0305549],[239609.72154027372,9207138.4830009],[239610.17666585228,9207136.5665619],[239611.65651350003,9207136.422563037],[239613.57295250002,9207135.842900107],[239615.21561450002,9207136.004785718]]}},{"type":"Feature","properties":{"fid":268,"ID":267,"ELEV":51.0},"geometry":{"type":"LineString","coordinates":[[239910.757886,9207134.910005512],[239911.30958126008,9207134.7870114]]}},{"type":"Feature","properties":{"fid":269,"ID":268,"ELEV":51.0},"geometry":{"type":"LineString","coordinates":[[239911.85299400002,9207134.70597946],[239920.20319250002,9207134.22367597],[239923.21473950002,9207134.523667892],[239929.23783350002,9207136.11628622],[239934.9871505,9207139.055456655],[239935.0834554163,9207137.798558401]]}},{"type":"Feature","properties":{"fid":270,"ID":269,"ELEV":45.0},"geometry":{"type":"LineString","coordinates":[[239592.2183465,9207133.229813037],[239594.95611650002,9207133.666410256],[239596.3111588427,9207134.1025689],[239598.5184602056,9207135.1976769],[239599.64012738303,9207136.0190079],[239599.27776087166,9207137.935446901],[239596.59877850002,9207139.621881615],[239595.5036705,9207139.906401379],[239591.94456950002,9207139.731625188],[239590.5756845,9207139.88325831],[239588.38546850003,9207139.192793123],[239586.94701364165,9207137.3878929],[239587.79330964718,9207134.9238999],[239589.7543535,9207133.646616979],[239592.2183465,9207133.229813037]]}},{"type":"Feature","properties":{"fid":271,"ID":270,"ELEV":58.0},"geometry":{"type":"LineString","coordinates":[[239292.56118451757,9207131.6385759],[239292.4325315,9207131.539313154],[239291.8849775,9207131.892579634],[239291.33742350002,9207131.538913833],[239290.5160925,9207131.7086961],[239289.67567557437,9207132.7336839],[239289.45690260676,9207134.1025689],[239289.69476150002,9207134.338669175],[239292.56118451757,9207131.6385759]]}},{"type":"Feature","properties":{"fid":272,"ID":271,"ELEV":58.0},"geometry":{"type":"LineString","coordinates":[[239293.62481105493,9207130.8172449],[239293.35882728975,9207130.8172449],[239293.62481105493,9207130.8172449]]}},{"type":"Feature","properties":{"fid":273,"ID":272,"ELEV":59.0},"geometry":{"type":"LineString","coordinates":[[239260.66022334466,9207129.1745829],[239260.40062250002,9207129.028782625],[239260.33016711267,9207129.1745829],[239260.66022334466,9207129.1745829]]}},{"type":"Feature","properties":{"fid":274,"ID":273,"ELEV":59.0},"geometry":{"type":"LineString","coordinates":[[239260.1775157355,9207128.9008059],[239259.8530685,9207128.711944427],[239259.7496544516,9207128.9008059],[239260.1775157355,9207128.9008059]]}},{"type":"Feature","properties":{"fid":275,"ID":274,"ELEV":59.0},"geometry":{"type":"LineString","coordinates":[[239259.70693849915,9207128.627028901],[239259.3055145,9207128.393481573],[239259.0769187731,9207128.627028901],[239259.70693849915,9207128.627028901]]}},{"type":"Feature","properties":{"fid":276,"ID":275,"ELEV":59.0},"geometry":{"type":"LineString","coordinates":[[239259.2363617989,9207128.3532519],[239258.75796050002,9207128.083774831],[239258.622806173,9207128.3532519],[239259.03173750002,9207128.550530711],[239259.2363617989,9207128.3532519]]}},{"type":"Feature","properties":{"fid":277,"ID":276,"ELEV":59.0},"geometry":{"type":"LineString","coordinates":[[239258.75017613271,9207128.0794749],[239258.2104065,9207127.845762827],[239258.03892069912,9207128.0794749],[239258.75017613271,9207128.0794749]]}},{"type":"Feature","properties":{"fid":278,"ID":277,"ELEV":59.0},"geometry":{"type":"LineString","coordinates":[[239258.03455257445,9207127.805697901],[239257.59675771315,9207127.805697901],[239258.03455257445,9207127.805697901]]}},{"type":"Feature","properties":{"fid":279,"ID":278,"ELEV":59.0},"geometry":{"type":"LineString","coordinates":[[239257.18342031457,9207127.5319209],[239257.18342031457,9207127.5319209]]}},{"type":"Feature","properties":{"fid":280,"ID":279,"ELEV":51.5},"geometry":{"type":"LineString","coordinates":[[239914.59076400002,9207129.430226764],[239916.0965375,9207129.264850637],[239916.67837025292,9207128.3532519],[239916.5806300871,9207127.2581439],[239915.68587200003,9207126.583756253]]}},{"type":"Feature","properties":{"fid":281,"ID":280,"ELEV":57.5},"geometry":{"type":"LineString","coordinates":[[239238.77928460372,9207125.7523704],[239238.635351,9207125.90208491]]}},{"type":"Feature","properties":{"fid":282,"ID":281,"ELEV":58.5},"geometry":{"type":"LineString","coordinates":[[239257.4650284019,9207124.2465969],[239255.47263650002,9207124.484087275],[239254.6513055,9207125.314855995],[239254.4306361996,9207125.8892589],[239254.37373337525,9207126.7105899],[239254.6513055,9207127.76434862],[239255.2934888324,9207129.1745829],[239256.0201905,9207130.051480247],[239257.38907550002,9207130.783585247],[239259.03173750002,9207130.908462135],[239260.40062250002,9207130.592149358],[239263.59801641194,9207129.1745829],[239263.82174267824,9207128.627028901],[239262.04328450002,9207126.569919758],[239260.12684550002,9207125.212521927],[239257.4650284019,9207124.2465969]]}},{"type":"Feature","properties":{"fid":283,"ID":282,"ELEV":45.5},"geometry":{"type":"LineString","coordinates":[[239601.5267645,9207119.561342783],[239602.89564950002,9207119.836697709],[239606.7285275,9207121.10561675],[239610.56140550002,9207122.834776882],[239613.84672950002,9207124.947958203],[239616.20283408224,9207125.8892589],[239620.1436005,9207127.105615847],[239622.60759350003,9207127.606736837],[239625.3453635,9207128.588052157],[239628.0831335,9207129.944906019],[239631.0946805,9207131.92686228],[239633.7864285123,9207134.6501229],[239634.1333749316,9207136.0190079],[239633.83245050002,9207137.261182409],[239632.46356550002,9207138.80266354],[239629.45201850001,9207140.022838403],[239626.9880255,9207140.594811868],[239623.15514750002,9207141.939500703],[239620.96493150003,9207142.349479416],[239610.56140550002,9207142.68878081],[239606.7285275,9207142.24928881],[239603.1694265,9207142.110957332],[239601.8005415,9207142.42978847],[239591.1232385,9207143.622013804],[239577.43438850003,9207143.004526434],[239571.41129450002,9207144.085077988],[239569.76863250002,9207144.155712813],[239567.5784165,9207144.031326164],[239565.6619775,9207144.190094704],[239563.41456025362,9207142.863432901],[239562.85832469715,9207141.7683249],[239562.60732134338,9207140.6732169],[239563.6074299599,9207138.2092239],[239564.66758068543,9207136.5665619],[239567.5784165,9207133.028049821],[239569.4948555,9207131.019307904],[239572.78017950003,9207127.923992826],[239574.7919601395,9207126.4368129],[239580.99348950002,9207123.227938985],[239586.8550587747,9207121.5088269],[239593.58723150002,9207119.958223015],[239596.8725555,9207119.500637058],[239601.5267645,9207119.561342783]]}},{"type":"Feature","properties":{"fid":284,"ID":283,"ELEV":54.5},"geometry":{"type":"LineString","coordinates":[[239858.99719760774,9207118.7710569],[239857.50825950003,9207118.636840224],[239857.15846707247,9207118.7710569],[239858.99719760774,9207118.7710569]]}},{"type":"Feature","properties":{"fid":285,"ID":284,"ELEV":54.5},"geometry":{"type":"LineString","coordinates":[[239861.4622812434,9207118.497279901],[239861.32222777026,9207118.497279901],[239861.4622812434,9207118.497279901]]}},{"type":"Feature","properties":{"fid":286,"ID":285,"ELEV":58.5},"geometry":{"type":"LineString","coordinates":[[239264.80481108784,9207117.4021719],[239264.80481108784,9207117.4021719]]}},{"type":"Feature","properties":{"fid":287,"ID":286,"ELEV":57.5},"geometry":{"type":"LineString","coordinates":[[239309.1613780017,9207116.854617901],[239309.1613780017,9207116.854617901]]}},{"type":"Feature","properties":{"fid":288,"ID":287,"ELEV":54.0},"geometry":{"type":"LineString","coordinates":[[239858.99228215028,9207116.5808409],[239855.5918205,9207116.435021082],[239852.3064965,9207116.833154373],[239848.47361850002,9207118.10536084],[239847.97358121522,9207118.497279901],[239847.74460876145,9207119.318610901],[239847.8732538177,9207119.5923879],[239848.74739550002,9207119.891862852],[239851.75894250002,9207120.520412218],[239855.86559750003,9207120.812511783],[239859.9722525,9207120.484951653],[239863.80513050003,9207119.69382552],[239865.70769359742,9207119.0448339],[239864.8529004655,9207118.7710569],[239863.80513050003,9207118.05677881],[239861.4314610433,9207117.1283949],[239858.99228215028,9207116.5808409]]}},{"type":"Feature","properties":{"fid":289,"ID":288,"ELEV":58.5},"geometry":{"type":"LineString","coordinates":[[239264.43506183216,9207116.5808409],[239262.04328450002,9207116.588566827],[239261.2047281097,9207116.854617901],[239260.66193666842,9207117.4021719],[239260.9481765,9207117.629085606],[239262.04328450002,9207117.302260611],[239264.5072775,9207117.287019635],[239264.72175784392,9207116.854617901],[239264.43506183216,9207116.5808409]]}},{"type":"Feature","properties":{"fid":290,"ID":289,"ELEV":53.5},"geometry":{"type":"LineString","coordinates":[[239858.19270200003,9207109.011518823],[239855.3180435,9207108.866170077],[239852.5802735,9207109.16631556],[239850.39005750002,9207109.822187372],[239847.9260645,9207111.036077103],[239842.9980785,9207113.940006772],[239841.6291935,9207115.061303865],[239840.5198062583,9207116.854617901],[239840.33497495457,9207119.318610901],[239840.09714370174,9207119.8661649],[239838.6176465,9207120.56492113],[239836.7012075,9207121.004074508],[239836.43207108497,9207121.2350499],[239836.7012075,9207121.497586789],[239838.3438695,9207121.811682696],[239854.2229355,9207123.26024259],[239856.6869285,9207123.205430023],[239860.51980650003,9207122.749114979],[239865.9953465,9207121.675106833],[239872.01844050002,9207120.808591766],[239877.08331500003,9207120.713885307]]}},{"type":"Feature","properties":{"fid":291,"ID":290,"ELEV":46.0},"geometry":{"type":"LineString","coordinates":[[239614.94183750002,9207108.574433275],[239616.31072250003,9207108.95746558],[239618.7747155,9207109.185205147],[239623.15514750002,9207109.201865653],[239625.89291750002,9207109.45198479],[239629.95881447688,9207110.8315239],[239631.54578983298,9207111.9266319],[239632.83989314473,9207113.8430709],[239632.7555525407,9207115.7595099],[239631.6422345,9207117.949700292],[239630.40403360713,9207119.5923879],[239629.46275031136,9207121.5088269],[239629.44818689922,9207122.0563809],[239630.01794205356,9207123.9728199],[239630.83498024248,9207125.0679279],[239637.31056794382,9207131.091021901],[239639.94482516998,9207134.3763459],[239640.88665197804,9207137.6616699],[239639.98615923314,9207139.3043319],[239638.48665950002,9207140.649543101],[239636.84399750002,9207141.329896634],[239634.3800045,9207141.980207477],[239621.51248550002,9207144.182918193],[239603.1694265,9207144.547857493],[239598.24144050002,9207144.838834079],[239590.02813050002,9207145.682467163],[239577.98194250002,9207145.993109437],[239569.2210785,9207147.072039302],[239558.5437755,9207147.890063858],[239551.9731275,9207148.119458009],[239545.9500335,9207148.941130798],[239544.85492550003,9207148.790240277],[239542.90310725823,9207148.065195901],[239543.3521168919,9207146.1487569],[239544.79420341138,9207144.2323179],[239550.3304655,9207138.788261745],[239553.10651945978,9207135.4714539],[239554.22838542124,9207133.8287919],[239555.19937115783,9207131.912352901],[239555.87803736556,9207129.7221369],[239556.61851085396,9207124.7941509],[239557.53250460624,9207122.8777119],[239559.6388835,9207121.051533625],[239562.6504305,9207119.742264204],[239572.2326255,9207116.638324328],[239574.1490645,9207116.554104118],[239581.2672665,9207115.455874791],[239585.9214755,9207114.06365377],[239590.9408926868,9207111.9266319],[239597.4201095,9207110.254739573],[239599.0627715,9207109.935643123],[239601.8005415,9207109.756586079],[239607.54985850002,9207109.717059761],[239610.8351825,9207108.79085456],[239613.29917550003,9207108.485075502],[239614.94183750002,9207108.574433275]]}},{"type":"Feature","properties":{"fid":292,"ID":291,"ELEV":58.5},"geometry":{"type":"LineString","coordinates":[[239274.86278131575,9207106.4510919],[239274.2164675149,9207106.4510919],[239274.36324950002,9207106.794747941],[239275.19919925352,9207106.9986459],[239276.52730821425,9207107.8199769],[239276.4368946397,9207109.4626389],[239276.8272425,9207111.057662146],[239277.37479650002,9207112.281619953],[239278.1961275,9207112.769289732],[239279.29123550002,9207112.63429561],[239280.38634350002,9207111.912363058],[239281.26699977406,9207110.8315239],[239282.04958902777,9207108.9150849],[239282.36247392138,9207108.6413079],[239283.67166750002,9207108.530168688],[239283.94401792253,9207109.188861901],[239284.2192215,9207109.26400904],[239285.21094446038,9207108.9150849],[239284.4929985,9207108.506933317],[239280.1125665,9207107.412780505],[239274.86278131575,9207106.4510919]]}},{"type":"Feature","properties":{"fid":293,"ID":292,"ELEV":46.5},"geometry":{"type":"LineString","coordinates":[[239613.29917550003,9207105.354029732],[239628.0831335,9207106.80972758],[239634.6537815,9207108.057150314],[239637.11777450002,9207108.87876104],[239639.3079905,9207110.091058196],[239640.9506525,9207111.722965982],[239641.48243760876,9207112.4741859],[239641.55870802474,9207114.390624901],[239640.5130109966,9207116.854617901],[239639.21571826166,9207119.0448339],[239638.44540742482,9207120.9612729],[239638.0747838213,9207123.1514889],[239638.76205430663,9207125.0679279],[239639.8753016031,9207126.7105899],[239641.49820650002,9207128.02231267],[239646.87950364588,9207131.6385759],[239648.2175037814,9207133.2812379],[239648.33879670463,9207134.9238999],[239647.64541047832,9207137.114115901],[239646.9277822721,9207138.4830009],[239645.42192035163,9207140.1256629],[239643.9621995,9207141.26877145],[239638.83114061903,9207143.4109869],[239634.3800045,9207144.332101094],[239622.0600395,9207145.867993692],[239603.4432035,9207146.381824099],[239590.02813050002,9207147.403643418],[239576.8868345,9207148.0597615],[239553.6157895,9207150.475487186],[239550.3304655,9207150.940462725],[239545.6762565,9207152.10440055],[239541.56960150003,9207152.162145393],[239536.91539250003,9207152.597044919],[239534.9989535,9207152.478205105],[239531.7136295,9207151.785009341],[239530.6185215,9207151.230698686],[239529.24963650003,9207150.83827372],[239528.94693124556,9207150.529188901],[239528.60379118883,9207149.707857901],[239528.7033661162,9207148.886526901],[239528.9440673003,9207148.3389729],[239529.79719050002,9207147.352568649],[239531.16607550002,9207146.091970554],[239535.2727305,9207143.589326058],[239537.77160798872,9207141.7683249],[239539.84369813904,9207139.8518859],[239542.92344725077,9207136.0190079],[239544.57176898132,9207133.2812379],[239545.63337974495,9207130.8172449],[239546.21266803175,9207128.627028901],[239547.1125026608,9207123.1514889],[239547.52502406188,9207122.0563809],[239548.85429326957,9207119.5923879],[239551.40050776387,9207117.1283949],[239555.58741909466,9207115.211955901],[239557.72244450002,9207114.49178358],[239567.8521935,9207113.203963734],[239569.2210785,9207112.802586371],[239575.5179495,9207112.329963876],[239580.99348950002,9207111.630212508],[239583.97982725484,9207110.8315239],[239592.20153114482,9207107.8199769],[239597.1463325,9207106.657490093],[239601.8005415,9207105.941027358],[239607.54985850002,9207105.849864788],[239613.29917550003,9207105.354029732]]}},{"type":"Feature","properties":{"fid":294,"ID":293,"ELEV":58.0},"geometry":{"type":"LineString","coordinates":[[239257.79974100002,9207141.949669905],[239259.5792915,9207142.050282488],[239261.4957305,9207141.829688711],[239263.13839250003,9207141.353004185],[239264.78105450002,9207140.565929534],[239266.1499395,9207139.583940305],[239267.2450475,9207138.468620326],[239268.34015550002,9207136.8654195],[239269.11579115657,9207135.1976769],[239269.68298683854,9207133.2812379],[239269.60716647853,9207131.912352901],[239267.9639514406,9207128.3532519],[239266.67086451937,9207126.7105899],[239265.4476153984,9207124.2465969],[239265.28634538388,9207122.6039349],[239265.80759838267,9207121.5088269],[239266.69749350002,9207121.104802497],[239268.60600793097,9207119.5923879],[239268.8877095,9207119.503636125],[239269.43526350003,9207119.715572152],[239270.8041485,9207120.731261184],[239271.38284630314,9207121.5088269],[239272.03275961327,9207123.1514889],[239272.99436450002,9207126.729299035],[239273.80129947694,9207128.0794749],[239274.36324950002,9207128.36547068],[239275.1845805,9207128.383810867],[239277.10101950003,9207127.52624409],[239283.94544450002,9207122.707494026],[239285.49049614105,9207121.2350499],[239286.68321450002,9207119.64162101],[239287.9664242717,9207117.1283949],[239288.88763236906,9207114.390624901],[239289.2566282418,9207111.3790779],[239288.87475979514,9207108.9150849],[239289.3767883222,9207108.0937539],[239285.31432950002,9207106.82400081],[239280.1125665,9207105.663190255],[239276.8272425,9207105.001313277],[239271.35170250002,9207104.39999963],[239271.16591613463,9207104.5346529],[239271.38053844354,9207104.8084299],[239270.89549365145,9207106.4510919],[239270.71189326377,9207108.367530901],[239270.3657374736,9207109.4626389],[239269.22707890626,9207111.6528549],[239267.5188245,9207113.912638862],[239266.69749350002,9207114.36983892],[239265.8761625,9207114.560937341],[239261.2219535,9207114.783963101],[239258.75796050002,9207115.154719882],[239256.8415215,9207115.764250088],[239255.62295493062,9207116.5808409],[239254.14059616742,9207118.7710569],[239251.44065603142,9207125.0679279],[239250.73800645882,9207128.0794749],[239250.49677051,9207131.091021901],[239250.75275053774,9207133.8287919],[239251.72791827866,9207136.8403389],[239253.0891041043,9207139.0305549],[239255.24553196,9207141.0838824]]}},{"type":"Feature","properties":{"fid":295,"ID":294,"ELEV":58.0},"geometry":{"type":"LineString","coordinates":[[239268.2341952828,9207103.9870989],[239268.045558055,9207103.9870989],[239268.2341952828,9207103.9870989]]}},{"type":"Feature","properties":{"fid":296,"ID":295,"ELEV":47.0},"geometry":{"type":"LineString","coordinates":[[239614.66806050003,9207102.89033628],[239623.7027015,9207103.71415807],[239628.6306875,9207103.921446815],[239638.21288250003,9207103.455752889],[239642.2595735528,9207104.5346529],[239643.9621995,9207105.534835061],[239648.3426315,9207107.531254029],[239650.2590705,9207108.752895515],[239651.9945848479,9207111.1053009],[239652.58281101042,9207112.7479629],[239652.7866487553,9207114.390624901],[239652.68817849606,9207114.9381789],[239651.99739225092,9207116.854617901],[239650.25630730865,9207120.4137189],[239650.6136301305,9207122.0563809],[239652.44928650002,9207123.710268209],[239657.6510495,9207125.621533373],[239662.5790355,9207128.185640547],[239664.45599550943,9207129.9959139],[239664.58108278795,9207131.6385759],[239663.67414350001,9207132.51170839],[239659.2937115,9207133.805886999],[239657.10349550002,9207134.696189662],[239655.18705650003,9207135.837931812],[239653.5443945,9207137.245492592],[239649.7115165,9207141.244401965],[239648.1569819858,9207142.3158789],[239645.6048615,9207143.652896686],[239643.41464550002,9207144.45960563],[239638.76043650002,9207145.66758563],[239632.46356550002,9207146.6651822],[239623.7027015,9207147.772663714],[239612.20406750002,9207147.81080973],[239590.02813050002,9207149.24969166],[239582.63615150002,9207149.454911305],[239573.6015105,9207150.057068165],[239554.71089750002,9207152.106236752],[239546.22381050003,9207153.564350728],[239534.7251765,9207154.392743077],[239530.0709675,9207154.350395929],[239523.22654250002,9207153.105513643],[239521.77786637066,9207152.4456279],[239520.57740125444,9207150.8029659],[239520.33252795343,9207148.6127499],[239521.56227888423,9207146.4225339],[239522.6789885,9207145.526868418],[239529.79719050002,9207141.734077385],[239533.30104624058,9207139.0305549],[239534.7251765,9207137.373483585],[239536.0774454257,9207135.1976769],[239537.54172701,9207131.912352901],[239538.65184345248,9207128.0794749],[239539.72681460378,9207122.8777119],[239541.0565676233,9207120.139941901],[239542.6647095,9207118.1411767],[239545.12870250002,9207116.150731832],[239546.97451731292,9207114.9381789],[239551.15179650002,9207113.192504479],[239552.3648606549,9207112.4741859],[239553.8895665,9207111.964820903],[239563.47176150003,9207110.621673996],[239567.5784165,9207110.347591361],[239579.8983815,9207108.950136133],[239584.27881350002,9207107.942686388],[239590.8494615,9207105.765069049],[239595.23999183197,9207104.5346529],[239597.69388650003,9207104.044568708],[239601.25298750002,9207103.611534344],[239607.8236355,9207103.425173318],[239614.66806050003,9207102.89033628]]}},{"type":"Feature","properties":{"fid":297,"ID":296,"ELEV":57.5},"geometry":{"type":"LineString","coordinates":[[239273.67880700002,9207148.554092038],[239277.37479650002,9207144.866659667],[239280.1125665,9207142.969447866],[239283.67166750002,9207141.437428387],[239286.1356605,9207140.660283593],[239288.05209950003,9207141.152905868],[239288.32587650002,9207140.909636645],[239289.6732347356,9207137.935446901],[239293.55005644006,9207133.8287919],[239295.7178555,9207132.109213414],[239298.28401836916,9207130.5434679],[239305.63398695143,9207126.984366901],[239305.80163909463,9207126.7105899],[239305.47532953424,9207126.163035901],[239304.4787195,9207125.310692325],[239303.3836115,9207125.020391058],[239301.1933955,9207125.056336148],[239299.55073350001,9207124.249733668],[239298.1818485,9207122.976739869],[239297.45037414366,9207121.5088269],[239297.44241381108,9207119.318610901],[239297.9770664762,9207116.854617901],[239299.3078220017,9207113.8430709],[239300.0982875,9207113.06760032],[239300.64584150002,9207112.972012125],[239301.4671725,9207113.199367845],[239302.8360575,9207114.366845235],[239305.0262735,9207115.388468236],[239306.3951585,9207115.748985343],[239308.0378205,9207116.80778016],[239308.58537450002,9207116.817399696],[239308.8846325196,9207116.5808409],[239306.66200018264,9207113.8430709],[239303.65738850003,9207110.819340767],[239301.7409495,9207109.314888071],[239299.1977867919,9207108.0937539],[239297.63429450002,9207107.560247356],[239276.5534655,9207103.07896786],[239270.2565945,9207102.245453363],[239266.42371650002,9207102.442372948],[239264.562610905,9207103.9870989],[239262.04328450002,9207107.360053178],[239260.9481765,9207108.228052396],[239258.75796050002,9207109.047805835],[239251.9135355,9207110.406130968],[239249.9970965,9207111.255667154],[239248.3544345,9207112.415047957],[239246.64406270543,9207114.1168479],[239244.46298529973,9207116.854617901],[239238.909128,9207125.404403627]]}},{"type":"Feature","properties":{"fid":298,"ID":297,"ELEV":47.5},"geometry":{"type":"LineString","coordinates":[[239639.85554450002,9207100.959605258],[239643.14086850002,9207101.423148258],[239647.52130050003,9207103.118012803],[239649.9852935,9207103.751985064],[239652.20340191058,9207104.8084299],[239654.9132795,9207106.531242618],[239656.5559415,9207107.139092378],[239657.37854991312,9207107.8199769],[239658.2825102042,9207109.4626389],[239659.27852016452,9207111.9266319],[239659.56430172102,9207113.8430709],[239659.0277393559,9207118.7710569],[239659.52002178307,9207120.4137189],[239661.22201417002,9207122.3301579],[239666.13813650003,9207126.057914518],[239668.266311245,9207128.0794749],[239669.14796038848,9207129.448359901],[239669.52868383,9207131.091021901],[239669.48144701478,9207132.7336839],[239669.05549668334,9207133.5550149],[239668.05457550002,9207134.66812394],[239665.5905825,9207136.113625888],[239660.08746783814,9207138.2092239],[239658.8049103714,9207139.0305549],[239654.3657255,9207142.627564706],[239652.17550950003,9207144.039255427],[239646.9737465,9207146.226396387],[239645.3310845,9207146.802903077],[239642.3195375,9207147.145132493],[239639.58176750003,9207147.961715125],[239634.3800045,9207149.07884646],[239630.82090350002,9207149.402255008],[239625.61914050003,9207150.302809041],[239620.4173775,9207150.579715807],[239614.66806050003,9207150.017277818],[239612.20406750002,9207150.066974448],[239588.1116915,9207151.782631902],[239585.10014450003,9207151.710504899],[239579.07705050003,9207151.970430426],[239572.5064025,9207151.808562081],[239557.44866750002,9207153.368802378],[239547.0451415,9207154.90893258],[239531.7136295,9207156.130076654],[239528.9758595,9207156.181855261],[239523.22654250002,9207155.801869532],[239519.3007827382,9207154.9096209],[239516.65589450003,9207153.807085453],[239515.0132325,9207152.823682796],[239513.71108121393,9207151.6242969],[239512.5680895553,9207149.9816349],[239512.3646232151,9207149.4340809],[239512.24759180422,9207147.2438649],[239512.54923950002,9207145.735532736],[239512.90985045384,9207144.5060949],[239514.1082499424,9207143.4109869],[239516.92967150002,9207141.80362668],[239525.9643125,9207138.604656694],[239527.60697450003,9207137.796756158],[239528.77129006878,9207136.8403389],[239530.82380655367,9207132.7336839],[239534.0189836902,9207122.6039349],[239535.82028450002,9207119.036034176],[239537.18916950002,9207117.31704046],[239540.74827050001,9207114.411129737],[239544.5811485,9207112.524933726],[239552.30671254246,9207110.0101929],[239555.5322285,9207109.251852058],[239560.46021450002,9207108.471977513],[239573.32773350002,9207107.326060986],[239580.1721585,9207106.482170053],[239585.10014450003,9207105.34354186],[239591.94456950002,9207103.322606808],[239598.5152175,9207102.089863827],[239614.66806050003,9207101.062982837],[239625.61914050003,9207101.356594883],[239635.20133550002,9207100.814459074],[239639.85554450002,9207100.959605258]]}},{"type":"Feature","properties":{"fid":299,"ID":298,"ELEV":48.0},"geometry":{"type":"LineString","coordinates":[[239472.6629669732,9207453.1896624],[239474.11870375666,9207448.6723419],[239474.4228984674,9207445.9345719],[239474.341539747,9207441.8279169],[239473.78079675516,9207433.8883839],[239474.21410686296,9207425.675073901],[239473.957903671,9207419.3782029],[239474.1630102785,9207415.2715479],[239475.55282155864,9207407.8795689],[239478.41709768568,9207399.3924819],[239479.1636771427,9207395.5596039],[239479.20586104982,9207393.3693879],[239478.69408068192,9207389.2627329],[239477.5910766834,9207384.8823009],[239474.0321663289,9207375.5738829],[239472.5096901293,9207370.919673901],[239470.01210329373,9207358.5997089],[239467.4950923954,9207347.9224059],[239466.75901303178,9207343.5419739],[239466.4917919296,9207339.1615419],[239466.7390592006,9207336.9713259],[239467.35710426344,9207334.5073329],[239468.01639696088,9207332.8646709],[239469.82642953616,9207329.8531239],[239474.77075623028,9207323.5562529],[239478.08745551264,9207317.2593819],[239479.96977650002,9207314.545052845],[239485.16943159277,9207309.0460719],[239492.1473531288,9207300.5589849],[239493.93240350002,9207298.969962822],[239496.67017350002,9207297.208679792],[239499.68172050003,9207295.89145982],[239501.32438250002,9207295.514462303],[239503.24082150002,9207295.405933341],[239505.7048145,9207295.585714146],[239509.26391550002,9207296.185413258],[239519.3936645,9207299.0362192],[239522.1314345,9207299.392836707],[239525.9643125,9207298.987255814],[239531.9874065,9207297.670741308],[239534.29269252732,9207296.7261069],[239544.0335945,9207290.036596717],[239547.65639165413,9207286.5963579],[239549.34782155458,9207284.4061419],[239551.42803441687,9207280.847040901],[239552.70921100557,9207277.561716901],[239553.36183561696,9207274.2763929],[239553.45536990705,9207272.0861769],[239551.45329176573,9207257.5759959],[239550.725540213,9207253.4693409],[239549.75746578918,9207249.9102399],[239547.88433384275,9207244.708476901],[239546.018571381,9207238.6853829],[239545.29989352156,9207235.400058901],[239544.75207106615,9207231.0196269],[239544.43009389626,9207223.627647901],[239544.49067283908,9207201.9992649],[239544.1101731229,9207191.5957389],[239544.57359041763,9207184.203759901],[239544.90342152884,9207182.2873209],[239545.52367653803,9207180.9184359],[239546.47382745802,9207179.8233279],[239548.98038538487,9207177.9068889],[239557.61168960392,9207172.9789029],[239560.02947834646,9207171.8837949],[239562.9890286184,9207170.2411329],[239567.5784165,9207168.282150699],[239579.21063707204,9207164.4918159],[239582.8454301463,9207162.8491539],[239586.74280650003,9207161.424432117],[239590.02813050002,9207158.766826317],[239594.1347855,9207159.376806114],[239594.9667831364,9207159.2900529],[239596.43290709285,9207158.7424989],[239597.29274803848,9207157.0998369],[239594.68233950002,9207157.451309092],[239590.02813050002,9207158.724312386],[239585.64769850002,9207156.68036059],[239579.8983815,9207155.941630265],[239573.6015105,9207155.398360534],[239569.76863250002,9207154.817418655],[239565.9357545,9207154.741781672],[239563.47176150003,9207155.18573116],[239559.09132950002,9207155.602340214],[239557.44866750002,9207155.338253794],[239554.9846745,9207155.835299673],[239550.3304655,9207156.306126075],[239540.74827050001,9207156.774198912],[239530.6185215,9207157.829605311],[239525.4167585,9207157.985188324],[239521.58388050002,9207157.777731318],[239518.29855650003,9207157.298706898],[239515.28700950003,9207156.560807258],[239511.79987274003,9207154.9096209],[239508.7163615,9207152.899773043],[239507.0736995,9207151.667153254],[239505.9432061636,9207150.529188901],[239504.9906165344,9207148.886526901],[239504.85862855075,9207148.065195901],[239505.05151200815,9207145.8749799],[239505.77462819396,9207144.2323179],[239507.46049515347,9207142.042101901],[239509.88450678304,9207139.8518859],[239513.3705705,9207137.92432644],[239519.85017025983,9207135.1976769],[239521.58388050002,9207134.295843026],[239522.98156948425,9207133.2812379],[239524.26441511765,9207131.912352901],[239525.6905355,9207129.628097156],[239527.22783821955,9207126.4368129],[239529.41657966695,9207120.9612729],[239530.86500672615,9207118.497279901],[239533.03055833693,9207116.033286901],[239534.7251765,9207114.61242505],[239537.18916950002,9207112.956568306],[239539.6531625,9207111.595926872],[239543.75981750002,9207109.812397858],[239554.16334350003,9207107.05553191],[239557.17489050003,9207106.431695182],[239561.82909950003,9207105.896797987],[239567.3046395,9207105.576792097],[239579.35082750002,9207104.241414424],[239584.5525905,9207103.243919222],[239589.4805765,9207101.737925803],[239594.95611650002,9207100.769708795],[239598.7889945,9207100.30367301],[239611.93029050002,9207099.473755201],[239625.0715865,9207099.22623325],[239633.2848965,9207098.608705029],[239639.85554450002,9207098.754017258],[239642.86709150003,9207099.125085467],[239644.78353050002,9207099.58497867],[239651.6279555,9207101.669209408],[239655.18705650003,9207103.04604023],[239658.74615750002,9207104.861640856],[239660.9893847748,9207106.4510919],[239662.14347178984,9207107.546199901],[239663.48670894833,9207110.2839699],[239663.91233353398,9207112.2004089],[239664.3187968587,9207119.318610901],[239666.02757196655,9207121.5088269],[239669.6005637113,9207125.341704901],[239670.72323095813,9207126.984366901],[239671.6999932291,9207129.1745829],[239672.1326612684,9207131.091021901],[239672.2203463272,9207132.7336839],[239672.01818445188,9207134.3763459],[239671.65510462306,9207135.1976769],[239670.34789079914,9207137.114115901],[239668.45188441433,9207139.0305549],[239667.13622285303,9207139.8518859],[239660.67139909483,9207145.0536489],[239658.74615750002,9207146.349842513],[239655.18705650003,9207147.985424455],[239652.44928650002,9207148.72961253],[239651.6279555,9207148.511983836],[239649.16396250002,9207149.389457703],[239648.3426315,9207150.74847229],[239645.09898267259,9207151.0767429],[239642.37312939184,9207151.8980739],[239640.12932150002,9207153.582049096],[239637.11777450002,9207154.033877257],[239634.89815022892,9207155.7309519],[239634.98988171952,9207156.0047289],[239637.6653285,9207156.629021714],[239639.0342135,9207156.464105673],[239640.08993069158,9207157.6473909],[239642.86709150003,9207158.514442116],[239646.15241550002,9207160.03341833],[239649.9852935,9207161.06298376],[239657.91960573342,9207163.6704849],[239672.1612305,9207167.481536815],[239682.29097950002,9207170.577949662],[239693.7896135,9207173.543548696],[239702.55047750002,9207176.601735182],[239711.85889550002,9207180.536785157],[239723.3575295,9207185.775905121],[239727.19040750002,9207188.035790065],[239729.95242072272,9207189.9530769],[239735.4037175,9207194.730395349],[239738.7193404789,9207198.9877179],[239740.45523640394,9207202.2730419],[239741.80059748652,9207205.8321429],[239743.83783906754,9207213.2241219],[239744.80758349333,9207218.1521079],[239745.48315014463,9207223.3538709],[239746.78844522746,9207240.0542679],[239747.21031024016,9207250.7315709],[239747.56708527377,9207253.195563901],[239748.30780702646,9207255.659556901],[239750.0787890705,9207259.2186579],[239751.7431459595,9207261.4088739],[239755.38943850002,9207264.785774875],[239759.45051193016,9207267.9795219],[239764.42407950002,9207271.38866233],[239779.2080375,9207280.103840785],[239795.36088050003,9207290.258090602],[239801.27449349075,9207293.1670059],[239807.05452902138,9207295.3572219],[239808.3312345677,9207296.1785529],[239809.68803407977,9207297.5474379],[239810.49217369774,9207299.1900999],[239810.68982436229,9207300.0114309],[239811.7695771753,9207307.6771869],[239813.00072560186,9207312.3313959],[239814.51846408955,9207315.6167199],[239816.4417095,9207318.987038443],[239822.05241945776,9207327.3891309],[239825.08765309796,9207334.781109901],[239827.14113658582,9207338.8877649],[239830.85167726158,9207344.910858901],[239835.7425963305,9207352.0290609],[239838.9024883903,9207356.4094929],[239844.91214096357,9207364.0752489],[239848.6872166433,9207369.5507889],[239852.2069218849,9207375.5738829],[239857.81544207383,9207386.5249629],[239861.16910289507,9207392.2742799],[239864.9308729715,9207396.9284889],[239868.1855625,9207398.272400737],[239872.67960117638,9207399.6662589],[239875.30376450001,9207400.841331877],[239878.04153450002,9207402.852899326],[239879.54150272012,9207404.3204679],[239881.05308150002,9207406.7534588],[239883.80941150026,9207412.2600009],[239886.2548445,9207415.682056837],[239892.5517155,9207423.417960579],[239899.40715516987,9207430.8768369],[239904.1442879525,9207436.6261539],[239907.867439346,9207440.4590319],[239909.25211250002,9207441.415038763],[239914.4538755,9207443.396139914],[239917.7391995,9207444.486446384],[239919.1080845,9207444.716180643],[239923.7622935,9207444.031084957],[239932.52315750002,9207441.49408493],[239935.97539823715,9207439.6377009],[239938.54625150003,9207437.709315779],[239940.17586134071,9207436.0785999],[239950.1474995209,9207423.2110809],[239951.41377050002,9207420.890053902],[239952.51598399825,9207417.7355409],[239952.9654981601,9207414.723993901],[239952.94268113235,9207410.3435619],[239952.33864216288,9207406.5106839],[239951.13129579474,9207402.4040289],[239947.24149698872,9207395.285826901],[239946.3473519789,9207392.2742799],[239946.08909813847,9207390.0840639],[239946.07401097126,9207387.6200709],[239946.84380057693,9207381.870753901],[239947.6088500326,9207378.8592069],[239949.59237549585,9207373.6574439],[239951.25731991677,9207370.6458969],[239953.22734340784,9207367.9081269],[239955.46726656638,9207365.4441339],[239957.71064150002,9207363.42569056],[239960.44841150002,9207361.441852594],[239963.45995850003,9207359.7378176],[239967.2928365,9207358.17057918],[239971.9470455,9207356.759708755],[239982.07679450003,9207354.082104271],[239991.1114355,9207352.086628262],[239993.57542850001,9207351.21998502],[240000.4198535,9207348.283651102],[240003.1576235,9207347.406249903],[240005.34783950003,9207347.222428279],[240007.8118325,9207347.839091683],[240010.27582550002,9207349.44470898],[240012.7398185,9207351.954313658],[240018.96071905014,9207359.147262901],[240022.86956750002,9207362.759434162],[240026.97622250003,9207365.508994877],[240034.07374195196,9207369.277011901],[240038.88552200003,9207372.66627475]]}},{"type":"Feature","properties":{"fid":300,"ID":299,"ELEV":53.5},"geometry":{"type":"LineString","coordinates":[[239829.82558553523,9207098.1008934],[239828.7616745,9207097.802945185],[239828.42892187397,9207097.2795624]]}},{"type":"Feature","properties":{"fid":301,"ID":300,"ELEV":53.5},"geometry":{"type":"LineString","coordinates":[[239826.51220338524,9207097.0057854],[239826.87084964805,9207099.6066669],[239826.80294434528,9207102.618213901],[239826.53834031452,9207104.5346529],[239825.86680168047,9207106.724868901],[239824.56601650402,9207109.4626389],[239823.12734384002,9207111.3790779],[239822.40537756312,9207112.7479629],[239822.04195238918,9207113.0217399],[239822.19102650002,9207113.232194329],[239823.0123575,9207113.120822309],[239824.3812425,9207113.721336225],[239825.47635050002,9207113.941912495],[239826.57145850002,9207113.87203209],[239827.6665665,9207113.530335678],[239829.10092757945,9207112.4741859],[239832.3207755,9207108.464755863],[239832.8727675693,9207106.9986459],[239833.05637218308,9207105.6297609],[239833.01143732967,9207103.9870989],[239832.68898338868,9207102.0706599],[239832.26975657523,9207100.7017749],[239831.69476926056,9207099.6066669],[239830.95189050003,9207098.811698817],[239829.86843709368,9207098.1008934]]}},{"type":"Feature","properties":{"fid":302,"ID":301,"ELEV":48.5},"geometry":{"type":"LineString","coordinates":[[239468.49490804717,9207452.0945544],[239469.98677235478,9207446.7559029],[239470.12744206667,9207445.1132409],[239469.51328725388,9207437.1737079],[239469.3154959901,9207431.4243909],[239469.52127971695,9207422.6635269],[239469.90822431308,9207416.9142099],[239471.35939377133,9207407.8795689],[239473.69786156615,9207398.5711509],[239474.22500351662,9207393.643164901],[239473.84485680645,9207390.6316179],[239473.26556572542,9207388.4414019],[239470.0306100545,9207380.228091901],[239468.01571913512,9207373.1098899],[239465.32654794576,9207358.5997089],[239462.8391311688,9207341.0779809],[239462.92803914638,9207336.6975489],[239463.55443150274,9207333.959778901],[239464.63236876688,9207331.2220089],[239466.8284805,9207327.572870977],[239471.74431164138,9207321.6398139],[239472.8515745,9207319.750303786],[239475.67500999584,9207313.700280901],[239478.05333750002,9207309.980882755],[239486.8031300112,9207299.1900999],[239489.809833167,9207296.1785529],[239491.8131644888,9207294.5358909],[239494.2061805,9207292.940909412],[239496.67017350002,9207291.779563941],[239499.4079435,9207290.926915947],[239501.8719365,9207290.517713327],[239508.4425845,9207290.72725821],[239518.57233350002,9207292.309832055],[239521.58388050002,9207292.24158948],[239523.7740965,9207291.834486946],[239528.15452850002,9207290.462801613],[239530.49594467282,9207289.334127901],[239534.7251765,9207286.51461744],[239536.91539250003,9207284.766602151],[239539.45572536657,9207282.2159259],[239541.60201501552,9207279.4781559],[239543.00874578144,9207277.0141629],[239544.06408474594,9207274.2763929],[239544.7506328131,9207271.5386229],[239545.01920443974,9207269.6221839],[239545.07903885067,9207260.5875429],[239544.70740102083,9207255.3857799],[239543.86921754066,9207250.7315709],[239541.04203648886,9207239.7804909],[239540.40712090296,9207236.2213899],[239539.65863141103,9207229.650741901],[239538.50126208275,9207197.618832901],[239537.75473647256,9207192.4170699],[239535.6515516346,9207184.203759901],[239535.4879036645,9207182.2873209],[239535.716851657,9207181.1922129],[239536.50502811858,9207180.0971049],[239538.49616709413,9207178.1806659],[239541.2958245,9207176.013694083],[239551.16694917306,9207169.6935789],[239553.75920147027,9207167.7771399],[239554.95259369115,9207166.1344779],[239555.4881923035,9207165.0393699],[239555.51975392998,9207163.3967079],[239552.2469045,9207160.577227999],[239550.1569448662,9207159.5638299],[239547.5926955,9207158.805406732],[239539.3793855,9207158.734470487],[239531.9874065,9207159.633987805],[239523.7740965,9207159.995675998],[239517.7510025,9207159.590591982],[239515.28700950003,9207159.170941876],[239512.67984215159,9207158.4687219],[239508.1688075,9207156.691083178],[239505.04956188126,9207155.1833979],[239501.8719365,9207153.092112564],[239500.43010545048,9207151.6242969],[239499.32795422504,9207149.707857901],[239499.06587995565,9207147.2438649],[239499.5105147842,9207144.2323179],[239500.0239768077,9207142.863432901],[239501.32438250002,9207140.991477609],[239504.33592950003,9207138.281930158],[239507.62125350002,9207136.117617037],[239517.01058201332,9207130.8172449],[239519.94121850003,9207128.334898135],[239521.58388050002,9207126.201383213],[239522.6796912807,9207124.2465969],[239523.65748368317,9207122.3301579],[239525.19504479956,9207118.497279901],[239526.4243256618,9207116.5808409],[239528.52403131637,9207114.390624901],[239530.3447445,9207112.991041321],[239534.17762250002,9207110.539435914],[239541.2958245,9207107.15752249],[239546.22381050003,9207105.80452517],[239550.05668850002,9207105.044093825],[239552.52068150003,9207104.150657848],[239558.5437755,9207103.13453885],[239561.5553225,9207102.751968777],[239571.9588485,9207102.127742853],[239577.70863349488,9207101.5231059],[239581.2672665,9207100.965220101],[239586.74280650003,9207099.486017877],[239595.7774475,9207098.27475873],[239604.8120885,9207097.830149135],[239606.1809735,9207097.958363287],[239610.01385150003,9207097.508695818],[239620.96493150003,9207097.567944627],[239631.0946805,9207096.621229917],[239637.11777450002,9207096.521245904],[239642.86709150003,9207097.116513593],[239652.72306350002,9207099.6069654],[239658.47238050002,9207101.740993263],[239660.9363735,9207102.910854105],[239663.4206434963,9207104.5346529],[239665.73891337984,9207106.724868901],[239666.9594675,9207108.639037777],[239667.65928576497,9207110.8315239],[239668.46078385913,9207116.5808409],[239668.88916108786,9207118.2235029],[239673.18026559727,9207126.163035901],[239674.41346717963,9207129.9959139],[239674.88025336535,9207133.2812379],[239674.8072313929,9207135.7452309],[239674.1653034656,9207138.4830009],[239672.70878450002,9207141.375594918],[239671.47256235988,9207143.1372099],[239668.3418121459,9207148.6127499],[239666.74081784353,9207152.4456279],[239667.51330248383,9207156.2785059],[239670.4349383165,9207158.7424989],[239675.8840689816,9207161.480268901],[239681.4696485,9207163.717601899],[239697.89626850002,9207169.69648113],[239707.7522405,9207173.669986386],[239724.0768090276,9207181.1922129],[239728.3502249013,9207183.382428901],[239735.12994050002,9207187.303622061],[239740.87925750003,9207191.450123446],[239742.9208450579,9207193.5121779],[239745.10649693408,9207196.2499479],[239746.74970674867,9207199.5352719],[239747.11337272145,9207201.4517109],[239748.7704899598,9207206.6534739],[239750.08340781333,9207211.5814599],[239752.1654120168,9207220.342323901],[239755.08722339614,9207236.2213899],[239757.34168388008,9207246.8986929],[239758.02573673718,9207249.0889089],[239759.14360308315,9207251.5529019],[239761.23544212716,9207254.5644489],[239764.15030250003,9207257.561045213],[239767.6678755281,9207260.5875429],[239774.38027944352,9207265.789305901],[239785.094177908,9207272.9075079],[239798.76714664666,9207282.4897029],[239805.73083007548,9207286.870134901],[239812.88260850002,9207290.977580212],[239815.34660150003,9207292.962615436],[239817.34300658028,9207295.3572219],[239818.90570250002,9207298.376219915],[239819.6152748021,9207300.5589849],[239821.75656415813,9207309.8674029],[239823.40626478897,9207314.521611901],[239825.4557481967,9207318.6282669],[239828.8226364642,9207324.1038069],[239834.1271919673,9207335.0548869],[239846.26842199784,9207354.7668309],[239852.26602160954,9207362.7063639],[239855.22238165353,9207367.0867959],[239859.35465485413,9207373.9312209],[239862.43624550002,9207379.631170454],[239864.9002385,9207383.340635572],[239866.5429005,9207385.265488232],[239869.5544475,9207387.770722752],[239871.74466350002,9207388.815550439],[239878.04153450002,9207390.286811281],[239880.2317505,9207391.203136198],[239882.69574350002,9207392.975094097],[239884.60524368676,9207395.0120499],[239885.70729050002,9207396.663833262],[239888.85432441128,9207402.6778059],[239892.27793850002,9207407.50668893],[239895.28948550002,9207411.11254781],[239900.7650255,9207416.378920477],[239902.45061864422,9207417.7355409],[239904.59790350002,9207419.08460022],[239918.56053050002,9207426.525081774],[239921.84585450002,9207428.719900114],[239922.6671855,9207428.974815939],[239923.48851650002,9207428.532424659],[239924.58362450002,9207428.298017042],[239927.53217856196,9207426.496404901],[239931.15427250002,9207423.416744756],[239933.0707115,9207421.145761516],[239935.09713063203,9207418.2830949],[239938.54625150003,9207413.116580086],[239940.0952129417,9207410.3435619],[239940.89509419195,9207407.8795689],[239941.26739077567,9207405.6893529],[239941.05678659002,9207402.130251901],[239940.26593439444,9207398.2973739],[239940.04178543086,9207395.8333809],[239940.10793797328,9207392.5480569],[239941.19258304653,9207385.7036319],[239942.71648018542,9207378.5854299],[239943.70745179494,9207375.0263289],[239944.78705680053,9207372.0147819],[239946.16017549674,9207369.0032349],[239947.4411332428,9207366.8130189],[239950.1710254546,9207363.2539179],[239952.95960429613,9207360.5161479],[239955.2466485,9207358.589323208],[239957.5514741035,9207356.9570469],[239960.44841150002,9207355.277655456],[239964.2812895,9207353.739026055],[239968.11416750003,9207352.627592321],[239975.2323695,9207351.385825714],[239984.5407875,9207350.34383039],[239989.4687735,9207349.334492214],[239991.93276650002,9207348.464390052],[239997.68208350003,9207345.446344335],[240002.06251550003,9207343.474679641],[240003.97895450002,9207342.933242265],[240005.89539350002,9207342.834870744],[240007.8118325,9207343.312605783],[240009.4544945,9207344.241752794],[240012.7398185,9207347.369359694],[240020.4055745,9207358.119722126],[240023.96467550003,9207361.790853254],[240027.52377650002,9207364.427454356],[240029.9877695,9207365.807119245],[240036.0108635,9207368.666577982],[240038.88552200003,9207370.724021887]]}},{"type":"Feature","properties":{"fid":303,"ID":302,"ELEV":49.0},"geometry":{"type":"LineString","coordinates":[[239462.82641691825,9207450.7256694],[239463.93454123507,9207446.2083489],[239464.44264296207,9207441.2803629],[239464.17037652317,9207426.496404901],[239464.31510651298,9207424.3061889],[239466.76599740217,9207411.4386699],[239468.7233520666,9207395.285826901],[239468.63085724358,9207393.3693879],[239468.2444247082,9207391.179171901],[239465.4944359352,9207382.4183079],[239462.05319093034,9207365.9916879],[239460.8663039756,9207358.5997089],[239459.11035675937,9207339.9828729],[239459.18967173304,9207337.245102901],[239459.563288457,9207334.5073329],[239460.1142146628,9207332.3171169],[239460.96565357439,9207330.1269009],[239463.17104015994,9207326.0202459],[239467.37603450002,9207320.774785925],[239469.51384359394,9207317.5331589],[239473.28041260882,9207309.8674029],[239476.53765072286,9207304.3918629],[239481.06488450003,9207297.88693177],[239483.25766960284,9207295.3572219],[239485.4453165,9207293.266118363],[239488.4568635,9207290.793110512],[239492.01596450002,9207288.396859795],[239494.4799575,9207287.084300244],[239497.2177275,9207285.984770352],[239502.1457135,9207284.89219316],[239505.7048145,9207284.632402213],[239512.54923950002,9207284.498255385],[239517.63915687552,9207283.8585879],[239521.58388050002,9207282.813848818],[239524.0478735,9207281.859518899],[239526.23808950002,9207280.739610499],[239528.153357512,9207279.4781559],[239531.8792635164,9207276.1928319],[239533.85069945216,9207274.0026159],[239534.76990832062,9207272.6337309],[239536.10927133335,9207269.6221839],[239536.55790914202,9207267.7057449],[239537.02401352476,9207264.146643901],[239537.48596934896,9207258.123549901],[239537.329703126,9207252.9217869],[239536.91641845842,9207248.8151319],[239535.3135913271,9207239.7804909],[239534.2309933834,9207231.5671809],[239533.51481587236,9207222.2587629],[239532.6234946113,9207206.105919901],[239531.78767836603,9207198.9877179],[239531.28643474347,9207196.5237249],[239530.3927288508,9207193.7859549],[239529.3209148421,9207191.5957389],[239526.06252568922,9207186.3939759],[239525.69581471905,9207184.4775369],[239526.01041701625,9207183.1086519],[239527.3968787803,9207180.3708819],[239529.24963650003,9207177.962565983],[239536.43034895667,9207169.6935789],[239537.0056107311,9207168.5984709],[239537.58758290633,9207166.6820319],[239536.91539250003,9207165.280957773],[239534.45139950002,9207164.822777158],[239532.62781215273,9207163.3967079],[239531.7136295,9207163.007026337],[239527.3331975,9207162.388364123],[239523.7740965,9207162.534813479],[239516.3821175,9207161.97239307],[239512.00168550003,9207161.225222824],[239507.89503050002,9207160.04757386],[239502.96704450002,9207158.04916946],[239500.7768285,9207156.966427773],[239497.4915045,9207154.931098338],[239496.16149173654,9207153.814512901],[239494.3730814743,9207151.350519901],[239493.83433672666,9207149.1603039],[239493.75353311744,9207146.4225339],[239493.93482860472,9207144.2323179],[239494.31586190555,9207142.5896559],[239495.1636699908,9207140.399439901],[239495.97329593357,9207139.0305549],[239497.4915045,9207137.31810176],[239499.6856548573,9207135.7452309],[239506.4528441286,9207131.912352901],[239512.8230165,9207127.903783185],[239515.52262965727,9207125.6154819],[239516.69228829877,9207123.6990429],[239517.41979316933,9207121.7826039],[239518.65205910453,9207117.1283949],[239519.26348752357,9207115.4857329],[239520.21499550002,9207113.784915024],[239521.58388050002,9207112.191182205],[239522.8271716932,9207111.1053009],[239535.54650750002,9207103.927485244],[239539.3793855,9207101.98787384],[239545.9500335,9207098.86413148],[239551.6993505,9207096.740572339],[239556.6273365,9207096.116940662],[239563.1979845,9207096.214603577],[239566.75708550002,9207095.503499506],[239572.2326255,9207095.725208046],[239576.6130575,9207095.106844636],[239578.5294965,9207095.437441843],[239579.8983815,9207095.119625436],[239580.99348950002,9207094.629838666],[239582.9099285,9207094.628756065],[239585.9214755,9207094.082677757],[239592.2183465,9207093.750350604],[239594.95611650002,9207093.983673852],[239597.4201095,9207093.54837206],[239600.1578795,9207093.864179818],[239607.54985850002,9207093.75377081],[239612.4778445,9207094.378209628],[239613.68939573443,9207094.952457901],[239620.4173775,9207095.355521377],[239630.54712650002,9207094.265190797],[239636.2964435,9207094.119982567],[239639.3079905,9207094.350438926],[239644.23597650003,9207095.127555795],[239655.18705650003,9207097.90168636],[239662.8528125,9207100.730792252],[239665.04302850002,9207101.900779277],[239667.47137595914,9207103.7133219],[239668.82836922456,9207105.082206901],[239669.8264679021,9207106.4510919],[239670.85145443215,9207108.6413079],[239671.47479905904,9207110.8315239],[239672.5287779276,9207116.033286901],[239676.12254919426,9207126.4368129],[239677.49833814474,9207131.912352901],[239678.0003923878,9207135.1976769],[239678.1574476471,9207137.935446901],[239677.690961853,9207142.042101901],[239677.72126374656,9207143.1372099],[239677.26050813266,9207146.1487569],[239677.65660941307,9207148.886526901],[239678.7712082545,9207151.6242969],[239680.64831750002,9207153.81233592],[239682.29097950002,9207155.165520223],[239685.8500805,9207157.281436406],[239690.5042895,9207159.442691788],[239707.7522405,9207166.530583471],[239716.23932750002,9207170.216993012],[239733.21350150002,9207178.586067686],[239737.42017668116,9207180.9184359],[239746.8924320435,9207186.667752901],[239751.22025622378,9207189.6792999],[239755.6632155,9207193.6478953],[239757.41762081633,9207196.2499479],[239758.48873139615,9207198.9877179],[239758.633960975,9207201.1779339],[239757.6754470958,9207205.5583659],[239757.71068455512,9207208.8436899],[239757.91027419528,9207211.3076829],[239758.86283592458,9207216.2356689],[239765.1781357612,9207238.4116059],[239766.442946116,9207241.6969299],[239767.91992142046,9207244.708476901],[239769.84667864532,9207247.7200239],[239772.3544060435,9207250.7315709],[239774.00627450002,9207252.389407607],[239776.61330903554,9207254.5644489],[239780.8506995,9207257.615305433],[239797.17127497535,9207268.5270759],[239809.59728450002,9207278.158896467],[239819.1078725054,9207284.9536959],[239823.83368850002,9207288.601126064],[239826.05303689238,9207290.7030129],[239827.73944953812,9207292.8932289],[239829.45944634487,9207295.9047759],[239831.0787981277,9207301.106538901],[239832.97200654712,9207309.8674029],[239834.36021012883,9207314.7953889],[239837.79631550002,9207322.461532412],[239841.12446349076,9207329.0317929],[239842.9980785,9207332.416685427],[239849.17935658334,9207342.4468659],[239855.28109099553,9207353.3979459],[239862.74869014617,9207363.5276949],[239869.52143103254,9207373.3836669],[239872.01844050002,9207376.346962465],[239873.66110250002,9207377.870723465],[239875.30376450001,9207378.957021613],[239877.2202035,9207379.545673432],[239879.95797350002,9207379.77533577],[239884.61218250002,9207380.749961065],[239887.34995250002,9207382.018392207],[239890.9090535,9207384.507598327],[239893.37304650003,9207387.703547556],[239895.4331253036,9207391.7267259],[239896.1108165,9207392.65536554],[239898.02725550003,9207394.510970391],[239902.4076875,9207399.503196117],[239904.32412650003,9207401.294785675],[239906.24056550002,9207402.565243715],[239908.4307815,9207403.544181406],[239911.1685515,9207404.383266138],[239915.00142950003,9207404.310778238],[239917.4654225,9207403.796241002],[239920.20319250002,9207402.850010615],[239922.3934085,9207401.660814952],[239925.1311785,9207399.552429514],[239927.43584535332,9207396.9284889],[239930.39198389102,9207392.821833901],[239932.62365791775,9207389.5365099],[239934.26542349247,9207386.2511859],[239935.62121079655,9207383.2396389],[239936.89744931154,9207379.406760901],[239937.897324403,9207374.7525519],[239939.75490706714,9207368.455680901],[239941.6282465108,9207364.3490259],[239943.13862283787,9207362.1588099],[239945.20729624695,9207359.6948169],[239947.58089250003,9207357.37659233],[239951.13999350002,9207354.572605882],[239955.79420250002,9207351.71911805],[239959.9008575,9207349.652925175],[239963.18618150003,9207348.321686886],[239967.84039050003,9207346.957989052],[239970.3043835,9207346.439481806],[239973.04215350002,9207346.216447396],[239979.06524750002,9207346.295088451],[239983.1719025,9207346.095758324],[239988.8878879136,9207344.910858901],[239990.82092900478,9207344.0895279],[239995.4918675,9207341.261822585],[240000.1460765,9207337.652635321],[240001.42180409585,9207336.9713259],[240002.8290441601,9207335.3286639],[240003.24254506946,9207334.5073329],[240003.16543306998,9207334.2335559],[240001.78621391702,9207332.8646709],[240000.63984245097,9207330.9482319],[240000.300167142,9207329.8531239],[239999.74168923698,9207327.3891309],[239998.92760502576,9207317.2593819],[239999.4992562587,9207314.7953889],[240000.58018415564,9207313.4265039],[240001.6286268018,9207312.878949901],[240004.8002855,9207313.128787508],[240007.53805550002,9207313.918273138],[240012.4660415,9207317.211795004],[240014.66872568824,9207319.4495979],[240016.067165339,9207322.7349219],[240014.3621353036,9207326.5677999],[240012.20475279956,9207329.5793469],[240008.35938650003,9207333.754858274],[240005.93116071617,9207334.5073329],[240007.53805550002,9207335.706371017],[240008.5074846381,9207337.5188799],[240010.00204850003,9207338.600755656],[240013.28737250002,9207342.353922766],[240016.40480858635,9207346.8272979],[240020.57546819636,9207354.2192769],[240022.90597947015,9207357.7783779],[240025.04957575336,9207360.5161479],[240029.16643850002,9207363.9640035],[240031.90420850003,9207365.398543691],[240036.28464050003,9207367.18562313],[240038.88552200003,9207368.804187626]]}},{"type":"Feature","properties":{"fid":304,"ID":303,"ELEV":53.0},"geometry":{"type":"LineString","coordinates":[[239819.05091162273,9207092.0777994],[239820.91116130355,9207094.4049039],[239822.7247055626,9207097.416450901],[239823.43819747286,9207099.3328899],[239823.65348630218,9207101.5231059],[239823.00011252472,9207104.5346529],[239822.14525914655,9207106.4510919],[239821.3696955,9207107.487023408],[239820.0008105,9207108.743203465],[239818.3581485,9207110.036033807],[239813.4301625,9207113.240980642],[239810.79361709356,9207114.6644019],[239809.83896146185,9207114.9381789],[239810.4186155,9207115.061734766],[239811.23994650002,9207115.855202788],[239814.7990475,9207116.301832493],[239818.91413692883,9207117.675948901],[239823.88346613638,9207120.139941901],[239826.15879205032,9207121.7826039],[239826.41804808116,9207122.3301579],[239826.47705263796,9207123.4252659],[239826.84523550002,9207123.862149742],[239830.95189050003,9207124.716287388],[239838.0700925,9207125.47364736],[239852.3064965,9207125.995785682],[239857.78203650002,9207125.780393759],[239870.64955550001,9207123.938356532],[239882.832632,9207123.991264772]]}},{"type":"Feature","properties":{"fid":305,"ID":304,"ELEV":57.5},"geometry":{"type":"LineString","coordinates":[[239252.871755,9207085.502079003],[239253.22903354216,9207085.3702629],[239253.14553200002,9207084.936995376]]}},{"type":"Feature","properties":{"fid":306,"ID":305,"ELEV":55.0},"geometry":{"type":"LineString","coordinates":[[239391.01134040536,9207337.9295454],[239389.24073503865,9207334.5073329],[239387.65498006923,9207329.3055699],[239385.55565885565,9207324.1038069],[239384.84583850906,9207321.6398139],[239384.75061843832,9207319.7233749],[239386.32988003813,9207316.4380509],[239390.63702219538,9207309.8674029],[239393.4562445,9207304.139257215],[239394.41833764064,9207301.3803159],[239397.28912250002,9207291.446422754],[239402.01280851648,9207281.6683719],[239402.96029667207,9207278.9306019],[239404.08584471067,9207274.2763929],[239404.60828037027,9207269.074629901],[239404.31344297004,9207260.0399889],[239404.69343650772,9207249.0889089],[239404.58869278032,9207243.3395919],[239403.6265481309,9207234.578727901],[239401.32828140937,9207224.7227559],[239399.60802565762,9207220.6161009],[239397.56289950002,9207217.14907837],[239396.359712552,9207215.6881149],[239393.4562445,9207212.97723088],[239388.2143808774,9207208.569912901],[239386.34864618315,9207206.105919901],[239384.6681041989,9207203.0943729],[239381.95761050002,9207199.834039915],[239377.5771785,9207196.417321205],[239374.22859506175,9207194.333508901],[239369.6376455,9207191.836897727],[239361.9718895,9207188.225508437],[239360.3292275,9207187.151968416],[239358.67176147868,9207185.2988679],[239358.0929334206,9207183.382428901],[239358.9603425,9207181.813491229],[239367.27202044387,9207175.716672901],[239369.5393313847,9207173.5264569],[239371.83900170441,9207170.5149099],[239373.21878347444,9207167.7771399],[239373.45998686115,9207166.408254901],[239372.6476793626,9207158.7424989],[239372.0315242366,9207154.3620669],[239371.12972458318,9207151.0767429],[239369.20891032304,9207147.2438649],[239367.37432324004,9207144.5060949],[239364.9834365,9207141.563567312],[239359.78167350002,9207136.992851323],[239357.93150794358,9207134.9238999],[239355.18267699695,9207130.269690901],[239354.7049434265,9207127.805697901],[239354.83035236556,9207125.341704901],[239355.33914008667,9207121.5088269],[239355.4496806107,9207118.497279901],[239355.0127270482,9207115.4857329],[239353.93210987124,9207112.7479629],[239350.21313188667,9207106.4510919],[239349.64246434107,9207104.8084299],[239349.09150253728,9207102.0706599],[239348.1553195444,9207100.4279979],[239346.3666005,9207098.450839613],[239345.2714925,9207097.669194227],[239342.80749950002,9207096.638525037],[239338.9746215,9207096.193943799],[239334.5941895,9207095.013503432],[239331.8939967353,9207093.5835729],[239328.0235415,9207090.862465436],[239323.3693325,9207088.08410568],[239319.53645450002,9207086.297087407],[239313.79453687838,9207084.822708901],[239313.03893712722,9207082.7693814]]}},{"type":"Feature","properties":{"fid":307,"ID":306,"ELEV":50.5},"geometry":{"type":"LineString","coordinates":[[239443.06600301585,9207437.0368194],[239442.81292994966,9207432.2457219],[239443.27845141423,9207430.0555059],[239444.05720981924,9207428.139066901],[239445.4142112186,9207425.9488509],[239449.06331676547,9207421.0208649],[239451.49696850003,9207416.865648896],[239452.6845229386,9207413.6288859],[239453.32515017272,9207411.1648929],[239453.52301238145,9207408.7008999],[239453.3049841794,9207405.6893529],[239451.60198379593,9207398.0235969],[239451.00981754274,9207393.3693879],[239451.04215854712,9207388.4414019],[239452.12770625073,9207381.870753901],[239452.04452250001,9207379.630656017],[239451.13378409244,9207374.7525519],[239448.50698774698,9207366.5392419],[239447.80297644166,9207363.5276949],[239446.70096232012,9207357.504600901],[239445.96883943278,9207351.2077299],[239445.83400396927,9207345.1846359],[239446.01107363115,9207341.3517579],[239446.80886140096,9207335.8762179],[239447.87328021714,9207332.0433399],[239450.02703483545,9207326.294022901],[239453.9609615,9207317.864839455],[239455.9015101032,9207314.521611901],[239460.2372853418,9207307.9509639],[239462.52574729474,9207303.8443089],[239467.66135503497,9207289.8816819],[239469.43885028287,9207285.7750269],[239471.08438340994,9207282.7634799],[239476.1368985,9207275.178515669],[239480.92330511683,9207267.1581909],[239484.35020850002,9207262.800629377],[239487.9093095,9207259.522854567],[239495.46111507298,9207254.2906719],[239497.8648043443,9207252.1004559],[239500.37356457667,9207249.0889089],[239503.24082150002,9207244.773650363],[239506.19530429543,9207239.5067139],[239507.3259182747,9207237.0427209],[239508.1688075,9207234.623911146],[239509.2464018243,9207229.9245189],[239509.55440774348,9207226.6391949],[239509.38493002937,9207223.0800939],[239508.51800618976,9207216.5094459],[239505.7454146964,9207205.5583659],[239504.79922857677,9207203.0943729],[239502.81759395965,9207200.082825901],[239499.56920764668,9207197.3450559],[239496.67017350002,9207195.67103718],[239490.64707950002,9207193.74552244],[239489.5878676271,9207193.2384009],[239488.7793548646,9207192.4170699],[239487.70202277263,9207190.7744079],[239487.30882379733,9207189.6792999],[239487.6053433727,9207186.9415299],[239488.72344749072,9207180.9184359],[239488.68729146596,9207178.4544429],[239488.17023599264,9207177.0855579],[239486.1015163272,9207174.074010901],[239477.71545565492,9207166.6820319],[239476.29833481635,9207164.765592901],[239475.04228842727,9207162.5753769],[239470.90291928998,9207154.9096209],[239470.00264835954,9207152.7194049],[239470.1365121385,9207151.8980739],[239471.9967586133,9207149.4340809],[239474.65138573217,9207146.6963109],[239476.1368985,9207144.735976236],[239477.30431717137,9207142.5896559],[239477.75565880787,9207140.399439901],[239477.90431653673,9207137.935446901],[239479.0269682881,9207131.6385759],[239480.2169700613,9207128.0794749],[239482.26046027904,9207123.9728199],[239487.26368455464,9207116.033286901],[239490.1405244122,9207110.5577469],[239491.68524718078,9207106.9986459],[239492.28288020298,9207103.439544901],[239492.07466264322,9207100.7017749],[239491.54026974773,9207098.5115589],[239491.24890485816,9207095.773788901],[239491.37568954402,9207092.2146879],[239491.7533212231,9207090.5720259],[239492.4824887834,9207089.2031409],[239494.08719724684,9207087.0129249],[239498.5109199936,9207082.358715901],[239500.04068777652,9207080.3053884]]}},{"type":"Feature","properties":{"fid":308,"ID":307,"ELEV":55.5},"geometry":{"type":"LineString","coordinates":[[239377.377268963,9207313.5633924],[239379.24514248737,9207308.2247409],[239381.26668404654,9207300.5589849],[239383.44648246074,9207289.6079049],[239384.77334853247,9207284.9536959],[239386.42029373464,9207274.8239469],[239387.42503618466,9207270.1697379],[239391.45120960788,9207258.123549901],[239393.20675825048,9207250.7315709],[239393.72655596837,9207242.7920379],[239393.65848656022,9207238.9591599],[239392.38047531858,9207229.650741901],[239391.9525586242,9207227.7343029],[239390.0707100222,9207222.5325399],[239388.16411029303,9207219.520992901],[239386.61181950002,9207217.968871325],[239377.30340150002,9207210.137958692],[239375.1478045146,9207208.0223589],[239370.45897650003,9207202.154450076],[239366.97450251112,9207198.9877179],[239364.9834365,9207197.608093662],[239353.68889773227,9207192.1432929],[239346.6403775,9207188.30088167],[239342.2599455,9207186.286007507],[239340.3435065,9207185.037208414],[239338.9746215,9207184.74933479],[239337.0581825,9207183.488213938],[239335.4155205,9207183.175233314],[239333.49908150002,9207182.243256528],[239332.6777505,9207182.06862571],[239332.28185305395,9207181.7397669],[239332.12894064223,9207181.4659899],[239335.9630745,9207180.69072969],[239336.93814908573,9207179.5495509],[239337.46529757782,9207179.2757739],[239340.6172835,9207178.386523033],[239343.9026075,9207178.032549595],[239349.10437050002,9207176.346905762],[239353.75857950002,9207174.477276156],[239360.05545050002,9207171.756198037],[239363.8883285,9207169.654238174],[239365.5309905,9207168.340606242],[239366.854945011,9207166.6820319],[239367.22372256374,9207164.765592901],[239366.17570767374,9207157.9211679],[239365.24366959356,9207154.3620669],[239364.1621055,9207151.585293466],[239361.42433550002,9207148.60796634],[239357.5914575,9207146.184105178],[239350.28617275288,9207143.1372099],[239348.32853921273,9207142.042101901],[239346.9141545,9207140.868344365],[239344.27776470818,9207137.3878929],[239343.0534464386,9207135.1976769],[239341.93738884624,9207132.1861299],[239341.3068354377,9207129.448359901],[239341.26653383457,9207127.2581439],[239341.57668351577,9207122.6039349],[239341.4433511263,9207120.9612729],[239340.78631825955,9207119.0448339],[239339.57029162126,9207117.1283949],[239337.3319595,9207114.909873342],[239334.51211534016,9207113.0217399],[239328.84487250002,9207110.781768473],[239327.44856331835,9207109.7364159],[239322.54800150002,9207103.120039742],[239320.3636593132,9207100.7017749],[239318.16756950002,9207098.94522058],[239315.1560225,9207097.347755734],[239310.5018135,9207096.417554406],[239300.0982875,9207096.085806219],[239298.1818485,9207095.828577481],[239295.1703015,9207095.781943368],[239292.70630850003,9207095.432638872],[239288.8734305,9207094.201385578],[239287.810386473,9207093.0360189],[239287.34044760556,9207091.3933569],[239287.72273714183,9207088.9293639],[239289.01314338448,9207086.7391479],[239291.43897247867,9207084.2751549],[239294.28341347643,9207082.358715901],[239297.63429450002,9207080.776472347],[239299.27695650002,9207080.233521365],[239303.59642805895,9207079.4840574]]}},{"type":"Feature","properties":{"fid":309,"ID":308,"ELEV":54.5},"geometry":{"type":"LineString","coordinates":[[239329.11864950001,9207079.32311318],[239330.1489967328,9207079.894722901],[239330.72560145654,9207080.716053901],[239330.62541494568,9207080.9898309],[239330.28373408396,9207081.2636079],[239329.3924265,9207081.427685289],[239327.47598750002,9207081.047552733],[239326.96436673126,9207080.1684999],[239327.20221050002,9207079.764688088],[239328.0235415,9207079.136375848],[239329.11864950001,9207079.32311318]]}},{"type":"Feature","properties":{"fid":310,"ID":309,"ELEV":57.0},"geometry":{"type":"LineString","coordinates":[[239285.72499500003,9207153.447417054],[239287.5045455,9207152.685595432],[239288.59965350002,9207152.890092256],[239290.7898695,9207154.206119396],[239293.1729583242,9207156.2785059],[239293.8014165,9207157.798963506],[239294.59292563703,9207158.7424989],[239296.26540950002,9207159.429530064],[239297.90807150002,9207159.441902764],[239300.99196048634,9207158.7424989],[239304.7524965,9207157.364301758],[239306.1213815,9207156.556649359],[239306.531276743,9207155.4571749],[239306.3951585,9207155.359772924],[239302.56228050002,9207156.09123235],[239300.91961850002,9207155.686314685],[239297.36051750003,9207155.375184469],[239295.4440785,9207154.992514286],[239293.25386250002,9207153.870588845],[239291.33038962676,9207151.8980739],[239289.76348944395,9207148.6127499],[239289.99629601647,9207147.2438649],[239290.11942509914,9207143.1372099],[239290.82983871014,9207140.9469939],[239291.8849775,9207138.923336266],[239293.8014165,9207136.675079416],[239296.26540950002,9207134.43735112],[239303.3836115,9207130.806774642],[239311.5950532464,9207127.805697901],[239315.1560225,9207125.824011061],[239315.4395736138,9207125.0679279],[239316.99247826778,9207123.4252659],[239316.8520111915,9207121.5088269],[239315.62804560026,9207119.318610901],[239313.7683810534,9207116.854617901],[239311.09586070784,9207114.1168479],[239305.8379442227,9207109.4626389],[239303.3836115,9207107.653389802],[239300.91961850002,9207106.456102224],[239297.63429450002,9207105.36276245],[239279.5650125,9207101.802246012],[239273.8156955,9207100.417924324],[239270.5303715,9207099.908267796],[239263.41216950002,9207100.007187203],[239262.73601272306,9207100.7017749],[239261.76950750002,9207101.27596222],[239260.12684550002,9207102.048412772],[239259.03173750002,9207102.32157214],[239257.11529850002,9207102.189516041],[239255.6314297295,9207101.5231059],[239254.5171908744,9207100.4279979],[239253.56174648242,9207098.7853359],[239252.93994761675,9207097.1426739],[239252.63685619645,9207095.2262349],[239252.79601332455,9207093.309795901],[239253.5171187698,9207091.667133901],[239254.33422300874,9207090.5720259],[239256.15185280613,9207089.2031409],[239256.45088952797,9207088.6555869],[239256.09888946344,9207085.0964859],[239255.28847171096,9207082.0849389],[239254.73901764373,9207078.936503401]]}},{"type":"Feature","properties":{"fid":311,"ID":310,"ELEV":53.0},"geometry":{"type":"LineString","coordinates":[[239419.5824395427,9207344.7739704],[239421.84357330113,9207327.9366849],[239422.71138437357,9207324.1038069],[239424.81124638114,9207318.6282669],[239430.6623852392,9207307.1296329],[239433.15390950002,9207301.3962895],[239434.61571523105,9207297.2736609],[239437.02361012873,9207286.5963579],[239438.42319822207,9207279.4781559],[239438.2007300515,9207270.1697379],[239439.88958998263,9207259.2186579],[239440.15153337154,9207256.480887901],[239440.1020130037,9207252.9217869],[239437.31638467798,9207237.5902749],[239435.06069759052,9207220.6161009],[239434.07560578646,9207217.6045539],[239432.7600532998,9207214.8667839],[239431.40949271404,9207212.9503449],[239427.41329728364,9207208.2961359],[239426.37655194366,9207206.6534739],[239425.56435251725,9207204.4632579],[239425.89307096036,9207201.1779339],[239426.92632022136,9207196.2499479],[239426.81080897074,9207193.7859549],[239425.87735157777,9207191.3219619],[239424.27137829948,9207189.131745901],[239422.20282950002,9207187.361122912],[239419.83469363986,9207185.846421901],[239417.0010665,9207184.616933484],[239413.98951950003,9207184.236355469],[239404.95487850002,9207185.253622983],[239402.7646625,9207185.205302501],[239400.02689250003,9207184.683372559],[239398.1104535,9207183.877117924],[239396.7678718383,9207182.8348749],[239397.20999395364,9207180.6446589],[239399.2055615,9207178.60802002],[239400.57444650002,9207177.676726218],[239402.21710850002,9207176.916189492],[239410.9839089911,9207173.5264569],[239413.66672207956,9207171.3362409],[239415.11086606243,9207169.1460249],[239415.3721502592,9207164.765592901],[239413.49718978547,9207152.171850901],[239413.3935303026,9207144.2323179],[239412.93286552466,9207141.4945479],[239411.7993035,9207137.86470843],[239411.2806729042,9207135.4714539],[239411.35187898527,9207133.0074609],[239412.5430346562,9207129.1745829],[239415.24842760217,9207123.4252659],[239417.32055860883,9207116.3070639],[239419.85756875918,9207106.1773149],[239421.65128669605,9207100.9755519],[239423.0540743765,9207097.9640049],[239423.35465925417,9207096.595119901],[239423.00715787263,9207095.2262349],[239421.6552755,9207093.609325247],[239420.99661116826,9207092.488464901],[239416.39349155498,9207088.9293639],[239409.88286450002,9207086.0351499],[239406.32376350003,9207084.266202621],[239404.95487850002,9207083.388708903],[239402.4908855,9207082.34037326],[239400.02689250003,9207081.900183063],[239398.3842305,9207082.096299367],[239397.51259546433,9207081.8111619],[239396.46570159926,9207080.9898309],[239396.3992580137,9207080.716053901],[239397.01534550003,9207079.382878944],[239397.7041190839,9207078.6627264]]}},{"type":"Feature","properties":{"fid":312,"ID":311,"ELEV":51.0},"geometry":{"type":"LineString","coordinates":[[239440.956554,9207421.84557056],[239443.55743550003,9207419.275916303],[239445.23893886685,9207416.9142099],[239446.95073472423,9207413.6288859],[239447.80980769638,9207410.0697849],[239447.9354844525,9207406.5106839],[239446.00540764193,9207395.0120499],[239445.4971373969,9207390.0840639],[239445.35310582336,9207387.6200709],[239445.6185204593,9207380.5018689],[239445.44841716829,9207378.3116529],[239444.79835828271,9207375.3001059],[239442.0841393599,9207365.9916879],[239441.34176911102,9207361.611255901],[239440.6310132183,9207354.2192769],[239440.54492171126,9207350.3863989],[239440.90537576392,9207344.0895279],[239441.43886902573,9207339.9828729],[239442.54398649666,9207334.781109901],[239444.9607735802,9207327.3891309],[239449.95206680082,9207315.8904969],[239452.17457598101,9207311.5100649],[239458.29989544366,9207301.3803159],[239460.34222992108,9207297.2736609],[239461.67256799428,9207293.1670059],[239463.36145305278,9207286.0488039],[239464.98010818043,9207280.847040901],[239466.30308749122,9207277.561716901],[239469.4964065721,9207271.5386229],[239470.4137593805,9207269.3484069],[239470.88977229752,9207267.7057449],[239472.71271964588,9207257.0284419],[239474.24066124333,9207252.374232901],[239476.51773025305,9207246.8986929],[239478.32711450002,9207243.733852295],[239479.9305630258,9207241.6969299],[239484.07643150003,9207237.64997705],[239487.0879785,9207235.000265412],[239490.6526143419,9207231.0196269],[239491.6344327041,9207229.3769649],[239492.41411706444,9207227.1867489],[239493.36144105764,9207222.806316901],[239493.56293328528,9207220.342323901],[239493.42382374828,9207217.3307769],[239492.29258889472,9207211.855236901],[239490.8591712168,9207208.0223589],[239489.27819450002,9207205.709199846],[239487.0879785,9207203.444669474],[239484.62398550002,9207201.874075122],[239478.32711450002,9207198.883028474],[239476.2823033114,9207197.618832901],[239475.02426498273,9207196.5237249],[239474.14791893522,9207194.8810629],[239473.80901474858,9207192.1432929],[239474.63659236452,9207184.7513139],[239474.56959968663,9207182.5610979],[239474.15264528076,9207180.3708819],[239473.1745161113,9207178.1806659],[239471.59905069225,9207175.716672901],[239470.11380450003,9207173.912360173],[239466.5547035,9207170.796673913],[239465.84385364887,9207169.6935789],[239465.41174889266,9207168.3246939],[239465.16394110688,9207165.8607009],[239464.28860713408,9207162.5753769],[239463.0057676754,9207160.1113839],[239460.4410864597,9207156.2785059],[239459.38042900374,9207154.3620669],[239458.01838909544,9207150.8029659],[239457.90097573944,9207148.886526901],[239458.24469918138,9207147.5176419],[239460.80538650003,9207143.423694445],[239464.9120415,9207139.006591583],[239466.5547035,9207136.8024231],[239467.51002991715,9207134.9238999],[239470.34632402004,9207125.6154819],[239472.03024350002,9207121.84187521],[239475.55851256294,9207114.9381789],[239477.01906883335,9207110.8315239],[239477.8892356073,9207106.1773149],[239478.1350087063,9207101.796882901],[239478.49231198628,9207099.0591129],[239479.07813458866,9207097.416450901],[239480.0368497558,9207096.0475659],[239482.43376950003,9207093.440185705],[239486.33586983048,9207088.3818099],[239487.76087544684,9207086.1915939],[239490.0995255,9207083.31078619],[239493.1110725,9207080.459221762],[239495.19115469293,9207078.115172401]]}},{"type":"Feature","properties":{"fid":313,"ID":312,"ELEV":53.0},"geometry":{"type":"LineString","coordinates":[[239788.1796961353,9207078.2520609],[239787.96890150002,9207078.011808937],[239787.71099563045,9207078.2520609],[239787.96890150002,9207078.410206174],[239788.1796961353,9207078.2520609]]}},{"type":"Feature","properties":{"fid":314,"ID":313,"ELEV":53.0},"geometry":{"type":"LineString","coordinates":[[239789.6123014434,9207077.9782839],[239789.06400950003,9207077.916284718],[239788.15747558925,9207078.5258379],[239796.72976550003,9207082.825658664],[239798.42765881613,9207083.4538239],[239798.37242750003,9207082.76815762],[239797.5510965,9207082.165987547],[239796.72976550003,9207081.927574292],[239795.6396650287,9207080.716053901],[239795.0871035,9207079.503903689],[239794.5395495,9207078.904094521],[239793.99199550002,9207078.660305023],[239793.4444415,9207078.686019389],[239792.34933350002,9207079.267743485],[239791.8017795,9207078.974259246],[239789.87089115835,9207078.5258379],[239789.6123014434,9207077.9782839]]}},{"type":"Feature","properties":{"fid":315,"ID":314,"ELEV":53.0},"geometry":{"type":"LineString","coordinates":[[239787.62743489761,9207077.9782839],[239787.26451567165,9207077.9782839],[239787.62743489761,9207077.9782839]]}},{"type":"Feature","properties":{"fid":316,"ID":315,"ELEV":53.0},"geometry":{"type":"LineString","coordinates":[[239786.93814722667,9207077.7045069],[239786.7863445698,9207077.7045069],[239786.93814722667,9207077.7045069]]}},{"type":"Feature","properties":{"fid":317,"ID":316,"ELEV":54.5},"geometry":{"type":"LineString","coordinates":[[239401.27268305892,9207340.3935384],[239400.2576313709,9207335.3286639],[239399.42025453772,9207328.4842389],[239399.44037963357,9207324.9251379],[239400.0340264173,9207321.6398139],[239401.22121978662,9207318.3544899],[239402.21710850002,9207316.323319161],[239407.45108055885,9207307.1296329],[239409.08747557085,9207302.749200901],[239412.03033198233,9207288.7865739],[239413.50269182323,9207277.561716901],[239414.1017780359,9207264.146643901],[239414.95308351325,9207255.1120029],[239414.98983929996,9207252.374232901],[239414.69231176592,9207249.0889089],[239414.0778054402,9207245.2560309],[239411.28490482183,9207231.5671809],[239409.62566646727,9207221.7112089],[239409.2360991506,9207220.0685469],[239408.38173060433,9207218.1521079],[239406.36372192463,9207215.1405609],[239404.53945962427,9207212.9503449],[239400.04573479944,9207209.1174669],[239398.03512586243,9207206.927250901],[239397.4870843308,9207205.5583659],[239396.59011739364,9207201.4517109],[239395.7019682022,9207199.5352719],[239394.20572500429,9207198.1663869],[239391.5398055,9207196.562720764],[239389.17913511323,9207195.4286169],[239384.4216035,9207193.618024448],[239380.18742274414,9207191.3219619],[239376.9443079465,9207189.131745901],[239374.0333606026,9207186.1201989],[239373.16018597633,9207183.6562059],[239373.90345069772,9207180.6446589],[239376.05129341944,9207177.0855579],[239380.591867096,9207170.7886869],[239381.60205595457,9207168.0509169],[239381.7526792896,9207164.765592901],[239381.20558272992,9207160.9327149],[239379.26203103215,9207151.0767429],[239378.54729842462,9207148.886526901],[239377.1005007792,9207146.1487569],[239373.73278679137,9207141.220770901],[239372.484790149,9207138.756777901],[239371.50404005114,9207134.3763459],[239371.3083378469,9207132.4599069],[239370.09653976143,9207128.627028901],[239369.84286604633,9207124.7941509],[239370.98430329704,9207116.033286901],[239371.0822357922,9207113.569293901],[239370.85673905656,9207111.6528549],[239370.01572976308,9207108.6413079],[239368.77424186526,9207105.903537901],[239367.76449383385,9207104.260875901],[239366.45351865288,9207102.618213901],[239357.8175091237,9207092.7622419],[239353.48480250002,9207088.368583685],[239350.74703250002,9207086.72915841],[239347.73548550002,9207085.9698382],[239343.3550535,9207086.928196317],[239342.2599455,9207086.981152425],[239340.0697295,9207086.533059264],[239337.87951350003,9207085.621014081],[239335.74957647108,9207084.2751549],[239334.0466355,9207082.400822219],[239332.21893054745,9207081.2636079],[239332.6063767296,9207080.4422769],[239333.15356966108,9207079.894722901],[239336.78440550002,9207078.7062281],[239339.79595250002,9207078.119758993],[239341.301726,9207077.504299415]]}},{"type":"Feature","properties":{"fid":318,"ID":317,"ELEV":50.5},"geometry":{"type":"LineString","coordinates":[[239502.00882500003,9207077.612474712],[239502.25838798293,9207077.293841401]]}},{"type":"Feature","properties":{"fid":319,"ID":318,"ELEV":51.0},"geometry":{"type":"LineString","coordinates":[[239665.30369915426,9207076.8831759],[239663.12658950003,9207076.844805246],[239662.16493422523,9207077.1569529],[239664.49547450003,9207077.662449103],[239665.4189921256,9207077.4307299],[239665.30369915426,9207076.8831759]]}},{"type":"Feature","properties":{"fid":320,"ID":319,"ELEV":51.0},"geometry":{"type":"LineString","coordinates":[[239660.158505456,9207076.8831759],[239659.93882674645,9207076.8831759],[239660.158505456,9207076.8831759]]}},{"type":"Feature","properties":{"fid":321,"ID":320,"ELEV":52.5},"geometry":{"type":"LineString","coordinates":[[239423.98238,9207348.391161969],[239424.1192685,9207348.391161969],[239425.67708377837,9207341.6255349],[239427.96330468883,9207334.2335559],[239428.5081691731,9207331.2220089],[239428.83919326848,9207327.115353901],[239429.97609210448,9207322.187367901],[239432.01738562927,9207317.5331589],[239436.47706805737,9207308.7722949],[239438.47952501266,9207303.8443089],[239442.6073661646,9207289.0603509],[239444.54356536124,9207283.5848109],[239445.20009750003,9207280.548290998],[239445.69224151573,9207274.0026159],[239446.8836918456,9207262.7777589],[239447.06858319862,9207256.480887901],[239446.71535052208,9207250.7315709],[239445.0718021859,9207240.3280449],[239444.53433775844,9207229.650741901],[239444.8133811851,9207225.8178639],[239446.2438618085,9207218.9734389],[239445.74765150002,9207216.399483198],[239442.7064022783,9207211.033905901],[239441.3672195,9207209.527059942],[239437.80811850002,9207206.908373065],[239436.7438008799,9207205.8321429],[239435.28165173452,9207203.6419269],[239435.15538157182,9207201.7254879],[239435.53401796467,9207199.8090489],[239437.3750937169,9207194.8810629],[239437.5888201829,9207192.1432929],[239436.67467628254,9207189.6792999],[239433.48731073726,9207185.846421901],[239428.14415248568,9207181.7397669],[239426.14687129323,9207179.8233279],[239425.12482417855,9207177.6331119],[239425.12342938996,9207175.716672901],[239426.33805689367,9207169.1460249],[239426.6268361243,9207165.3131469],[239426.05922646134,9207153.814512901],[239426.09814971578,9207147.7914189],[239425.89487940384,9207144.7798719],[239424.74619390987,9207136.0190079],[239425.05285901623,9207134.3763459],[239425.80996400947,9207132.4599069],[239426.8593379394,9207130.8172449],[239429.86858550002,9207127.105616517],[239432.2640641945,9207123.6990429],[239433.20114519462,9207122.0563809],[239433.79382200603,9207120.4137189],[239434.160156731,9207118.7710569],[239435.45193535567,9207108.9150849],[239435.86298992633,9207104.5346529],[239436.36594441894,9207101.796882901],[239438.20551031805,9207095.773788901],[239438.70266293504,9207093.0360189],[239438.5261683563,9207091.667133901],[239437.0550683986,9207089.7506949],[239432.353462562,9207087.2867019],[239428.7734775,9207086.15549269],[239426.24531801563,9207085.0964859],[239416.4535125,9207082.263582308],[239413.7157425,9207081.068236938],[239410.4304185,9207078.747676866],[239408.92464500002,9207076.695474463]]}},{"type":"Feature","properties":{"fid":322,"ID":321,"ELEV":51.0},"geometry":{"type":"LineString","coordinates":[[239659.31719973192,9207076.6093989],[239659.31719973192,9207076.6093989]]}},{"type":"Feature","properties":{"fid":323,"ID":322,"ELEV":53.5},"geometry":{"type":"LineString","coordinates":[[239414.126408,9207343.469215447],[239414.7664693177,9207328.7580159],[239415.0846275,9207326.418016108],[239415.68658106538,9207324.1038069],[239416.93490237583,9207320.8184829],[239421.47315906055,9207311.5100649],[239425.09683029132,9207303.0229779],[239427.6783695,9207295.339395585],[239429.3210315,9207288.034826621],[239430.31397198982,9207282.7634799],[239430.52615276445,9207280.5732639],[239430.71525236452,9207271.2648459],[239431.1280357341,9207267.9795219],[239432.84540679556,9207258.9448809],[239432.92601271154,9207257.302218901],[239432.61424027762,9207253.7431179],[239430.77135769895,9207245.8035849],[239428.3880190074,9207230.472072901],[239426.55489749217,9207222.2587629],[239425.00022331948,9207217.6045539],[239423.60697494337,9207214.5930069],[239422.3909829014,9207212.6765679],[239417.7846528632,9207207.2010279],[239416.78759050547,9207205.2845889],[239416.48669547398,9207202.8205959],[239416.77905071294,9207197.3450559],[239415.97794838657,9207194.6072859],[239413.05734515708,9207192.1432929],[239409.0615335,9207190.732187597],[239395.64646050002,9207188.459750373],[239391.26602850002,9207187.06914834],[239387.35049227718,9207184.7513139],[239386.47663733107,9207183.9299829],[239385.96407648423,9207182.8348749],[239386.06426550003,9207181.371932417],[239387.22793317033,9207179.5495509],[239389.34958950002,9207177.702714175],[239395.9364653483,9207173.5264569],[239399.5473871185,9207170.5149099],[239401.97748656664,9207167.7771399],[239402.95864238124,9207166.1344779],[239403.6815450212,9207164.2180389],[239404.00236789635,9207160.3851609],[239402.7673326268,9207153.814512901],[239401.66955450003,9207149.83621892],[239400.30066950002,9207146.059142986],[239396.33915399172,9207137.6616699],[239396.07383539437,9207136.5665619],[239395.94526281994,9207134.6501229],[239396.36857762258,9207132.1861299],[239398.34715397356,9207126.4368129],[239400.74154487587,9207116.854617901],[239403.90954813638,9207106.9986459],[239404.45986614536,9207104.260875901],[239404.59719947926,9207102.0706599],[239403.75056200725,9207096.8688969],[239403.073313475,9207095.5000119],[239401.4087656723,9207094.131126901],[239398.93178450002,9207093.747808024],[239395.0989065,9207093.803432481],[239391.8135825,9207093.518303758],[239386.8855965,9207092.287976248],[239383.6002725,9207091.141781406],[239380.5887255,9207089.50387306],[239375.9345165,9207086.077391254],[239373.4006824286,9207083.7276009],[239372.64919250002,9207082.80210417],[239371.90788338435,9207081.8111619],[239370.95560962727,9207079.3471689],[239371.28411988643,9207077.1569529],[239371.9111645872,9207076.3356219],[239372.9229695,9207075.383469481],[239375.9345165,9207073.648926897],[239379.4936175,9207072.452747326],[239381.546945,9207072.053548977]]}},{"type":"Feature","properties":{"fid":324,"ID":323,"ELEV":54.5},"geometry":{"type":"LineString","coordinates":[[239347.598597,9207072.01497413],[239347.81569851225,9207071.8183014]]}},{"type":"Feature","properties":{"fid":325,"ID":324,"ELEV":51.5},"geometry":{"type":"LineString","coordinates":[[239424.80371100002,9207415.35633428],[239425.7619305,9207415.868159404],[239428.23387010876,9207418.009317901],[239429.6157377335,9207418.830648901],[239431.78502450002,9207419.753598457],[239434.52279450002,9207419.90132942],[239437.3181499544,9207418.5568719],[239439.83682091252,9207416.366655901],[239441.98318661068,9207412.8075549],[239442.83856545005,9207407.3320149],[239442.44463915925,9207403.2253599],[239440.11455467631,9207389.2627329],[239438.9822068485,9207380.5018689],[239434.97513897577,9207366.8130189],[239434.354019299,9207364.3490259],[239434.04805846213,9207362.1588099],[239433.88360260735,9207356.4094929],[239434.2618694205,9207350.1126219],[239435.66259387613,9207343.2681969],[239437.4944795083,9207335.602440901],[239439.03273661277,9207330.1269009],[239440.84659972115,9207324.9251379],[239443.10426994134,9207319.4495979],[239449.38213969764,9207305.4869709],[239452.15695591448,9207300.5589849],[239455.6036235,9207295.468198428],[239457.36867801004,9207291.798120901],[239457.7680606049,9207290.155458901],[239457.92880420786,9207286.0488039],[239458.65788347527,9207280.847040901],[239461.1285032726,9207271.8123999],[239461.87761088728,9207268.5270759],[239462.18790248263,9207266.0630829],[239462.15538272445,9207257.0284419],[239462.51095047256,9207253.4693409],[239463.8487083218,9207245.2560309],[239464.44659579388,9207239.2329369],[239464.54915004305,9207234.0311739],[239464.12018545653,9207224.9965329],[239464.249398859,9207218.1521079],[239464.08440091126,9207216.2356689],[239464.33273628657,9207212.4027909],[239463.50154328853,9207208.8436899],[239462.70590823257,9207206.6534739],[239461.6423716941,9207204.4632579],[239460.42184490905,9207200.6303799],[239460.29829022023,9207198.1663869],[239461.30243974258,9207191.8695159],[239461.449545862,9207188.310414901],[239460.87859426925,9207184.7513139],[239460.10217072003,9207182.8348749],[239458.6151705,9207180.440782411],[239454.5594739927,9207177.6331119],[239451.49696850003,9207175.790347952],[239449.7201176572,9207174.074010901],[239449.7795186366,9207172.1575719],[239453.87626202402,9207166.408254901],[239454.2667222107,9207165.3131469],[239454.6484477235,9207162.8491539],[239454.12526138528,9207160.658937901],[239449.71216689097,9207152.993181901],[239449.1795534948,9207151.350519901],[239448.98727748726,9207149.707857901],[239449.18777586677,9207147.5176419],[239450.16920043842,9207144.5060949],[239451.84518187848,9207140.399439901],[239454.6429412384,9207131.091021901],[239458.18350795534,9207125.341704901],[239461.74064891945,9207118.7710569],[239463.35038888844,9207114.390624901],[239464.5500672197,9207108.9150849],[239465.0828571067,9207099.6066669],[239466.41062245588,9207093.0360189],[239467.2130516297,9207091.667133901],[239468.74491950002,9207089.948599918],[239470.38758150002,9207088.661585145],[239473.84806077814,9207086.4653709],[239475.4315940783,9207084.5489319],[239477.21339554116,9207080.9898309],[239478.32711450002,9207079.364208963],[239479.2956278106,9207076.6093989],[239479.03295542672,9207073.871628901],[239479.21432935965,9207073.050297901],[239479.81320929813,9207072.5027439],[239481.25275141269,9207071.9551899],[239481.767042326,9207071.5445244]]}},{"type":"Feature","properties":{"fid":326,"ID":325,"ELEV":56.0},"geometry":{"type":"LineString","coordinates":[[239281.66193506372,9207071.2707474],[239283.91271178215,9207074.1454059],[239287.86974652534,9207076.0618449],[239291.61120050002,9207076.498835111],[239294.212082,9207076.171796193]]}},{"type":"Feature","properties":{"fid":327,"ID":326,"ELEV":56.0},"geometry":{"type":"LineString","coordinates":[[239281.4652603871,9207070.9969704],[239281.61834000002,9207071.179183187]]}},{"type":"Feature","properties":{"fid":328,"ID":327,"ELEV":54.5},"geometry":{"type":"LineString","coordinates":[[239347.87237400003,9207071.750993744],[239348.8282773543,9207070.7231934]]}},{"type":"Feature","properties":{"fid":329,"ID":328,"ELEV":52.5},"geometry":{"type":"LineString","coordinates":[[239735.54060600002,9207070.354883535],[239737.94509403862,9207071.407635901],[239741.42681150002,9207073.58116477],[239744.43835850002,9207074.98894281],[239748.54501350003,9207076.405665709],[239750.46145250002,9207076.7911215],[239752.37789150001,9207076.62399508],[239766.8880725,9207076.610898657],[239771.5422815,9207076.89221759],[239775.64893650002,9207077.675456814],[239779.7869593787,9207079.3471689],[239786.32623950002,9207083.115745984],[239795.90843450002,9207087.74392362],[239799.1937585,9207088.713849183],[239802.2053055,9207089.319289938],[239805.21685250002,9207089.643943772],[239807.95462250002,9207090.368655415],[239811.1353749758,9207092.2146879],[239813.97771650003,9207094.330827942],[239817.7743373968,9207097.9640049],[239819.46933595868,9207100.4279979],[239819.8916611218,9207102.0706599],[239819.7270335,9207102.891382957],[239817.63627118574,9207105.6297609],[239816.4417095,9207106.406461312],[239809.32350750003,9207109.67858771],[239791.86406356687,9207115.4857329],[239793.4444415,9207116.183378888],[239798.37242750003,9207116.331402713],[239802.1625772977,9207117.1283949],[239805.0527172155,9207117.9497259],[239806.615358793,9207118.7710569],[239808.70314346452,9207120.4137189],[239810.40204405395,9207122.3301579],[239811.53598074673,9207123.9728199],[239812.33505450003,9207126.88646225],[239810.76631407125,9207127.2581439],[239817.26304050002,9207128.327360626],[239830.4043365,9207129.126152357],[239841.90297050003,9207129.53495556],[239855.3180435,9207129.171568085],[239862.16246850003,9207128.235448418],[239866.2691235,9207127.40076308],[239869.82822450003,9207127.113175001],[239879.13664250003,9207127.536927562],[239889.129503,9207127.623475859]]}},{"type":"Feature","properties":{"fid":330,"ID":329,"ELEV":52.0},"geometry":{"type":"LineString","coordinates":[[239726.53050715252,9207069.0805314],[239731.5956932882,9207073.871628901],[239738.14148750002,9207080.508028096],[239740.10839159528,9207082.0849389],[239743.3432505,9207083.903927006],[239748.2712365,9207085.56321871],[239754.5681075,9207086.648536127],[239756.48454650003,9207086.619015742],[239758.76350707051,9207085.9178169],[239763.01453744553,9207083.7276009],[239764.69785650002,9207083.220504751],[239767.36050220314,9207082.0849389],[239769.35206550002,9207081.4425366],[239771.81605850003,9207081.11906427],[239773.1849435,9207081.1389584],[239775.14459986787,9207082.0849389],[239777.8391525,9207084.15170988],[239779.4818145,9207085.758013805],[239780.6790952101,9207086.4653709],[239781.94580750001,9207087.669509126],[239783.16331264045,9207088.3818099],[239783.8622465,9207089.149284974],[239786.05246250003,9207090.182793228],[239791.25422550002,9207091.902288252],[239792.34933350002,9207092.581409365],[239793.71821850003,9207093.95556778],[239796.72976550003,9207094.82528881],[239801.93152850002,9207095.96214518],[239806.03818350003,9207096.185917068],[239808.49185308372,9207097.416450901],[239809.0497305,9207098.10721133],[239809.92957476858,9207099.8804439],[239810.17994073185,9207100.9755519],[239808.8032221255,9207103.1657679],[239808.09687806873,9207103.7133219],[239804.66929850003,9207105.258353256],[239800.56264350002,9207106.405489163],[239798.64620450002,9207106.60396378],[239792.8968875,9207107.969171207],[239787.96890150002,9207109.812562663],[239786.05246250003,9207110.898197716],[239782.76713850003,9207112.330447104],[239780.02936850002,9207113.057345528],[239775.37515950002,9207115.8720403],[239771.63528640644,9207118.497279901],[239769.61410735777,9207120.139941901],[239768.32115912662,9207121.5088269],[239769.03526640002,9207121.7826039],[239770.1733965,9207122.70562967],[239771.5422815,9207123.383183712],[239773.45872050003,9207123.744733913],[239778.11292950003,9207123.81484879],[239784.95735450002,9207125.702605877],[239787.96890150002,9207126.786941068],[239791.39042413718,9207128.3532519],[239792.98866250407,9207129.448359901],[239793.53420445084,9207130.269690901],[239800.8364205,9207131.61590445],[239816.98926350003,9207133.937428286],[239827.6665665,9207134.548960505],[239831.49944450002,9207134.316915972],[239841.3554165,9207134.890173394],[239845.18829450003,9207134.750520673],[239851.48516550002,9207134.037393985],[239853.9491585,9207134.050894026],[239856.6869285,9207133.774195965],[239863.2575765,9207132.224976104],[239864.9002385,9207131.522353018],[239867.36423150002,9207130.825662144],[239869.2806705,9207130.613503877],[239874.2086565,9207130.744501026],[239876.9464265,9207131.132168647],[239885.1597365,9207131.573809437],[239891.1828305,9207131.324736094],[239893.92060050002,9207130.973599948],[239894.69493534404,9207130.6803564]]}},{"type":"Feature","properties":{"fid":331,"ID":330,"ELEV":57.0},"geometry":{"type":"LineString","coordinates":[[239257.79974100002,9207069.243875254],[239257.985825142,9207069.0805314]]}},{"type":"Feature","properties":{"fid":332,"ID":331,"ELEV":52.0},"geometry":{"type":"LineString","coordinates":[[239725.92277735146,9207068.5329774],[239726.50596500002,9207069.067973282]]}},{"type":"Feature","properties":{"fid":333,"ID":332,"ELEV":54.5},"geometry":{"type":"LineString","coordinates":[[239321.776004759,9207068.5329774],[239322.86902168437,9207071.1338589],[239322.58646227556,9207073.050297901],[239322.77677775297,9207073.871628901],[239321.4528935,9207075.049164385],[239319.8102315,9207075.06205818],[239316.93557300002,9207072.8447914]]}},{"type":"Feature","properties":{"fid":334,"ID":333,"ELEV":56.0},"geometry":{"type":"LineString","coordinates":[[239359.37100800002,9207289.746007875],[239359.5078965,9207289.746007875],[239359.96722259567,9207288.2390199],[239362.8737472913,9207283.0372569],[239363.73180520756,9207280.5732639],[239364.6787921326,9207278.6568249],[239365.47700630283,9207275.919054901],[239365.97521166631,9207273.4550619],[239366.00699511153,9207271.2648459],[239366.65735338873,9207263.8728669],[239367.44920823525,9207260.5875429],[239367.84527505725,9207257.8497729],[239367.53804791308,9207254.016894901],[239365.17857453838,9207248.5413549],[239364.96347500346,9207247.1724699],[239364.4300306027,9207245.529807901],[239364.57182827505,9207242.5182609],[239365.3749766745,9207240.0542679],[239366.29289621956,9207238.4116059],[239367.72120650002,9207237.123537153],[239369.36386850002,9207236.448674431],[239370.45897650003,9207235.589440012],[239372.37541550002,9207234.677975088],[239373.5227032202,9207233.4836199],[239374.55685267004,9207231.293403901],[239375.07500081317,9207228.829410901],[239374.99417991476,9207226.3654179],[239374.44165388634,9207224.4489789],[239373.1254158085,9207222.2587629],[239371.18232072593,9207219.7947699],[239369.59026713416,9207218.1521079],[239368.2687605,9207217.113281583],[239365.2572135,9207215.133042505],[239357.17080719178,9207211.033905901],[239352.7176031607,9207208.2961359],[239351.19456204848,9207206.927250901],[239349.6519833983,9207204.7370349],[239347.80319379034,9207201.1779339],[239346.6137341987,9207199.5352719],[239344.58868798206,9207197.618832901],[239343.6288305,9207196.959946493],[239340.6172835,9207195.546384467],[239338.15329050002,9207194.72956651],[239336.12758514375,9207193.7859549],[239323.6431095,9207190.11702006],[239321.7266705,9207189.404780017],[239318.9889005,9207188.22557302],[239312.1444755,9207184.50884288],[239309.6804825,9207183.367065556],[239298.4556255,9207180.233277602],[239295.95262436,9207179.2757739],[239292.75264860573,9207177.359334901],[239291.96159025724,9207176.538003901],[239291.15798492933,9207175.1691189],[239290.76542289773,9207173.5264569],[239290.90069290102,9207172.7051259],[239291.8849775,9207171.373688119],[239293.25386250002,9207170.578878887],[239295.4440785,9207170.104400061],[239298.7294025,9207170.078230428],[239303.1098345,9207170.471397981],[239309.6804825,9207171.388488136],[239320.90533950002,9207172.368019238],[239326.6546565,9207172.086439354],[239332.13019650002,9207171.365615541],[239340.0697295,9207170.067080628],[239343.08127650002,9207169.380309124],[239343.34406245255,9207169.1460249],[239342.80749950002,9207168.73428607],[239339.84681533603,9207168.5984709],[239337.6057365,9207168.111592798],[239337.1118005475,9207167.7771399],[239337.06673222303,9207166.9558089],[239338.49513671303,9207165.0393699],[239340.89106050003,9207163.285179222],[239343.2153522226,9207162.301599901],[239349.3781475,9207160.24260143],[239352.1770740527,9207158.7424989],[239354.28305380454,9207156.5522829],[239355.72938337727,9207154.0882899],[239356.77012650002,9207152.978094997],[239356.93283052952,9207152.171850901],[239351.84214050003,9207150.424269268],[239349.6519245,9207149.442556825],[239338.7008445,9207143.831154196],[239337.0581825,9207143.370896902],[239334.17245095604,9207142.042101901],[239331.85641950002,9207140.624781555],[239330.3737304279,9207138.756777901],[239329.8735612278,9207136.8403389],[239329.83896424845,9207134.1025689],[239330.56541417178,9207128.627028901],[239330.59191570917,9207125.6154819],[239329.95470924373,9207122.3301579],[239328.4604669074,9207119.5923879],[239326.05633983586,9207116.854617901],[239323.6431095,9207115.001477383],[239318.4413465,9207110.354238383],[239315.09569582168,9207108.367530901],[239311.59692150002,9207104.957328115],[239309.6804825,9207103.397815095],[239306.94271250002,9207101.882200025],[239303.93116550002,9207100.8206332],[239299.27695650002,9207099.895272244],[239293.25386250002,9207099.446171131],[239287.1150772864,9207098.5115589],[239281.4814515,9207096.911141569],[239278.1961275,9207096.303442217],[239276.52706933796,9207095.2262349],[239275.73213450002,9207094.322219571],[239270.15320439427,9207090.2982489],[239265.13080698584,9207083.4538239],[239262.5882707563,9207080.716053901],[239261.6965901366,9207080.1684999],[239260.6982845238,9207077.7045069],[239260.70983689933,9207075.7880679],[239262.28298316547,9207073.871628901],[239264.15866449347,9207072.5027439],[239265.3286085,9207071.960261311],[239266.9022633611,9207070.8600819],[239272.1730335,9207069.096029902],[239273.70104951528,9207068.2592004]]}},{"type":"Feature","properties":{"fid":335,"ID":334,"ELEV":50.0},"geometry":{"type":"LineString","coordinates":[[239584.59062003123,9207067.8485349],[239584.27881350002,9207067.758704735],[239584.00503650002,9207068.113075014],[239583.72165917853,9207068.122311901],[239584.5525905,9207068.103781143],[239584.59062003123,9207067.8485349]]}},{"type":"Feature","properties":{"fid":336,"ID":335,"ELEV":54.5},"geometry":{"type":"LineString","coordinates":[[239351.15769800002,9207067.876487209],[239351.33766394577,9207067.7116464]]}},{"type":"Feature","properties":{"fid":337,"ID":336,"ELEV":54.5},"geometry":{"type":"LineString","coordinates":[[239318.57823500002,9207067.54270488],[239319.125789,9207067.381811926]]}},{"type":"Feature","properties":{"fid":338,"ID":337,"ELEV":56.5},"geometry":{"type":"LineString","coordinates":[[239289.83165,9207167.639750894],[239291.8849775,9207167.065840658],[239294.8965245,9207166.627079688],[239299.00317950002,9207166.59258547],[239315.7035765,9207167.8595223],[239317.89379250002,9207167.883851493],[239320.90533950002,9207167.536382066],[239320.46233429504,9207166.408254901],[239320.6573549104,9207165.586923901],[239324.19066350002,9207162.028841501],[239325.55954850002,9207160.225098861],[239326.61326987357,9207158.1949449],[239327.7282887647,9207154.9096209],[239328.57109550002,9207153.625652833],[239329.25464154617,9207152.993181901],[239330.26601965938,9207152.4456279],[239334.3204125,9207151.212015642],[239335.5381271614,9207150.2554119],[239336.1875599574,9207149.4340809],[239335.9630745,9207149.19520736],[239334.3204125,9207148.784829732],[239332.9515275,9207148.056149099],[239327.408012812,9207145.8749799],[239325.2857715,9207144.78089255],[239321.7266705,9207144.036371084],[239318.16756950002,9207145.205526182],[239315.7035765,9207146.550557965],[239311.87069850002,9207149.49353401],[239309.95425950002,9207150.721279947],[239307.4902665,9207151.528292155],[239305.30005050002,9207151.84718998],[239301.4671725,9207152.002262974],[239298.1818485,9207151.738478014],[239295.99163250002,9207150.97535685],[239294.34897050002,9207149.593193196],[239293.20482707937,9207147.5176419],[239292.81792798603,9207145.3274259],[239292.81280419964,9207143.684763901],[239293.38220392563,9207140.9469939],[239294.72489676424,9207139.0305549],[239296.8129635,9207137.028975742],[239299.00317950002,9207135.737863502],[239302.28850350002,9207134.36798488],[239306.94271250002,9207132.831681125],[239312.6920295,9207131.61587646],[239313.7871375,9207131.110932956],[239318.16756950002,9207129.850990066],[239320.0840085,9207128.932129456],[239321.06071758177,9207128.0794749],[239321.61366274193,9207127.2581439],[239322.22810559845,9207125.341704901],[239321.80817107495,9207123.1514889],[239321.83755978203,9207121.5088269],[239319.8971504844,9207117.9497259],[239315.21571888408,9207113.2955169],[239306.66893550003,9207106.269656241],[239303.93116550002,9207104.792338721],[239300.0982875,9207103.352269039],[239295.1703015,9207102.242820792],[239282.02900550002,9207100.15569543],[239271.6254795,9207097.044883218],[239269.1614865,9207096.86531855],[239265.74751564066,9207096.0475659],[239262.3170615,9207094.92507026],[239260.9481765,9207095.20214638],[239259.8522298723,9207094.6786809],[239259.42470333359,9207093.8573499],[239259.147624622,9207092.488464901],[239259.5792915,9207091.765721224],[239260.12684550002,9207091.508852707],[239260.9434679569,9207089.4769179],[239260.68302239766,9207088.1080329],[239260.12684550002,9207086.79622815],[239259.8722398013,9207085.0964859],[239258.56056484897,9207082.9062699],[239257.1337025252,9207079.073391901],[239256.9820915978,9207076.0618449],[239257.11529850002,9207075.048360748],[239257.52169233677,9207073.871628901],[239258.62145674753,9207072.228966901],[239260.4554051212,9207070.586304901],[239263.13839250003,9207068.928215826],[239268.203267,9207066.2528419]]}},{"type":"Feature","properties":{"fid":339,"ID":338,"ELEV":51.5},"geometry":{"type":"LineString","coordinates":[[239468.74491950002,9207066.04356225],[239468.8123482567,9207066.2058729],[239468.47114250003,9207066.621285237],[239468.2527539104,9207066.4796499],[239468.74491950002,9207066.04356225]]}},{"type":"Feature","properties":{"fid":340,"ID":339,"ELEV":50.5},"geometry":{"type":"LineString","coordinates":[[239507.484365,9207066.00166262],[239507.68414262368,9207065.7952074]]}},{"type":"Feature","properties":{"fid":341,"ID":340,"ELEV":54.0},"geometry":{"type":"LineString","coordinates":[[239408.3306272939,9207342.0362004],[239408.3546645862,9207339.4353189],[239408.91863203773,9207333.6860019],[239408.48967722114,9207327.6629079],[239408.4948487711,9207325.1989149],[239408.7877565,9207323.33705138],[239409.5288414909,9207320.8184829],[239410.4304185,9207318.751366265],[239414.3933039738,9207311.5100649],[239415.8138709238,9207308.4985179],[239417.066784166,9207304.9394169],[239418.52163241082,9207299.463876901],[239420.8646252477,9207286.3225809],[239422.97063766592,9207267.1581909],[239425.27055446032,9207256.7546649],[239425.31432598358,9207253.195563901],[239422.5034065109,9207244.9822539],[239420.37665394729,9207235.1262819],[239419.59862356502,9207230.7458499],[239418.43647398922,9207220.0685469],[239417.44848593642,9207216.7832229],[239416.1521674639,9207214.3192299],[239414.88073970264,9207212.6765679],[239410.04750919357,9207208.569912901],[239408.2594344154,9207206.6534739],[239407.5112278026,9207205.5583659],[239407.17701539697,9207204.7370349],[239406.29711182832,9207199.5352719],[239404.43843552275,9207196.5237249],[239402.4908855,9207195.047570132],[239399.7531155,9207193.767326245],[239389.8971435,9207190.857441247],[239384.70523675566,9207188.5841919],[239382.5051645,9207186.88590483],[239380.64061384887,9207184.203759901],[239380.37543850322,9207182.0135439],[239381.0689398748,9207180.0971049],[239383.2077276586,9207177.359334901],[239386.60205138708,9207174.074010901],[239388.03420360267,9207172.431348901],[239390.72998747093,9207168.5984709],[239391.76471223347,9207165.8607009],[239392.06196208776,9207163.122930901],[239391.74552222897,9207159.5638299],[239391.01439451386,9207156.0047289],[239388.785996414,9207149.1603039],[239387.9128698044,9207147.2438649],[239386.13207458737,9207144.5060949],[239382.14755296102,9207140.1256629],[239381.01683837286,9207137.6616699],[239380.83810329792,9207136.8403389],[239380.93631450378,9207134.6501229],[239383.21816287967,9207128.3532519],[239386.05603243064,9207116.3070639],[239386.57288178755,9207112.7479629],[239386.43582,9207109.7364159],[239385.34715088474,9207106.9986459],[239382.0875854394,9207103.7133219],[239374.2918545,9207099.07830682],[239372.37541550002,9207097.758742858],[239370.79296723608,9207096.3213429],[239366.85069255222,9207091.9409109],[239359.93603800258,9207085.0964859],[239358.07288063376,9207082.9062699],[239356.62813155729,9207080.4422769],[239355.76615426032,9207078.2520609],[239355.36677651512,9207075.7880679],[239356.09820263024,9207073.3240749],[239358.62162304885,9207070.3125279],[239361.229658303,9207067.8485349],[239365.73512272295,9207065.521430401]]}},{"type":"Feature","properties":{"fid":342,"ID":341,"ELEV":50.0},"geometry":{"type":"LineString","coordinates":[[239451.005796388,9207447.9878994],[239451.11983692873,9207443.4705789],[239450.59457672862,9207433.6146069],[239450.67867406833,9207431.4243909],[239451.01000709215,9207429.781728901],[239451.9417974026,9207427.317735901],[239455.6036235,9207420.221906371],[239457.21632750685,9207416.6404329],[239458.402024731,9207410.8911159],[239458.52866610864,9207408.9746769],[239458.41205046824,9207406.236906901],[239457.04811652398,9207397.4760429],[239456.47638756776,9207391.7267259],[239456.39456486687,9207387.6200709],[239456.897219825,9207382.1445309],[239456.87928404886,9207380.5018689],[239455.81019505998,9207374.4787749],[239453.50987568987,9207366.8130189],[239452.27841311565,9207361.3374789],[239451.25412180857,9207354.7668309],[239450.83571154717,9207350.3863989],[239450.60012757665,9207345.1846359],[239450.73122486542,9207339.4353189],[239451.31555000602,9207335.3286639],[239452.0366711195,9207332.5908939],[239454.03583579438,9207327.115353901],[239456.07840903284,9207322.7349219],[239458.45781412986,9207318.6282669],[239462.4538478363,9207312.878949901],[239464.61147433604,9207309.3198489],[239471.2089125,9207294.417840267],[239473.24896568136,9207290.4292359],[239475.04179050002,9207287.65573049],[239479.05639557316,9207283.0372569],[239484.07643150003,9207277.916758861],[239489.10648558612,9207273.4550619],[239491.4684105,9207271.81600736],[239493.38484950003,9207270.747011697],[239495.57506550002,9207269.900131786],[239502.96704450002,9207267.999137448],[239505.7048145,9207266.983143216],[239508.60829638713,9207265.2417519],[239510.72317802103,9207263.5990899],[239512.41507158737,9207261.9564279],[239514.02988139447,9207260.0399889],[239516.3821175,9207256.512774391],[239517.7510025,9207254.052604944],[239518.84611050002,9207250.38633638],[239519.53064825994,9207246.6249159],[239519.99533808944,9207237.8640519],[239519.8564698702,9207220.8898779],[239518.9197080681,9207214.5930069],[239515.69820149423,9207200.082825901],[239514.36952778892,9207197.0712789],[239511.12336975677,9207193.2384009],[239510.3590235,9207192.594613256],[239508.4425845,9207191.53154486],[239503.1358393421,9207189.4055229],[239502.29038712799,9207188.8579689],[239501.58913149405,9207187.489083901],[239501.67679988235,9207185.846421901],[239501.99374406357,9207184.4775369],[239503.28280785418,9207180.6446589],[239504.47604257715,9207177.9068889],[239504.69589772128,9207176.8117809],[239504.6072836947,9207174.074010901],[239503.6331908457,9207171.8837949],[239501.13073161698,9207169.6935789],[239497.7652815,9207167.252427714],[239490.948460462,9207165.3131469],[239487.9093095,9207163.923305029],[239486.26664750002,9207162.591922805],[239483.7506193202,9207159.837606901],[239482.27551319532,9207157.3736139],[239481.87317032635,9207155.7309519],[239481.84171323906,9207154.635843901],[239482.07948753404,9207152.993181901],[239483.0706488468,9207149.707857901],[239483.06736389853,9207147.7914189],[239484.23485690707,9207139.0305549],[239485.15515859416,9207136.0190079],[239486.31267334745,9207133.8287919],[239489.27819450002,9207129.804751921],[239491.83878349033,9207127.2581439],[239496.1226195,9207123.898341004],[239497.713640338,9207122.0563809],[239499.23675142147,9207119.5923879],[239501.98342349083,9207113.569293901],[239505.95022336068,9207106.1773149],[239506.65803726777,9207103.439544901],[239506.1222750592,9207100.7017749],[239504.684622385,9207098.2377819],[239501.42120503468,9207093.8573499],[239500.54337364127,9207091.667133901],[239500.41137985818,9207090.0244719],[239500.7768285,9207088.336333519],[239501.71786245093,9207086.4653709],[239508.5163020907,9207076.0618449],[239510.24122241623,9207071.9551899],[239510.68604056668,9207070.0387509],[239511.4541315,9207068.581055313],[239513.0967935,9207066.551211571],[239514.4656785,9207065.733201062],[239516.1083405,9207065.36793789],[239517.20344850002,9207065.492382905],[239518.0247795,9207065.932146357],[239521.58388050002,9207066.465328297],[239523.50031950002,9207067.13139413],[239527.19630900002,9207067.963773727]]}},{"type":"Feature","properties":{"fid":343,"ID":342,"ELEV":51.5},"geometry":{"type":"LineString","coordinates":[[239698.30693400002,9207066.95683082],[239700.63403850002,9207065.615743615],[239702.27670050002,9207065.316495968],[239707.4784635,9207066.961316442],[239708.57357150002,9207067.011710621],[239710.4900105,9207067.461858012],[239713.7753345,9207066.200036993],[239715.4179965,9207066.334612869],[239716.7868815,9207067.113044927],[239717.80477652024,9207068.122311901],[239718.05043707928,9207068.3960889],[239718.74712170803,9207070.586304901],[239719.33652400185,9207076.6093989],[239719.83107967238,9207078.5258379],[239721.18172281582,9207080.9898309],[239722.89920542247,9207083.180046901],[239730.5356975415,9207091.1195799],[239734.58238650003,9207094.938063439],[239740.0579265,9207098.932723422],[239747.17612850002,9207103.05536722],[239749.09256750002,9207104.353220671],[239751.71997620934,9207106.724868901],[239753.1544261229,9207108.6413079],[239754.57243257112,9207111.3790779],[239754.87137220945,9207115.211955901],[239754.53734000964,9207117.675948901],[239755.39242163269,9207126.163035901],[239755.9369925,9207127.078746933],[239756.99585354512,9207129.7221369],[239757.4195576208,9207130.269690901],[239761.41253250002,9207132.3171359],[239766.8880725,9207133.854548698],[239768.80451150003,9207134.207693065],[239798.0986505,9207137.667159433],[239801.475000993,9207138.2092239],[239807.06484725,9207139.3043319],[239818.63192550003,9207142.69478111],[239823.28613450003,9207143.810533946],[239831.49944450002,9207144.437612688],[239835.0585455,9207144.91912385],[239839.43897750002,9207145.141821198],[239844.6407405,9207144.687394701],[239851.48516550002,9207144.513401352],[239856.9607055,9207143.651587257],[239863.5313535,9207141.230458165],[239869.2150848357,9207137.6616699],[239870.10200150002,9207137.287360469],[239872.5659945,9207136.916492963],[239873.38732550002,9207137.130074687],[239876.12509550003,9207136.94051477],[239884.33840550002,9207136.992443033],[239888.4450605,9207136.433311472],[239893.37304650003,9207135.33395886],[239894.74193150003,9207135.25192139],[239900.080583,9207133.65824462]]}},{"type":"Feature","properties":{"fid":344,"ID":343,"ELEV":48.0},"geometry":{"type":"LineString","coordinates":[[239616.58449950002,9207065.100405501],[239620.96493150003,9207065.763272602],[239622.0802258226,9207066.4796499],[239622.79683680728,9207068.3960889],[239622.11841119349,9207070.586304901],[239620.1436005,9207071.766865453],[239616.58449950002,9207072.31915423],[239615.21561450002,9207072.053359382],[239605.90719650002,9207072.497117657],[239604.82409875182,9207071.1338589],[239605.6874423863,9207068.943642901],[239607.54985850002,9207066.989484247],[239610.28762850002,9207065.83465093],[239612.7516215,9207065.387872003],[239616.58449950002,9207065.100405501]]}},{"type":"Feature","properties":{"fid":345,"ID":344,"ELEV":50.5},"geometry":{"type":"LineString","coordinates":[[239644.28481123736,9207064.9738764],[239647.52130050003,9207068.060304495],[239649.16396250002,9207069.91447748],[239651.23686211,9207073.050297901],[239653.5882994939,9207077.9782839],[239655.46083350002,9207080.09547291],[239657.37727250002,9207081.427493125],[239663.40036650002,9207083.753313914],[239666.41191350002,9207083.678066414],[239669.9710145,9207084.381831488],[239671.06612250002,9207084.176478723],[239673.80389250003,9207082.546280827],[239675.99410850002,9207081.819939766],[239679.01068816546,9207082.9062699],[239680.34951960674,9207085.0964859],[239681.03415959264,9207087.5604789],[239682.0734104654,9207089.4769179],[239683.3946374649,9207090.845802901],[239686.68523665436,9207093.309795901],[239695.75905572722,9207098.2377819],[239698.71169595284,9207100.4279979],[239700.2378292823,9207102.618213901],[239701.3315329165,9207105.6297609],[239701.75059557837,9207107.8199769],[239701.8505326699,9207110.2839699],[239701.6789646369,9207111.6528549],[239700.14823546374,9207118.497279901],[239700.3555948466,9207121.2350499],[239702.80015880047,9207125.8892589],[239705.46774367883,9207128.9008059],[239710.92103547463,9207133.2812379],[239715.6917735,9207136.519891424],[239718.15576650001,9207137.787786588],[239721.16731350002,9207138.737510165],[239724.4526375,9207140.08372649],[239726.6428535,9207140.573220337],[239732.11839350002,9207142.611657066],[239735.6774945,9207142.710900001],[239738.4152645,9207143.250564162],[239742.24814250003,9207144.652590742],[239750.8216132279,9207149.1603039],[239760.8649785,9207153.581406541],[239767.70940350002,9207156.959929654],[239771.81605850003,9207159.40788451],[239777.5653755,9207163.49188997],[239784.78254051757,9207167.7771399],[239791.2615494707,9207171.0624639],[239798.0986505,9207174.071866432],[239804.94307550002,9207176.628503243],[239813.4568148512,9207179.2757739],[239816.98926350003,9207180.681857666],[239820.78101803173,9207182.5610979],[239824.3812425,9207184.05474762],[239840.53408550002,9207190.225077836],[239853.12782750002,9207193.89948972],[239863.80513050003,9207197.905221147],[239869.82822450003,9207199.52935392],[239875.02998750002,9207200.302856153],[239883.2432975,9207201.964218669],[239887.03297707994,9207203.9157039],[239889.26639150002,9207205.359279264],[239891.6968387016,9207206.3796969],[239892.5517155,9207207.024308125],[239895.8370395,9207208.8176159],[239899.1223635,9207210.021977633],[239899.39614050003,9207210.02986951],[239899.66991750002,9207209.656398002],[239901.28449980772,9207203.6419269],[239902.87397188964,9207202.2730419],[239902.95674027922,9207201.9992649],[239902.1339105,9207199.516593158],[239899.1223635,9207197.026873996],[239896.88067564912,9207194.8810629],[239894.90330412198,9207192.1432929],[239894.0646684668,9207189.6792999],[239893.38041570148,9207186.667752901],[239893.30620714967,9207183.6562059],[239893.64157202304,9207179.5495509],[239894.86550790735,9207174.3477879],[239897.45959293185,9207166.408254901],[239900.59191747473,9207155.1833979],[239902.04949149498,9207150.8029659],[239903.74445949207,9207147.5176419],[239905.52938199072,9207144.7798719],[239907.0618965,9207143.314039342],[239909.52588950002,9207141.70463452],[239913.6600768763,9207140.6732169],[239916.64409150003,9207140.276702471],[239920.4769695,9207140.311722249],[239923.21473950002,9207140.570775282],[239926.50006350002,9207141.458251197],[239932.79693450002,9207144.139896981],[239934.9871505,9207145.301841587],[239940.18891350002,9207148.416898556],[239946.48578450002,9207152.792240914],[239949.02813799932,9207155.1833979],[239950.5697975267,9207157.6473909],[239951.6603123922,9207160.9327149],[239952.22235684263,9207164.2180389],[239952.24482498947,9207169.1460249],[239952.46414243578,9207171.0624639],[239953.44878942927,9207174.6215649],[239954.76090141002,9207177.359334901],[239957.9844185,9207181.696439806],[239959.39212070848,9207182.8348749],[239962.09107350002,9207184.111501193],[239967.01905950002,9207184.229442386],[239971.67326850002,9207183.422715705],[239973.8634845,9207182.781459952],[239975.5061465,9207181.716765385],[239979.49506194078,9207176.2642269],[239981.97304170835,9207173.8002339],[239984.5407875,9207172.438204838],[239987.00478050002,9207172.13677251],[239990.01632750002,9207172.425961662],[239992.890986,9207172.987950923]]}},{"type":"Feature","properties":{"fid":346,"ID":345,"ELEV":51.5},"geometry":{"type":"LineString","coordinates":[[239469.46019493538,9207065.2476534],[239469.01869650002,9207065.930832593],[239468.81292085542,9207065.6583189],[239469.15799359532,9207065.3845419],[239469.0899010531,9207064.9738764]]}},{"type":"Feature","properties":{"fid":347,"ID":346,"ELEV":57.0},"geometry":{"type":"LineString","coordinates":[[239258.07351800002,9207069.026340859],[239260.42640433315,9207067.300980901],[239261.00040101947,9207066.4796499],[239263.92197874034,9207064.700099401]]}},{"type":"Feature","properties":{"fid":348,"ID":347,"ELEV":49.5},"geometry":{"type":"LineString","coordinates":[[239635.612001,9207064.10676912],[239639.98803470418,9207069.764973901],[239640.87398032885,9207071.6814129],[239640.9183481305,9207073.5978519],[239640.68977985613,9207074.1454059],[239639.85554450002,9207075.529948857],[239638.5302699956,9207076.8831759],[239635.7488895,9207078.8942273],[239633.0111195,9207080.240186403],[239631.0946805,9207080.808058307],[239628.70514663414,9207081.8111619],[239627.26180250003,9207082.843808072],[239625.3453635,9207083.770753456],[239623.52350889717,9207085.0964859],[239622.9518138171,9207085.9178169],[239620.51969287885,9207088.1080329],[239620.78782411266,9207089.4769179],[239626.7142485,9207090.385963036],[239630.54712650002,9207090.366008708],[239632.46356550002,9207090.690350745],[239634.10622750001,9207090.605152493],[239635.20133550002,9207090.8827094],[239636.2964435,9207090.66139293],[239643.9621995,9207091.503124252],[239651.9017325,9207093.960467465],[239657.6510495,9207095.478275603],[239663.29181152995,9207097.416450901],[239665.8643595,9207098.377081737],[239668.6021295,9207099.996334994],[239670.79234550003,9207101.741807967],[239672.16167501535,9207103.1657679],[239673.73797889636,9207105.3559839],[239674.49703408423,9207106.9986459],[239675.57070877872,9207110.8315239],[239676.54899552022,9207115.7595099],[239678.73187850002,9207124.123156155],[239679.993999143,9207128.0794749],[239682.5123113236,9207142.5896559],[239683.52019085654,9207145.0536489],[239685.5763035,9207148.058982307],[239688.31407350002,9207150.242302751],[239691.8731745,9207152.18419282],[239695.70605250003,9207153.775661802],[239706.93090950002,9207157.652311068],[239720.61975950003,9207162.959604707],[239724.4526375,9207164.702394603],[239738.01567023294,9207171.610017901],[239748.54501350003,9207176.22741255],[239754.0205535,9207179.05846539],[239757.48789862706,9207181.1922129],[239767.9831805,9207188.553743193],[239778.9342605,9207195.918452987],[239781.12447650003,9207197.652035642],[239785.93397917648,9207201.9992649],[239789.97637799758,9207206.927250901],[239790.08824122083,9207207.748581901],[239789.41559680528,9207209.1174669],[239788.5164555,9207209.375389917],[239786.05246250003,9207209.270300135],[239784.68357750002,9207209.007419283],[239779.75559150003,9207208.86631883],[239775.10138250003,9207209.004787236],[239773.1849435,9207209.218279101],[239772.08983550002,9207209.555418536],[239770.72095050002,9207210.19674892],[239769.17316852513,9207211.5814599],[239768.18308116667,9207214.3192299],[239768.210248924,9207216.2356689],[239768.96406121872,9207220.342323901],[239770.50990944414,9207225.2703099],[239773.1849435,9207232.415141774],[239774.9355441912,9207235.9476129],[239776.74404450002,9207238.901437603],[239780.04153116897,9207243.065814901],[239782.8131163168,9207245.8035849],[239789.06400950003,9207249.609156258],[239796.4559885,9207253.025285343],[239804.3955215,9207257.0526029],[239809.0497305,9207258.92786233],[239810.4186155,9207259.706334697],[239818.90570250002,9207263.483355654],[239822.02327454512,9207265.5155289],[239822.36607018296,9207266.3368599],[239826.29768150003,9207270.460707057],[239830.4043365,9207273.027191835],[239832.86832950002,9207272.944209889],[239835.75745589027,9207271.5386229],[239836.3969579296,9207269.6221839],[239836.58953530266,9207266.8844139],[239836.45114880448,9207266.610636901],[239834.69211835673,9207265.2417519],[239832.3207755,9207264.009928897],[239831.22566750002,9207263.216562591],[239830.36921850787,9207261.6826509],[239830.2726387882,9207260.0399889],[239832.71000400872,9207251.0053479],[239833.23232024274,9207245.529807901],[239833.49035651816,9207244.4346999],[239833.85743572432,9207243.6133689],[239835.14392123616,9207242.244483901],[239836.4274305,9207241.525271095],[239838.0700925,9207241.066017728],[239840.53408550002,9207242.216946304],[239843.39077837806,9207244.1609229],[239844.6407405,9207244.52453067],[239850.9376115,9207248.403517982],[239853.61880345148,9207250.4577939],[239856.42973522903,9207253.4693409],[239857.78203650002,9207255.228589637],[239859.96477475588,9207259.4924349],[239861.54920802,9207264.6941979],[239864.50237058933,9207272.6337309],[239866.5429005,9207277.163349977],[239868.19373074383,9207280.025709901],[239870.10200150002,9207282.515221396],[239872.26789159534,9207284.4061419],[239875.02998750002,9207286.560168987],[239878.04153450002,9207288.354226297],[239880.11038965077,9207289.8816819],[239881.24527295402,9207291.2505669],[239881.68604456412,9207293.1670059],[239881.6006355,9207293.483336255],[239880.0344700147,9207294.8096679],[239877.2202035,9207296.003540313],[239874.2086565,9207296.468334012],[239870.64955550001,9207296.567914171],[239869.00689350002,9207296.433638297],[239862.43624550002,9207296.730291264],[239859.15092150003,9207297.232731927],[239856.6869285,9207297.987371726],[239854.49671250003,9207299.25854415],[239853.46074925954,9207300.285207901],[239852.03525740965,9207303.570531901],[239851.6062217002,9207305.4869709],[239851.27820312502,9207306.0345249],[239851.10600248593,9207307.4034099],[239850.92149776802,9207315.6167199],[239851.28719780844,9207319.7233749],[239852.78974239755,9207325.7464689],[239853.51074945103,9207327.115353901],[239854.44044258897,9207329.8531239],[239858.6033675,9207337.280202515],[239860.17716470163,9207340.5304269],[239862.43624550002,9207345.965001749],[239863.5313535,9207348.052689131],[239867.36423150002,9207353.327523869],[239873.75995251373,9207361.0637019],[239875.83793775918,9207363.2539179],[239878.21912612923,9207364.8965799],[239881.05308150002,9207365.902177004],[239889.5401685,9207367.193638535],[239901.31257950002,9207370.501004426],[239903.7765725,9207371.35179327],[239905.01649956804,9207372.0147819],[239908.70455850003,9207375.13605785],[239912.66635607052,9207378.0378759],[239914.4538755,9207378.865051372],[239916.0965375,9207378.86292333],[239918.56053050002,9207378.373576647],[239923.21473950002,9207377.021666171],[239925.6787325,9207375.526063886],[239927.59517150003,9207373.2904603],[239929.29828997713,9207370.6458969],[239930.4848060475,9207368.1819039],[239932.02696196234,9207363.2539179],[239933.28115112783,9207360.789924901],[239934.744792267,9207358.5997089],[239937.26419428873,9207355.861938901],[239940.15147284712,9207353.3979459],[239942.4720543032,9207351.7552839],[239945.3906765,9207350.063089445],[239958.80574950002,9207343.747743912],[239969.48305250003,9207339.417325824],[239974.68481550002,9207338.46643711],[239978.2439165,9207338.421648923],[239986.1834495,9207337.509260295],[239988.66649608195,9207334.781109901],[239989.45023299137,9207332.3171169],[239989.52992384843,9207324.651360901],[239989.1152423165,9207319.1758209],[239989.32468422918,9207316.7118279],[239989.7503683203,9207315.0691659],[239990.8376585,9207313.258731311],[239992.2065435,9207311.72802737],[239995.80738031963,9207309.3198489],[239998.22963750002,9207308.373909635],[239999.9633219245,9207307.9509639],[240002.33629250003,9207307.885392325],[240008.0856095,9207309.13502571],[240010.27582550002,9207309.934286533],[240011.91848750002,9207310.894371253],[240017.3940275,9207314.917555584],[240023.6908985,9207318.009536311],[240025.60733750003,9207318.72421584],[240027.54376281233,9207320.2709289],[240028.60503323475,9207322.187367901],[240028.54866941317,9207324.1038069],[240026.81648725178,9207326.294022901],[240025.21302709932,9207327.3891309],[240022.32201350003,9207328.843283257],[240019.85802050002,9207330.955078108],[240018.21535850002,9207332.874923842],[240016.72186419807,9207336.1499949],[240016.7074847815,9207339.1615419],[240017.6491293977,9207341.8993119],[240019.45762984426,9207345.1846359],[240022.62860506773,9207352.0290609],[240026.99882238882,9207359.4210399],[240029.92088390075,9207362.7063639],[240031.13127276357,9207363.5276949],[240032.7255395,9207364.345730526],[240036.28464050003,9207365.500239288],[240038.61174500003,9207366.758513458]]}},{"type":"Feature","properties":{"fid":349,"ID":348,"ELEV":50.5},"geometry":{"type":"LineString","coordinates":[[239549.9852758304,9207064.2894339],[239549.50913450003,9207064.109614803],[239548.5827827189,9207064.2894339],[239550.57693918404,9207066.4796499],[239551.6993505,9207066.910753613],[239552.52068150003,9207066.909168873],[239552.6612702656,9207066.7534269],[239552.49836985572,9207066.2058729],[239549.9852758304,9207064.2894339]]}},{"type":"Feature","properties":{"fid":350,"ID":349,"ELEV":52.0},"geometry":{"type":"LineString","coordinates":[[239680.99267500456,9207063.878768401],[239679.95864754272,9207065.6583189],[239679.43776367416,9207067.300980901],[239679.19259691934,9207071.407635901],[239679.5532095,9207072.623417435],[239681.1958715,9207072.846876401],[239683.38608750002,9207072.691251855],[239686.41864900722,9207071.1338589],[239689.0193179417,9207069.0805314]]}},{"type":"Feature","properties":{"fid":351,"ID":350,"ELEV":57.0},"geometry":{"type":"LineString","coordinates":[[239262.8316653911,9207064.1525454],[239262.3170615,9207064.333147919],[239259.989957,9207064.006747419]]}},{"type":"Feature","properties":{"fid":352,"ID":351,"ELEV":50.0},"geometry":{"type":"LineString","coordinates":[[239638.99460638606,9207063.3312144],[239639.62643839707,9207064.2894339],[239644.88578951982,9207070.0387509],[239646.41912063348,9207072.228966901],[239647.038669247,9207073.5978519],[239647.1638770205,9207075.2405139],[239646.0145935178,9207079.3471689],[239646.6999695,9207083.602419363],[239651.1756655972,9207087.2867019],[239657.63916417846,9207090.5720259],[239660.6625965,9207091.762053186],[239666.68569050002,9207093.665236231],[239672.1612305,9207096.173790842],[239676.01519713405,9207099.3328899],[239677.67190845468,9207101.2493289],[239679.2794325,9207103.709216528],[239680.24623136283,9207104.8084299],[239681.3256604922,9207107.546199901],[239681.91016558858,9207110.2839699],[239682.3066055524,9207116.033286901],[239684.29704849393,9207124.7941509],[239684.7692250355,9207128.9008059],[239684.78863766458,9207131.3647989],[239685.34558532396,9207132.7336839],[239686.31914702308,9207136.2927849],[239687.5768538775,9207139.0305549],[239688.58785050001,9207140.40091314],[239689.68295850002,9207141.23922655],[239696.97009948033,9207145.0536489],[239698.99137650002,9207145.908354944],[239708.57357150002,9207148.574218323],[239721.4410905,9207153.00999497],[239733.39740879022,9207156.8260599],[239737.59393350003,9207158.689298421],[239743.0554785096,9207161.7540459],[239745.80724350002,9207163.036685271],[239748.73346958563,9207163.944261901],[239755.11566150002,9207165.252702627],[239757.19636670002,9207165.8607009],[239760.04364750002,9207167.224631138],[239767.9831805,9207172.267490203],[239770.72095050002,9207173.640750023],[239773.1849435,9207174.609399306],[239781.39825350003,9207177.353422951],[239795.90843450002,9207181.643325353],[239803.30041350002,9207184.617057117],[239811.7875005,9207187.66745773],[239818.90570250002,9207191.211333113],[239820.54836450002,9207191.321171653],[239822.3892719743,9207191.8695159],[239825.47635050002,9207193.944184592],[239833.4158835,9207197.54242703],[239837.84355057834,9207199.261494901],[239840.80786250002,9207201.873652223],[239844.6407405,9207204.8634938],[239848.47400464528,9207206.105919901],[239850.10210081475,9207208.2961359],[239850.12314781608,9207208.569912901],[239849.19370366607,9207209.1174669],[239846.2505997258,9207208.569912901],[239843.81940950002,9207207.436626824],[239842.17674750002,9207207.95157753],[239839.43897750002,9207207.843170762],[239835.0585455,9207209.054157728],[239832.05981887312,9207210.212574901],[239830.38371356006,9207211.855236901],[239830.02460554667,9207214.3192299],[239830.1827196162,9207215.9618919],[239831.90443079185,9207218.9734389],[239834.56904854678,9207221.984985901],[239837.52253850002,9207224.727422554],[239841.10497954296,9207227.4605259],[239845.18829450003,9207230.25115501],[239859.78186485523,9207242.5182609],[239864.29044052222,9207246.8986929],[239872.8397715,9207256.910879562],[239876.39887250002,9207259.96171288],[239880.430725041,9207262.5039819],[239887.8975065,9207267.891608171],[239890.08772250003,9207269.254922071],[239892.27793850002,9207270.927597335],[239898.75274597626,9207276.740385901],[239908.4307815,9207284.044361318],[239912.26365950002,9207287.307995278],[239914.89807123135,9207289.8816819],[239916.3703145,9207292.467559384],[239917.04572412153,9207294.5358909],[239917.37114950415,9207296.7261069],[239917.31145041113,9207298.642545901],[239916.51274593128,9207300.8327619],[239915.54898350002,9207302.505552469],[239914.18009850002,9207304.105877804],[239913.35876750003,9207304.673415659],[239909.52588950002,9207306.15860461],[239902.95524150002,9207307.324496817],[239899.94369450002,9207308.033030665],[239897.7534785,9207308.769710148],[239882.10919336346,9207316.9856049],[239880.5055275,9207317.971733706],[239877.83188776625,9207320.2709289],[239875.42958024135,9207323.830029901],[239874.19628350792,9207328.2104619],[239873.98564231876,9207331.2220089],[239874.0787927913,9207332.3171169],[239874.47616098114,9207334.781109901],[239875.66481008747,9207338.8877649],[239876.12509550003,9207339.872092001],[239878.84659451552,9207344.3633049],[239881.19654676595,9207346.8272979],[239884.06462850003,9207348.532181947],[239885.98106750002,9207349.37788834],[239895.01570850002,9207349.691005321],[239897.4797015,9207350.077853262],[239905.69301150003,9207353.471259853],[239908.1570045,9207354.002799014],[239911.1685515,9207354.326491876],[239913.90632150002,9207354.23503385],[239917.7391995,9207353.44529432],[239921.29830050003,9207351.784223845],[239933.0707115,9207344.169111567],[239937.17736650002,9207342.044542782],[239940.46269050002,9207341.024409506],[239946.75956150002,9207339.998577937],[239951.13999350002,9207338.902641328],[239958.2581955,9207335.932616709],[239960.17463450003,9207334.878737062],[239964.1876409252,9207331.4957859],[239973.16518749838,9207322.7349219],[239978.5176935,9207316.692622649],[239982.62434850002,9207311.215126393],[239985.9096725,9207307.648486221],[239988.37366550002,9207306.252067404],[239990.8376585,9207305.25090249],[239993.57542850001,9207304.774478659],[239998.22963750002,9207304.377584659],[240001.5149615,9207304.522145491],[240006.71672450003,9207305.489997465],[240010.27582550002,9207306.641925788],[240013.28737250002,9207308.081254737],[240018.7629125,9207311.414401706],[240024.7860065,9207314.392326923],[240027.52377650002,9207315.409114135],[240029.4402155,9207316.541633349],[240032.12828576294,9207318.6282669],[240034.07383601367,9207321.0922599],[240034.65962922745,9207323.2824759],[240034.4553224401,9207324.651360901],[240033.82064750002,9207326.032004446],[240031.82296810235,9207328.4842389],[240025.3335605,9207333.765213806],[240023.1967887075,9207336.6975489],[240022.46950738272,9207338.6139879],[240022.42668100406,9207340.5304269],[240022.79292260206,9207342.4468659],[240025.07291112008,9207349.017513901],[240028.32304457578,9207355.861938901],[240031.1298996729,9207360.5161479],[240032.9993165,9207362.399362205],[240036.55841750003,9207363.702376053],[240038.61174500003,9207364.782749858]]}},{"type":"Feature","properties":{"fid":353,"ID":352,"ELEV":53.0},"geometry":{"type":"LineString","coordinates":[[239771.13161600003,9207063.829551905],[239767.70940350002,9207063.427185928],[239764.69785650002,9207063.419570595],[239761.68630950002,9207063.78450882],[239758.22305066988,9207064.5632109],[239750.18767550003,9207067.482221657],[239749.23118811136,9207068.3960889],[239748.94266094913,9207069.764973901],[239747.4974069795,9207070.586304901],[239750.73522950002,9207071.278666569],[239769.07828850002,9207072.225188661],[239774.00627450002,9207072.970516054],[239778.11292950003,9207073.961915405],[239777.5653755,9207072.741676554],[239776.20241246506,9207071.6814129],[239776.05849399892,9207068.122311901],[239775.52421175037,9207066.342761401]]}},{"type":"Feature","properties":{"fid":354,"ID":353,"ELEV":54.5},"geometry":{"type":"LineString","coordinates":[[239351.43147500002,9207067.627832068],[239353.78780836123,9207065.6583189],[239356.77012650002,9207063.824971752],[239359.09723100002,9207062.745653057]]}},{"type":"Feature","properties":{"fid":355,"ID":354,"ELEV":52.0},"geometry":{"type":"LineString","coordinates":[[239426.17259600002,9207392.195669439],[239426.85703850002,9207392.53603291],[239427.43432769127,9207393.0956109],[239429.86858550002,9207396.739886967],[239432.30223909632,9207398.8449279],[239433.2853691597,9207401.0351439],[239433.9752405,9207401.974700965],[239434.94878208303,9207402.6778059],[239435.74930631887,9207403.772913901],[239436.75396695203,9207404.594244901],[239437.2605645,9207404.871584564],[239438.0818955,9207404.812513731],[239438.26199795774,9207404.594244901],[239436.14131847574,9207395.8333809],[239433.82503334896,9207382.9658619],[239429.28980791577,9207369.277011901],[239427.86509624842,9207364.0752489],[239427.37442580354,9207359.147262901],[239427.48526400168,9207357.2308239],[239428.32873066684,9207351.4815069],[239429.43495756094,9207346.2797439],[239432.3335331945,9207336.6975489],[239435.4409375735,9207324.3775839],[239436.77848193064,9207320.8184829],[239442.44630111122,9207308.2247409],[239446.5689825,9207297.417658813],[239450.75096198995,9207289.0603509],[239451.23424566176,9207287.1439119],[239452.1760401507,9207279.7519329],[239453.74587208638,9207270.9910689],[239454.27485794865,9207266.8844139],[239453.81688284132,9207253.195563901],[239454.32497458087,9207240.601821901],[239453.9404775634,9207226.6391949],[239454.6019217706,9207216.5094459],[239454.31716806287,9207213.4978989],[239453.13541205626,9207209.9387979],[239452.04452250001,9207208.251452357],[239447.6870808709,9207203.3681499],[239446.8731174635,9207200.904156901],[239447.01853111363,9207199.8090489],[239449.02713467678,9207195.154839901],[239449.90708172412,9207192.4170699],[239449.96150619548,9207191.0481849],[239449.4739260664,9207188.310414901],[239448.47356501577,9207186.3939759],[239446.1255984833,9207183.9299829],[239444.5307756261,9207182.8348749],[239439.7245575,9207180.557244224],[239436.9867875,9207178.858908672],[239436.1571014066,9207177.9068889],[239435.46719110987,9207175.4428959],[239435.5960625063,9207173.8002339],[239436.09313646605,9207172.1575719],[239439.05748388186,9207166.1344779],[239440.05189436727,9207163.6704849],[239440.3681609987,9207162.0278229],[239440.3351522566,9207160.1113839],[239439.567985978,9207155.1833979],[239439.49627789375,9207152.171850901],[239440.54298370425,9207143.1372099],[239440.9707813348,9207136.8403389],[239441.37107400608,9207134.3763459],[239441.97887208336,9207132.4599069],[239443.02785330452,9207130.269690901],[239446.35472617805,9207124.5203739],[239447.96754931367,9207120.139941901],[239450.08611607866,9207111.9266319],[239451.67135415983,9207101.5231059],[239452.94052924143,9207097.416450901],[239454.69377532043,9207093.0360189],[239455.26273762915,9207090.845802901],[239455.42180453485,9207088.9293639],[239455.2785577107,9207087.0129249],[239454.39221707522,9207085.3702629],[239453.9609615,9207084.858970754],[239452.04452250001,9207083.522748273],[239449.3067525,9207082.671669103],[239447.11653650002,9207082.226043025],[239436.9867875,9207080.878896499],[239432.0588015,9207080.414249284],[239427.9521465,9207079.711839864],[239420.83394450002,9207078.075281007],[239418.0961745,9207077.116631147],[239415.91106169575,9207075.7880679],[239414.11206866908,9207074.1454059],[239413.1681885,9207072.44154386],[239412.88796031833,9207070.0387509],[239415.61182265502,9207065.3845419],[239417.27484350002,9207063.361096608],[239418.40296114105,9207062.5098834]]}},{"type":"Feature","properties":{"fid":356,"ID":355,"ELEV":50.5},"geometry":{"type":"LineString","coordinates":[[239507.758142,9207065.652594715],[239508.99013850003,9207064.356825773],[239511.1503647933,9207062.6467719],[239514.32879000003,9207061.310948519]]}},{"type":"Feature","properties":{"fid":357,"ID":356,"ELEV":51.5},"geometry":{"type":"LineString","coordinates":[[239468.979035651,9207064.9738764],[239466.96877618085,9207068.6698659],[239464.6382645,9207071.95452052],[239462.1742715,9207073.592163505],[239459.16272450003,9207074.49963456],[239453.13963050002,9207074.92475776],[239450.6756375,9207074.71280317],[239449.65886284807,9207074.4191829],[239447.58903344115,9207073.050297901],[239447.08111444075,9207072.228966901],[239446.83882922796,9207071.407635901],[239447.46075509558,9207070.0387509],[239448.35826860453,9207068.943642901],[239451.77074550002,9207066.944007704],[239453.13963050002,9207066.478303688],[239455.6036235,9207065.158793377],[239456.42495450002,9207064.99777916],[239458.6151705,9207063.713212755],[239459.71027850002,9207063.337444546],[239461.37860709376,9207060.8672214]]}},{"type":"Feature","properties":{"fid":358,"ID":357,"ELEV":51.5},"geometry":{"type":"LineString","coordinates":[[239676.13099700003,9207060.563063566],[239674.8181279356,9207063.7418799],[239674.4454629662,9207066.4796499],[239674.79267441147,9207069.2174199],[239675.56797547368,9207071.6814129],[239675.78492334203,9207073.050297901],[239676.29444777477,9207073.5978519],[239676.2678855,9207073.908617964],[239678.45810150003,9207074.625359502],[239684.2074185,9207074.789787296],[239686.94518850002,9207074.140167434],[239691.09516579722,9207072.7765209],[239692.1469515,9207072.15904197],[239693.04039066978,9207071.2707474]]}},{"type":"Feature","properties":{"fid":359,"ID":358,"ELEV":52.0},"geometry":{"type":"LineString","coordinates":[[239701.2920971318,9207060.5934444],[239708.02601750003,9207062.074921042],[239710.21623350002,9207062.227785373],[239712.95400350002,9207062.147575382],[239716.92377000002,9207062.921619896]]}},{"type":"Feature","properties":{"fid":360,"ID":359,"ELEV":48.5},"geometry":{"type":"LineString","coordinates":[[239628.62501603673,9207066.342761401],[239629.51179607882,9207068.3960889],[239629.47207758907,9207070.8600819],[239629.03472223307,9207071.6814129],[239628.14923450316,9207072.7765209],[239626.46916017856,9207073.871628901],[239622.60759350003,9207075.505579341],[239618.50093850002,9207076.526597265],[239615.4893915,9207077.016443618],[239608.0974125,9207077.389310952],[239602.0743185,9207077.937597431],[239599.33654850002,9207077.822711455],[239597.1463325,9207077.437710706],[239595.31949191345,9207076.3356219],[239594.7504969935,9207075.2405139],[239594.7877940038,9207074.9667369],[239595.9539882039,9207072.228966901],[239597.8258597272,9207069.764973901],[239599.88410250001,9207067.701693224],[239603.5413717437,9207062.920548901],[239605.0858655,9207061.740347605],[239608.0974125,9207060.499113744],[239613.0253985,9207059.395253623],[239616.47660907274,9207059.4983364]]}},{"type":"Feature","properties":{"fid":361,"ID":360,"ELEV":51.0},"geometry":{"type":"LineString","coordinates":[[239645.92709051978,9207063.057437401],[239649.78541360612,9207065.6583189],[239652.8537919124,9207068.3960889],[239656.85786208668,9207073.871628901],[239659.01993450001,9207076.366999667],[239659.2937115,9207076.18116007],[239659.62125731623,9207074.692959901],[239659.59341210924,9207073.871628901],[239659.029188442,9207072.7765209],[239657.91345456903,9207071.9551899],[239657.6510495,9207071.560432937],[239656.94488194396,9207066.7534269],[239656.73709114132,9207063.7418799],[239656.12082300265,9207061.8254409],[239655.18705650003,9207060.258314963],[239653.73585848085,9207059.0876709],[239652.72306350002,9207058.7544508],[239651.6279555,9207058.678205336],[239649.43773950002,9207059.164655568],[239647.11063500002,9207060.591856884]]}},{"type":"Feature","properties":{"fid":362,"ID":361,"ELEV":49.0},"geometry":{"type":"LineString","coordinates":[[239633.6687164519,9207067.164092401],[239634.9629202499,9207069.2174199],[239635.70096484528,9207071.1338589],[239635.53559700784,9207072.5027439],[239634.67173508115,9207073.5978519],[239632.7373425,9207075.131741583],[239630.2264535799,9207076.3356219],[239624.52403250002,9207078.484175485],[239620.6911545,9207079.707218662],[239611.93029050002,9207081.884348199],[239601.8005415,9207083.934235392],[239595.2298935,9207083.92877285],[239590.8494615,9207083.361705234],[239586.59614025,9207081.537384901],[239586.50251654358,9207080.1684999],[239587.20416201025,9207078.7996149],[239587.00683797727,9207077.7045069],[239588.1946633591,9207076.0618449],[239588.5221971458,9207074.9667369],[239590.3354383673,9207072.7765209],[239595.5564943545,9207067.300980901],[239601.40717544605,9207059.635224901],[239602.9198494837,9207058.1294514]]}},{"type":"Feature","properties":{"fid":363,"ID":362,"ELEV":52.5},"geometry":{"type":"LineString","coordinates":[[239702.91290212577,9207057.3081204],[239707.20468650002,9207058.383571537],[239709.53179100002,9207058.663802546]]}},{"type":"Feature","properties":{"fid":364,"ID":363,"ELEV":51.0},"geometry":{"type":"LineString","coordinates":[[239670.65545700002,9207056.665626684],[239669.80976420332,9207058.813893901],[239669.0974984104,9207062.099217901],[239668.8462555614,9207065.3845419],[239668.8573894419,9207070.586304901],[239668.50134159907,9207073.3240749],[239668.67611534882,9207074.9667369],[239668.05457550002,9207076.669450805],[239667.59306019853,9207076.8831759],[239667.78079850003,9207077.098646834],[239668.8759065,9207076.952006709],[239669.9710145,9207076.102104498],[239672.70878450002,9207075.889619134],[239674.07766950002,9207076.714536933],[239685.5763035,9207078.269140908],[239686.94518850002,9207078.251463948],[239688.7840849207,9207078.5258379],[239694.40463745463,9207080.716053901],[239697.89626850002,9207082.969171923],[239700.75629253866,9207085.644039901],[239703.91936250002,9207088.026455043],[239711.31134150003,9207092.146889905],[239715.42419115914,9207094.6786809],[239724.17886050002,9207102.531150717],[239733.7610555,9207110.421023924],[239736.22504850003,9207112.745435728],[239739.4645002899,9207116.3070639],[239741.8623290222,9207120.139941901],[239743.15878997569,9207122.8777119],[239744.3587867233,9207126.4368129],[239746.1958302097,9207129.9959139],[239747.83827697352,9207132.4599069],[239751.3285560392,9207136.0190079],[239754.5681075,9207138.097396882],[239758.12720850002,9207139.973524699],[239760.5912015,9207140.817803472],[239764.69785650002,9207141.698795486],[239767.16184950003,9207141.95698837],[239770.1733965,9207141.951749703],[239773.46182655997,9207142.3158789],[239783.04091550002,9207144.569818085],[239784.83382097562,9207144.7798719],[239787.42134750003,9207145.672931569],[239791.26039913576,9207148.065195901],[239793.2516801429,9207149.707857901],[239798.57897236777,9207154.9096209],[239803.30041350002,9207158.670741824],[239808.22839950002,9207161.423002593],[239813.1563855,9207163.353009975],[239816.98926350003,9207164.514411699],[239832.0469985,9207168.136807725],[239838.3438695,9207169.291370593],[239845.46207150002,9207170.236720378],[239851.21138850003,9207170.660860706],[239854.49671250003,9207170.698508264],[239857.78203650002,9207170.454005707],[239863.5313535,9207169.346984824],[239867.09045450002,9207168.097833551],[239869.82822450003,9207166.83449111],[239872.2922175,9207165.449550325],[239875.5775415,9207162.980243795],[239879.13664250003,9207159.33385722],[239889.5401685,9207146.91352517],[239891.31927813528,9207144.5060949],[239893.52436571047,9207142.3158789],[239895.01570850002,9207141.317687158],[239898.30103250002,9207139.993949769],[239899.94369450002,9207139.036699072],[239904.05034950003,9207137.12386058],[239905.55612300002,9207136.611097349]]}},{"type":"Feature","properties":{"fid":365,"ID":364,"ELEV":50.0},"geometry":{"type":"LineString","coordinates":[[239538.85763857584,9207067.164092401],[239541.56960150003,9207067.574222432],[239546.49758750002,9207069.420500465],[239549.78291150002,9207070.21008063],[239551.9731275,9207070.504064338],[239555.5322285,9207070.574784493],[239559.9126605,9207070.016655285],[239561.77890186736,9207068.6698659],[239559.6316166918,9207067.0272039],[239558.8673876923,9207064.2894339],[239557.39575261765,9207062.3729949],[239553.55093952906,9207059.635224901],[239550.6042425,9207056.927926457],[239549.08567266734,9207056.0761239],[239547.72958400002,9207055.589409234]]}},{"type":"Feature","properties":{"fid":366,"ID":365,"ELEV":49.0},"geometry":{"type":"LineString","coordinates":[[239605.496531,9207056.600055462],[239608.36610273426,9207055.2547929],[239608.36610273426,9207055.1179044]]}},{"type":"Feature","properties":{"fid":367,"ID":366,"ELEV":52.5},"geometry":{"type":"LineString","coordinates":[[239756.07388100002,9207054.54789873],[239743.20636200003,9207055.277303707]]}},{"type":"Feature","properties":{"fid":368,"ID":367,"ELEV":50.5},"geometry":{"type":"LineString","coordinates":[[239662.0288140161,9207050.7374724],[239660.9363735,9207051.796534184],[239659.2937115,9207052.538259963],[239654.09194850002,9207053.107529104],[239650.12218200002,9207054.012367817]]}},{"type":"Feature","properties":{"fid":369,"ID":368,"ELEV":49.5},"geometry":{"type":"LineString","coordinates":[[239456.82406117287,9207449.3567844],[239457.62276084037,9207444.0181329],[239458.41837265648,9207435.8048229],[239458.04956526923,9207430.6030599],[239458.1814688958,9207427.8652899],[239458.6872613699,9207425.4012969],[239461.78912317436,9207416.0928789],[239462.88811115688,9207410.6173389],[239463.03491175215,9207408.4271229],[239462.6943530675,9207395.285826901],[239461.35918054936,9207386.5249629],[239460.9038381814,9207381.049422901],[239460.05736091215,9207375.5738829],[239457.57963480236,9207365.4441339],[239456.79581651097,9207361.3374789],[239456.0941260413,9207356.1357159],[239455.51103208415,9207349.5650679],[239455.05701239742,9207341.3517579],[239455.09329865559,9207338.8877649],[239455.31304419137,9207336.6975489],[239456.12169470554,9207332.8646709],[239457.2582022359,9207329.3055699],[239459.64995532896,9207324.3775839],[239465.19116355773,9207316.4380509],[239467.55501217706,9207312.6051729],[239472.07507938828,9207303.0229779],[239475.96919146093,9207296.1785529],[239478.32711450002,9207292.681132613],[239480.06394486307,9207290.7030129],[239482.43727676367,9207288.512796901],[239486.5404245,9207285.243303737],[239490.64707950002,9207282.530930076],[239495.8488425,9207279.612215329],[239500.5030515,9207278.173319934],[239509.26391550002,9207277.023348335],[239512.8230165,9207276.189014146],[239515.03840034083,9207275.3715009],[239517.18043900823,9207274.2763929],[239520.13694570033,9207272.3599539],[239522.4052115,9207270.508195674],[239524.0478735,9207268.75506002],[239525.7731908452,9207265.789305901],[239526.94111167666,9207262.7777589],[239527.88075150002,9207259.397558613],[239528.982023066,9207254.016894901],[239529.33182157477,9207250.4577939],[239529.3693618063,9207245.2560309],[239527.91162781295,9207234.0311739],[239526.8511356421,9207215.9618919],[239525.86365335016,9207208.569912901],[239524.62996973624,9207201.4517109],[239523.3561800843,9207197.3450559],[239522.0814645792,9207194.6072859],[239520.21499550002,9207191.78779936],[239516.04238345695,9207186.9415299],[239515.14283273858,9207185.025090901],[239515.07656770977,9207183.6562059],[239515.75843761288,9207181.7397669],[239520.4548277018,9207173.8002339],[239520.90567344893,9207171.3362409],[239520.6685757014,9207170.5149099],[239519.6674415,9207168.378490848],[239517.20344850002,9207166.513019316],[239515.0132325,9207165.651929775],[239509.53769250002,9207164.819145475],[239506.7999225,9207163.875745906],[239496.94395050002,9207159.937030306],[239492.8372955,9207158.06426175],[239490.64707950002,9207156.654697271],[239489.35081840717,9207155.4571749],[239488.60264475658,9207154.3620669],[239488.42197501013,9207153.5407359],[239488.3661469632,9207150.8029659],[239488.71909636856,9207142.3158789],[239489.41751998855,9207139.3043319],[239490.35698090593,9207137.3878929],[239492.19671797554,9207135.1976769],[239494.2061805,9207133.443140557],[239503.5145985,9207127.852725124],[239506.90276135533,9207125.341704901],[239508.07694563296,9207124.2465969],[239509.6985277549,9207121.5088269],[239511.48877474706,9207115.211955901],[239513.0967935,9207111.916879814],[239515.08921092327,9207109.188861901],[239517.14029260507,9207106.9986459],[239521.76014460958,9207102.8919909],[239523.22654250002,9207100.93735427],[239524.31906626403,9207099.8804439],[239525.06322654767,9207097.9640049],[239524.57135339925,9207096.0475659],[239523.22654250002,9207094.827489017],[239518.57233350002,9207093.085725807],[239515.83456350002,9207092.520723538],[239511.4541315,9207091.254361497],[239509.3577343165,9207090.0244719],[239508.0179296751,9207088.6555869],[239507.67578276547,9207087.5604789],[239507.8173277593,9207086.1915939],[239509.53769250002,9207082.831476592],[239510.63280050003,9207081.511390205],[239514.0138964486,9207078.5258379],[239515.83456350002,9207077.506706007],[239519.3936645,9207076.341690382],[239522.95276550003,9207075.823407989],[239538.83183150002,9207074.677411137],[239545.6762565,9207075.283832029],[239556.9011135,9207075.654526308],[239566.75708550002,9207074.588757172],[239575.5179495,9207074.248301955],[239579.8983815,9207073.591857085],[239583.4574825,9207072.409241207],[239586.74280650003,9207070.854823189],[239591.1232385,9207067.744096877],[239592.4861009079,9207066.4796499],[239595.7774475,9207061.731236724],[239597.10187338467,9207058.813893901],[239596.8725555,9207058.595040957],[239596.32500150002,9207058.570947206],[239595.7774475,9207058.95441427],[239595.2298935,9207059.056372484],[239593.58723150002,9207058.674035098],[239589.12215347102,9207056.6236779],[239584.5525905,9207055.682257596],[239581.5410435,9207054.393494455],[239576.06550350002,9207050.880754044],[239567.86597807624,9207046.220151901],[239563.81330889664,9207043.4823819],[239559.79098183336,9207039.9232809],[239556.49044800003,9207035.637274029]]}}]}